Workbook

Sheet Dashboard
A1: GHEE PRODUCTION & AVERAGE DASHBOARD
BA2: Date | BB2: Shift | BC2: Nira Bhima | BD2: Bhodani + Alephata + Jalgaon | BE2: Gagargaon | BF2: Indapur / Madha | BG2: Kalewadi | BH2: Total Milk | BI2: FAT | BJ2: SNF | BK2: Consumed Milk | BL2: Waste | BM2: Butter / Culture | BN2: Milk for Ghee Process | BO2: Ghee Produced | BP2: Ghee Average | BR2: Date | BS2: Shift | BT2: Nira Bhima | BU2: Bhodani + Alephata + Jalgaon | BV2: Gagargaon | BW2: Indapur / Madha | BX2: Kalewadi | BY2: Total Milk | BZ2: FAT | CA2: SNF | CB2: Consumed Milk | CC2: Waste | CD2: Butter / Culture | CE2: Milk for Ghee Process | CF2: Ghee Produced | CG2: Ghee Average | EI2: Date | EJ2: Daily Milk | EL2: Date | EM2: M Milk | EN2: E Milk | EP2: Date | EQ2: Ghee Produced | ES2: Date | ET2: Ghee Average | EV2: Date | EW2: Milk for Ghee | EX2: Ghee Produced | EZ2: Location | FA2: Milk | FC2: Shift | FD2: Ghee Produced | FF2: Month | FG2: Total Milk | FI2: Month | FJ2: Ghee Produced | FL2: Month | FM2: Avg Ghee Average
BA3: {=_xlfn.LET(_xlpm.lr,MAX(_xlfn.XMATCH(TRUE,'Ghee Avarage'!A:A<>"",0,-1),_xlfn.XMATCH(TRUE,'Ghee Avarage'!B:B<>"",0,-1),_xlfn.XMATCH(TRUE,'Ghee Avarage'!P:P<>"",0,-1)),_xlpm.src,'Ghee Avarage'!A3:INDEX('Ghee Avarage'!Q:Q,_xlpm.lr),_xlpm.rd,_xlfn.CHOOSECOLS(_xlpm.src,1),_xlpm.sh,UPPER(TRIM(_xlfn.CHOOSECOLS(_xlpm.src,2)&"")),_xlpm.dt,_xlfn.SCAN("",_xlpm.rd,_xlfn.LAMBDA(_xlpm.a,_xlpm.x,IF(ISNUMBER(_xlpm.x),_xlpm.x,_xlpm.a))),_xlpm.core,_xlfn.CHOOSECOLS(_xlpm.src,3,4,5,6,7,8,9,10,12,13,14,15,16,17),_xlpm.cl,IF(ISBLANK(_xlpm.core),"",IFERROR(_xlpm.core,"")),_xlpm.ok,IFERROR(ISNUMBER(_xlpm.dt)*(_xlpm.dt>30000)*ISNUMBER(_xlfn.XMATCH(_xlpm.sh,{"M","E"}))*_xlfn.BYROW(_xlpm.cl,_xlfn.LAMBDA(_xlpm.r,SUM(--ISNUMBER(_xlpm.r)*--IFERROR(_xlpm.r<>0,FALSE))>0)),FALSE),_xlfn._xlws.FILTER(_xlfn.HSTACK(_xlpm.dt,_xlpm.sh,_xlpm.cl),_xlpm.ok))} -> 46023 | BB3: M | BC3: 232.6 | BD3: 1446.1 | BE3: 424.2 | BF3: 2307.3 | BH3: 4410.2 | BK3: 15 | BN3: 14084.7 | BO3: 573.56 | BP3: 24.556629 | BR3: {=_xlfn.LET(_xlpm.x,_xlfn.ANCHORARRAY($BA$3),_xlpm.dt,_xlfn.CHOOSECOLS(_xlpm.x,1),_xlpm.sh,_xlfn.CHOOSECOLS(_xlpm.x,2),_xlpm.keep,(_xlpm.dt>=$A$5)*(_xlpm.dt<=$C$5)*IF($E$5="All",1,YEAR(_xlpm.dt)=--$E$5)*IF($G$5="All",1,TEXT(_xlpm.dt,"mmm")=$G$5)*IF($I$5="All",1,WEEKNUM(_xlpm.dt,2)=--$I$5)*IF($K$5="All",1,_xlpm.sh=$K$5),_xlfn._xlws.FILTER(_xlpm.x,_xlpm.keep,_xlfn.EXPAND("",1,16,"")))} -> 46023 | BS3: M | BT3: 232.6 | BU3: 1446.1 | BV3: 424.2 | BW3: 2307.3 | BY3: 4410.2 | CB3: 15 | CE3: 14084.7 | CF3: 573.56 | CG3: 24.556629 | EI3: {=_xlfn.CHOOSECOLS(_xlfn.ANCHORARRAY($R$61),1,2)} -> 46023 | EJ3: 9426.2 | EL3: {=_xlfn.LET(_xlpm.v,_xlfn.ANCHORARRAY($BR$3),_xlpm.dt,_xlfn.CHOOSECOLS(_xlpm.v,1),_xlpm.sh,_xlfn.CHOOSECOLS(_xlpm.v,2),_xlpm.m,_xlfn.CHOOSECOLS(_xlpm.v,8),_xlpm.u,_xlfn._xlws.SORT(_xlfn.UNIQUE(_xlfn._xlws.FILTER(_xlpm.dt,_xlpm.dt>0))),_xlfn.HSTACK(_xlpm.u,_xlfn.MAP(_xlpm.u,_xlfn.LAMBDA(_xlpm.x,SUM(_xlfn._xlws.FILTER(_xlpm.m,(_xlpm.dt=_xlpm.x)*(_xlpm.sh="M"),0)))),_xlfn.MAP(_xlpm.u,_xlfn.LAMBDA(_xlpm.x,SUM(_xlfn._xlws.FILTER(_xlpm.m,(_xlpm.dt=_xlpm.x)*(_xlpm.sh="E"),0))))))} -> 46023 | EM3: 4410.2 | EN3: 5016 | EP3: {=_xlfn.CHOOSECOLS(_xlfn.ANCHORARRAY($R$61),1,4)} -> 46023 | EQ3: 573.56 | ES3: {=_xlfn.CHOOSECOLS(_xlfn.ANCHORARRAY($R$61),1,5)} -> 46023 | ET3: 24.556629 | EV3: {=_xlfn.CHOOSECOLS(_xlfn.ANCHORARRAY($R$61),1,3,4)} -> 46023 | EW3: 14084.7 | EX3: 573.56 | EZ3: Nira Bhima | FA3: =$E$10 -> 145525.7 | FC3: M | FD3: =$I$26 -> 19156.95 | FF3: {=_xlfn.CHOOSECOLS(_xlfn.ANCHORARRAY($AI$61),1,2)} -> 46023 | FG3: 309600.2 | FI3: {=_xlfn.CHOOSECOLS(_xlfn.ANCHORARRAY($AI$61),1,4)} -> 46023 | FJ3: 12732.84 | FL3: {=_xlfn.CHOOSECOLS(_xlfn.ANCHORARRAY($AI$61),1,5)} -> 46023 | FM3: 24.635239
A4: Start Date | C4: End Date | E4: Year | G4: Month | I4: Week | K4: Shift | M4: Location View | O4: Source Through | BA4: 46023 | BB4: E | BC4: 196 | BD4: 1915.6 | BE4: 361.6 | BF4: 2542.8 | BH4: 5016 | BR4: 46023 | BS4: E | BT4: 196 | BU4: 1915.6 | BV4: 361.6 | BW4: 2542.8 | BY4: 5016 | EI4: 46024 | EJ4: 9217.6 | EL4: 46024 | EM4: 4673.5 | EN4: 4544.1 | EP4: 46024 | EQ4: 376.88 | ES4: 46024 | ET4: 24.510985 | EV4: 46024 | EW4: 9237.7 | EX4: 376.88 | EZ4: Bhodani + Alephata + Jalgaon | FA4: =$I$10 -> 1443550.6 | FC4: E | FD4: =$M$26 -> 82866.25 | FF4: 46054 | FG4: 261219 | FI4: 46054 | FJ4: 10161.63 | FL4: 46054 | FM4: 25.261879
A5: =MIN(_xlfn.TAKE(_xlfn.ANCHORARRAY($BA$3),,1)) -> 46023 | C5: =MAX(_xlfn.TAKE(_xlfn.ANCHORARRAY($BA$3),,1)) -> 46308 | E5: 2026 | G5: All | I5: All | K5: All | M5: All | O5: =MAX(_xlfn.TAKE(_xlfn.ANCHORARRAY($BA$3),,1)) -> 46308 | BA5: 46024 | BB5: M | BC5: 232.1 | BD5: 1679.7 | BE5: 434.4 | BF5: 2327.3 | BH5: 4673.5 | BR5: 46024 | BS5: M | BT5: 232.1 | BU5: 1679.7 | BV5: 434.4 | BW5: 2327.3 | BY5: 4673.5 | EI5: 46025 | EJ5: 9542.3 | EL5: 46025 | EM5: 4708.6 | EN5: 4833.7 | EP5: 46025 | EQ5: 380.93 | ES5: 46025 | ET5: 24.602945 | EV5: 46025 | EW5: 9372 | EX5: 380.93 | EZ5: Gagargaon | FA5: =$M$10 -> 240764.61 | FF5: 46082 | FG5: 211282.2 | FI5: 46082 | FJ5: 8123.76 | FL5: 46082 | FM5: 26.01557
BA6: 46024 | BB6: E | BC6: 204.4 | BD6: 1516.6 | BE6: 342.8 | BF6: 2480.3 | BH6: 4544.1 | BK6: 15 | BN6: 9237.7 | BO6: 376.88 | BP6: 24.510985 | BR6: 46024 | BS6: E | BT6: 204.4 | BU6: 1516.6 | BV6: 342.8 | BW6: 2480.3 | BY6: 4544.1 | CB6: 15 | CE6: 9237.7 | CF6: 376.88 | CG6: 24.510985 | EI6: 46026 | EJ6: 9316.9 | EL6: 46026 | EM6: 4553.3 | EN6: 4763.6 | EP6: 46026 | EQ6: 389.3 | ES6: 46026 | ET6: 24.700488 | EV6: 46026 | EW6: 9615.9 | EX6: 389.3 | EZ6: Indapur / Madha | FA6: =$A$14 -> 728807.22 | FF6: 46113 | FG6: 309089.9 | FI6: 46113 | FJ6: 11952.95 | FL6: 46113 | FM6: 25.749331
BA7: 46025 | BB7: M | BC7: 223 | BD7: 1765.4 | BE7: 434.4 | BF7: 2285.8 | BH7: 4708.6 | BR7: 46025 | BS7: M | BT7: 223 | BU7: 1765.4 | BV7: 434.4 | BW7: 2285.8 | BY7: 4708.6 | EI7: 46027 | EJ7: 9544.4 | EL7: 46027 | EM7: 4867.3 | EN7: 4677.1 | EP7: 46027 | EQ7: 387.93 | ES7: 46027 | ET7: 24.627123 | EV7: 46027 | EW7: 9553.6 | EX7: 387.93 | EZ7: Kalewadi | FA7: =$E$14 -> 2444.7 | FF7: 46143 | FG7: 282429.22 | FI7: 46143 | FJ7: 11175.73 | FL7: 46143 | FM7: 25.699136
BA8: 46025 | BB8: E | BC8: 203.6 | BD8: 1641.7 | BE8: 361.5 | BF8: 2626.9 | BH8: 4833.7 | BK8: 15 | BN8: 9372 | BO8: 380.93 | BP8: 24.602945 | BR8: 46025 | BS8: E | BT8: 203.6 | BU8: 1641.7 | BV8: 361.5 | BW8: 2626.9 | BY8: 4833.7 | CB8: 15 | CE8: 9372 | CF8: 380.93 | CG8: 24.602945 | EI8: 46028 | EJ8: 9623.9 | EL8: 46028 | EM8: 4891.5 | EN8: 4732.4 | EP8: 46028 | EQ8: 616.75 | ES8: 46028 | ET8: 24.505067 | EV8: 46028 | EW8: 15113.5 | EX8: 616.75 | FF8: 46174 | FG8: 252306.61 | FI8: 46174 | FJ8: 9798.86 | FL8: 46174 | FM8: 25.727898
A9: Total Milk Collected | E9: Nira Bhima Total | I9: Bhodani + Alephata + Jalgaon | M9: Gagargaon Total | BA9: 46026 | BB9: M | BC9: 211 | BD9: 1682.9 | BE9: 432.5 | BF9: 2226.9 | BH9: 4553.3 | BR9: 46026 | BS9: M | BT9: 211 | BU9: 1682.9 | BV9: 432.5 | BW9: 2226.9 | BY9: 4553.3 | EI9: 46029 | EJ9: 15199.3 | EL9: 46029 | EM9: 10396.1 | EN9: 4803.2 | EP9: 46029 | EQ9: 395.94 | ES9: 46029 | ET9: 24.511037 | EV9: 46029 | EW9: 9704.9 | EX9: 395.94 | FF9: 46204 | FG9: 251546.7 | FI9: 46204 | FJ9: 10334.87 | FL9: 46204 | FM9: 24.167149
A10: =SUM(_xlfn.CHOOSECOLS(_xlfn.ANCHORARRAY($BR$3),8)) -> 2554374.1 | E10: =SUM(_xlfn.CHOOSECOLS(_xlfn.ANCHORARRAY($BR$3),3)) -> 145525.7 | I10: =SUM(_xlfn.CHOOSECOLS(_xlfn.ANCHORARRAY($BR$3),4)) -> 1443550.6 | M10: =SUM(_xlfn.CHOOSECOLS(_xlfn.ANCHORARRAY($BR$3),5)) -> 240764.61 | BA10: 46026 | BB10: E | BC10: 208.1 | BD10: 1644.3 | BE10: 349 | BF10: 2562.2 | BH10: 4763.6 | BK10: 15 | BN10: 9615.9 | BO10: 389.3 | BP10: 24.700488 | BR10: 46026 | BS10: E | BT10: 208.1 | BU10: 1644.3 | BV10: 349 | BW10: 2562.2 | BY10: 4763.6 | CB10: 15 | CE10: 9615.9 | CF10: 389.3 | CG10: 24.700488 | EI10: 46030 | EJ10: 9581.2 | EL10: 46030 | EM10: 4916.7 | EN10: 4664.5 | EP10: 46030 | EQ10: 396.2 | ES10: 46030 | ET10: 24.385916 | EV10: 46030 | EW10: 9661.7 | EX10: 396.2 | FF10: 46235 | FG10: 283470.3 | FI10: 46235 | FJ10: 12180.26 | FL10: 46235 | FM10: 23.143155
BA11: 46027 | BB11: M | BC11: 219.8 | BD11: 1766 | BE11: 441.3 | BF11: 2440.2 | BH11: 4867.3 | BR11: 46027 | BS11: M | BT11: 219.8 | BU11: 1766 | BV11: 441.3 | BW11: 2440.2 | BY11: 4867.3 | EI11: 46031 | EJ11: 9895.2 | EL11: 46031 | EM11: 5012.2 | EN11: 4883 | EP11: 46031 | EQ11: 392.19 | ES11: 46031 | ET11: 24.73648 | EV11: 46031 | EW11: 9701.4 | EX11: 392.19 | FF11: 46266 | FG11: 263972.1 | FI11: 46266 | FJ11: 11773.44 | FL11: 46266 | FM11: 23.133762
A12: litres | E12: litres | I12: litres | M12: litres | BA12: 46027 | BB12: E | BC12: 228.3 | BD12: 1518.5 | BE12: 373.3 | BF12: 2557 | BH12: 4677.1 | BK12: 15 | BN12: 9553.6 | BO12: 387.93 | BP12: 24.627123 | BR12: 46027 | BS12: E | BT12: 228.3 | BU12: 1518.5 | BV12: 373.3 | BW12: 2557 | BY12: 4677.1 | CB12: 15 | CE12: 9553.6 | CF12: 387.93 | CG12: 24.627123 | EI12: 46032 | EJ12: 9615.3 | EL12: 46032 | EM12: 4833.4 | EN12: 4781.9 | EP12: 46032 | EQ12: 401.4 | ES12: 46032 | ET12: 24.500498 | EV12: 46032 | EW12: 9834.5 | EX12: 401.4 | FF12: 46296 | FG12: 129457.9 | FI12: 46296 | FJ12: 3788.86 | FL12: 46296 | FM12: 22.751132
A13: Indapur / Madha Total | E13: Kalewadi Total | I13: Average Daily Milk | M13: Highest Daily Milk | BA13: 46028 | BB13: M | BC13: 238.3 | BD13: 1724.6 | BE13: 468 | BF13: 2460.6 | BH13: 4891.5 | BR13: 46028 | BS13: M | BT13: 238.3 | BU13: 1724.6 | BV13: 468 | BW13: 2460.6 | BY13: 4891.5 | EI13: 46033 | EJ13: 9962.4 | EL13: 46033 | EM13: 9962.4 | EN13: 0 | EP13: 46033 | EQ13: 404.67 | ES13: 46033 | ET13: 24.600539 | EV13: 46033 | EW13: 9955.1 | EX13: 404.67
A14: =SUM(_xlfn.CHOOSECOLS(_xlfn.ANCHORARRAY($BR$3),6)) -> 728807.22 | E14: =SUM(_xlfn.CHOOSECOLS(_xlfn.ANCHORARRAY($BR$3),7)) -> 2444.7 | I14: =IFERROR(AVERAGE(_xlfn.CHOOSECOLS(_xlfn.ANCHORARRAY($R$61),2)),0) -> 8931.3781 | M14: =IFERROR(MAX(_xlfn.CHOOSECOLS(_xlfn.ANCHORARRAY($R$61),2)),0) -> 19638.8 | BA14: 46028 | BB14: E | BC14: 215.1 | BD14: 1629.9 | BE14: 359.2 | BF14: 2528.2 | BH14: 4732.4 | BK14: 15 | BN14: 15113.5 | BO14: 616.75 | BP14: 24.505067 | BR14: 46028 | BS14: E | BT14: 215.1 | BU14: 1629.9 | BV14: 359.2 | BW14: 2528.2 | BY14: 4732.4 | CB14: 15 | CE14: 15113.5 | CF14: 616.75 | CG14: 24.505067 | EI14: 46034 | EJ14: 9915 | EL14: 46034 | EM14: 4839.7 | EN14: 5075.3 | EP14: 46034 | EQ14: 397 | ES14: 46034 | ET14: 24.603778 | EV14: 46034 | EW14: 9767.7 | EX14: 397
BA15: 46029 | BB15: M | BC15: 233.2 | BD15: 7532.4 | BE15: 459.7 | BF15: 2170.8 | BH15: 10396.1 | BR15: 46029 | BS15: M | BT15: 233.2 | BU15: 7532.4 | BV15: 459.7 | BW15: 2170.8 | BY15: 10396.1 | EI15: 46035 | EJ15: 9966.1 | EL15: 46035 | EM15: 4898.1 | EN15: 5068 | EP15: 46035 | EQ15: 401.4 | ES15: 46035 | ET15: 24.701794 | EV15: 46035 | EW15: 9915.3 | EX15: 401.4
A16: litres | E16: litres | I16: litres / day | M16: litres / day | BA16: 46029 | BB16: E | BC16: 222.2 | BD16: 1746.2 | BE16: 377.3 | BF16: 2457.5 | BH16: 4803.2 | BK16: 15 | BN16: 9704.9 | BO16: 395.94 | BP16: 24.511037 | BR16: 46029 | BS16: E | BT16: 222.2 | BU16: 1746.2 | BV16: 377.3 | BW16: 2457.5 | BY16: 4803.2 | CB16: 15 | CE16: 9704.9 | CF16: 395.94 | CG16: 24.511037 | EI16: 46036 | EJ16: 10070.9 | EL16: 46036 | EM16: 5038.7 | EN16: 5032.2 | EP16: 46036 | EQ16: 404.48 | ES16: 46036 | ET16: 24.700109 | EV16: 46036 | EW16: 9990.7 | EX16: 404.48
A17: Consumed Milk | E17: Waste | I17: Milk for Ghee Process | M17: Process / Collected Ratio | BA17: 46030 | BB17: M | BC17: 239.8 | BD17: 1761.4 | BE17: 480.4 | BF17: 2435.1 | BH17: 4916.7 | BR17: 46030 | BS17: M | BT17: 239.8 | BU17: 1761.4 | BV17: 480.4 | BW17: 2435.1 | BY17: 4916.7 | EI17: 46037 | EJ17: 10049.6 | EL17: 46037 | EM17: 5082.6 | EN17: 4967 | EP17: 46037 | EQ17: 403.41 | ES17: 46037 | ET17: 24.60053 | EV17: 46037 | EW17: 9924.1 | EX17: 403.41
A18: =SUM(_xlfn.CHOOSECOLS(_xlfn.ANCHORARRAY($BR$3),11)) -> 9883.6 | E18: {=_xlfn.LET(_xlpm.w,_xlfn.CHOOSECOLS(_xlfn.ANCHORARRAY($BR$3),12),IF(COUNT(_xlpm.w)=0,"No valid data",SUM(_xlpm.w)))} -> No valid data | I18: =SUM(_xlfn.CHOOSECOLS(_xlfn.ANCHORARRAY($BR$3),14)) -> 2541271 | M18: =IFERROR(SUM(_xlfn.CHOOSECOLS(_xlfn.ANCHORARRAY($BR$3),14))/SUM(_xlfn.CHOOSECOLS(_xlfn.ANCHORARRAY($BR$3),8)),0) -> 0.99487033 | BA18: 46030 | BB18: E | BC18: 230.1 | BD18: 1491.8 | BE18: 391 | BF18: 2551.6 | BH18: 4664.5 | BK18: 15 | BN18: 9661.7 | BO18: 396.2 | BP18: 24.385916 | BR18: 46030 | BS18: E | BT18: 230.1 | BU18: 1491.8 | BV18: 391 | BW18: 2551.6 | BY18: 4664.5 | CB18: 15 | CE18: 9661.7 | CF18: 396.2 | CG18: 24.385916 | EI18: 46038 | EJ18: 9517.1 | EL18: 46038 | EM18: 4660.6 | EN18: 4856.5 | EP18: 46038 | EQ18: 388.43 | ES18: 46038 | ET18: 24.700461 | EV18: 46038 | EW18: 9594.4 | EX18: 388.43
BA19: 46031 | BB19: M | BC19: 263 | BD19: 1763.8 | BE19: 486.8 | BF19: 2498.6 | BH19: 5012.2 | BR19: 46031 | BS19: M | BT19: 263 | BU19: 1763.8 | BV19: 486.8 | BW19: 2498.6 | BY19: 5012.2 | EI19: 46039 | EJ19: 9916.8 | EL19: 46039 | EM19: 4968 | EN19: 4948.8 | EP19: 46039 | EQ19: 397.37 | ES19: 46039 | ET19: 24.600498 | EV19: 46039 | EW19: 9775.5 | EX19: 397.37
A20: litres | E20: source values | I20: litres | M20: indicative | BA20: 46031 | BB20: E | BC20: 215.7 | BD20: 1653.1 | BE20: 389.7 | BF20: 2624.5 | BH20: 4883 | BK20: 15 | BN20: 9701.4 | BO20: 392.19 | BP20: 24.73648 | BR20: 46031 | BS20: E | BT20: 215.7 | BU20: 1653.1 | BV20: 389.7 | BW20: 2624.5 | BY20: 4883 | CB20: 15 | CE20: 9701.4 | CF20: 392.19 | CG20: 24.73648 | EI20: 46040 | EJ20: 9863.8 | EL20: 46040 | EM20: 5041.3 | EN20: 4822.5 | EP20: 46040 | EQ20: 409.13 | ES20: 46040 | ET20: 24.700462 | EV20: 46040 | EW20: 10105.7 | EX20: 409.13
A21: Total Ghee Produced | E21: Average Ghee per Shift | I21: Average Ghee Average | M21: Highest Ghee Average | BA21: 46032 | BB21: M | BC21: 248.9 | BD21: 1687.7 | BE21: 487.3 | BF21: 2409.5 | BH21: 4833.4 | BR21: 46032 | BS21: M | BT21: 248.9 | BU21: 1687.7 | BV21: 487.3 | BW21: 2409.5 | BY21: 4833.4 | EI21: 46041 | EJ21: 10138.6 | EL21: 46041 | EM21: 5059.2 | EN21: 5079.4 | EP21: 46041 | EQ21: 405.69 | ES21: 46041 | ET21: 24.600557 | EV21: 46041 | EW21: 9980.2 | EX21: 405.69
A22: =SUM(_xlfn.CHOOSECOLS(_xlfn.ANCHORARRAY($BR$3),15)) -> 102023.2 | E22: {=_xlfn.LET(_xlpm.g,_xlfn.CHOOSECOLS(_xlfn.ANCHORARRAY($BR$3),15),IFERROR(AVERAGE(_xlfn._xlws.FILTER(_xlpm.g,ISNUMBER(_xlpm.g))),0))} -> 361.7844 | I22: {=_xlfn.LET(_xlpm.g,_xlfn.CHOOSECOLS(_xlfn.ANCHORARRAY($BR$3),16),IFERROR(AVERAGE(_xlfn._xlws.FILTER(_xlpm.g,ISNUMBER(_xlpm.g))),0))} -> 24.762246 | M22: {=_xlfn.LET(_xlpm.g,_xlfn.CHOOSECOLS(_xlfn.ANCHORARRAY($BR$3),16),IFERROR(MAX(_xlfn._xlws.FILTER(_xlpm.g,ISNUMBER(_xlpm.g))),0))} -> 27.160467 | BA22: 46032 | BB22: E | BC22: 213.4 | BD22: 1646.6 | BE22: 393.7 | BF22: 2528.2 | BH22: 4781.9 | BK22: 15 | BN22: 9834.5 | BO22: 401.4 | BP22: 24.500498 | BR22: 46032 | BS22: E | BT22: 213.4 | BU22: 1646.6 | BV22: 393.7 | BW22: 2528.2 | BY22: 4781.9 | CB22: 15 | CE22: 9834.5 | CF22: 401.4 | CG22: 24.500498 | EI22: 46042 | EJ22: 7000.1 | EL22: 46042 | EM22: 1939.1 | EN22: 5061 | EP22: 46042 | EQ22: 284.79 | ES22: 46042 | ET22: 24.50086 | EV22: 46042 | EW22: 6977.6 | EX22: 284.79
BA23: 46033 | BB23: M | BC23: 245.8 | BD23: 1882 | BE23: 475.1 | BF23: 2464.7 | BH23: 5067.6 | BR23: 46033 | BS23: M | BT23: 245.8 | BU23: 1882 | BV23: 475.1 | BW23: 2464.7 | BY23: 5067.6 | EI23: 46043 | EJ23: 9829.7 | EL23: 46043 | EM23: 9829.7 | EN23: 0 | EP23: 46043 | EQ23: 397 | ES23: 46043 | ET23: 24.575567 | EV23: 46043 | EW23: 9756.5 | EX23: 397
A24: kg | E24: kg / numeric record | I24: unweighted valid values | M24: valid average | BA24: 46033 | BB24: M | BC24: 248.4 | BD24: 1599.4 | BE24: 398.7 | BF24: 2648.3 | BH24: 4894.8 | BK24: 15 | BN24: 9955.1 | BO24: 404.67 | BP24: 24.600539 | BR24: 46033 | BS24: M | BT24: 248.4 | BU24: 1599.4 | BV24: 398.7 | BW24: 2648.3 | BY24: 4894.8 | CB24: 15 | CE24: 9955.1 | CF24: 404.67 | CG24: 24.600539 | EI24: 46044 | EJ24: 9931 | EL24: 46044 | EM24: 4935.7 | EN24: 4995.3 | EP24: 46044 | EQ24: 402.63 | ES24: 46044 | ET24: 24.50041 | EV24: 46044 | EW24: 9864.6 | EX24: 402.63
A25: Lowest Ghee Average | E25: Valid Production Records | I25: Morning Ghee Produced | M25: Evening Ghee Produced | BA25: 46034 | BB25: E | BC25: 242.9 | BD25: 1777.8 | BE25: 534.6 | BF25: 2520 | BH25: 5075.3 | BR25: 46034 | BS25: E | BT25: 242.9 | BU25: 1777.8 | BV25: 534.6 | BW25: 2520 | BY25: 5075.3 | EI25: 46045 | EJ25: 9937.8 | EL25: 46045 | EM25: 4993.9 | EN25: 4943.9 | EP25: 46045 | EQ25: 392.13 | ES25: 46045 | ET25: 24.600515 | EV25: 46045 | EW25: 9646.6 | EX25: 392.13
A26: {=_xlfn.LET(_xlpm.g,_xlfn.CHOOSECOLS(_xlfn.ANCHORARRAY($BR$3),16),IFERROR(MIN(_xlfn._xlws.FILTER(_xlpm.g,ISNUMBER(_xlpm.g))),0))} -> 21.891517 | E26: =COUNT(_xlfn.CHOOSECOLS(_xlfn.ANCHORARRAY($BR$3),15)) -> 282 | I26: {=SUM(_xlfn._xlws.FILTER(_xlfn.CHOOSECOLS(_xlfn.ANCHORARRAY($BR$3),15),_xlfn.CHOOSECOLS(_xlfn.ANCHORARRAY($BR$3),2)="M",0))} -> 19156.95 | M26: {=SUM(_xlfn._xlws.FILTER(_xlfn.CHOOSECOLS(_xlfn.ANCHORARRAY($BR$3),15),_xlfn.CHOOSECOLS(_xlfn.ANCHORARRAY($BR$3),2)="E",0))} -> 82866.25 | BA26: 46034 | BB26: M | BC26: 231.8 | BD26: 1700.2 | BE26: 401.7 | BF26: 2506 | BH26: 4839.7 | BK26: 140 | BN26: 9767.7 | BO26: 397 | BP26: 24.603778 | BR26: 46034 | BS26: M | BT26: 231.8 | BU26: 1700.2 | BV26: 401.7 | BW26: 2506 | BY26: 4839.7 | CB26: 140 | CE26: 9767.7 | CF26: 397 | CG26: 24.603778 | EI26: 46046 | EJ26: 9784.9 | EL26: 46046 | EM26: 5117.2 | EN26: 4667.7 | EP26: 46046 | EQ26: 408.54 | ES26: 46046 | ET26: 24.600039 | EV26: 46046 | EW26: 10050.1 | EX26: 408.54
A27: valid average | E27: numeric ghee values | I27: kg | M27: kg | BA27: 46035 | BB27: E | BC27: 261 | BD27: 1795.2 | BE27: 523.9 | BF27: 2487.9 | BH27: 5068 | BR27: 46035 | BS27: E | BT27: 261 | BU27: 1795.2 | BV27: 523.9 | BW27: 2487.9 | BY27: 5068 | EI27: 46047 | EJ27: 10170.2 | EL27: 46047 | EM27: 5222.3 | EN27: 4947.9 | EP27: 46047 | EQ27: 414.96 | ES27: 46047 | ET27: 24.800222 | EV27: 46047 | EW27: 10291.1 | EX27: 414.96
BA28: 46035 | BB28: M | BC28: 238.3 | BD28: 1577.2 | BE28: 442.5 | BF28: 2640.1 | BH28: 4898.1 | BK28: 15 | BN28: 9915.3 | BO28: 401.4 | BP28: 24.701794 | BR28: 46035 | BS28: M | BT28: 238.3 | BU28: 1577.2 | BV28: 442.5 | BW28: 2640.1 | BY28: 4898.1 | CB28: 15 | CE28: 9915.3 | CF28: 401.4 | CG28: 24.701794 | EI28: 46048 | EJ28: 10221.2 | EL28: 46048 | EM28: 5137.4 | EN28: 5083.8 | EP28: 46048 | EQ28: 405.55 | ES28: 46048 | ET28: 24.70053 | EV28: 46048 | EW28: 10017.3 | EX28: 405.55
A29: M − E Ghee Difference | E29: Selected Location Milk | I29: Filtered Shift Rows | M29: Milk Reconciliation Flags | BA29: 46036 | BB29: E | BC29: 255.4 | BD29: 1788.9 | BE29: 553.3 | BF29: 2434.6 | BH29: 5032.2 | BR29: 46036 | BS29: E | BT29: 255.4 | BU29: 1788.9 | BV29: 553.3 | BW29: 2434.6 | BY29: 5032.2 | EI29: 46049 | EJ29: 10340.7 | EL29: 46049 | EM29: 5320.8 | EN29: 5019.9 | EP29: 46049 | EQ29: 423 | ES29: 46049 | ET29: 24.708511 | EV29: 46049 | EW29: 10451.7 | EX29: 423
A30: =I26-M26 -> -63709.3 | E30: {=_xlfn.LET(_xlpm.v,_xlfn.ANCHORARRAY($BR$3),_xlpm.n,$M$5,_xlpm.c,_xlfn.SWITCH(_xlpm.n,"Nira Bhima",3,"Bhodani + Alephata + Jalgaon",4,"Gagargaon",5,"Indapur / Madha",6,"Kalewadi",7,8),SUM(_xlfn.CHOOSECOLS(_xlpm.v,_xlpm.c)))} -> 2554374.1 | I30: =ROWS(_xlfn.ANCHORARRAY($BR$3)) -> 572 | M30: {=_xlfn.LET(_xlpm.v,_xlfn.ANCHORARRAY($BR$3),_xlpm.tot,IFERROR(--_xlfn.CHOOSECOLS(_xlpm.v,8),0),_xlpm.cmp,IFERROR(--_xlfn.CHOOSECOLS(_xlpm.v,3),0)+IFERROR(--_xlfn.CHOOSECOLS(_xlpm.v,4),0)+IFERROR(--_xlfn.CHOOSECOLS(_xlpm.v,5),0)+IFERROR(--_xlfn.CHOOSECOLS(_xlpm.v,6),0)+IFERROR(--_xlfn.CHOOSECOLS(_xlpm.v,7),0),SUM(--(ABS(_xlpm.tot-_xlpm.cmp)>0.11)))} -> 1 | BA30: 46036 | BB30: M | BC30: 247.2 | BD30: 1677.9 | BE30: 434.9 | BF30: 2678.7 | BH30: 5038.7 | BK30: 15 | BN30: 9990.7 | BO30: 404.48 | BP30: 24.700109 | BR30: 46036 | BS30: M | BT30: 247.2 | BU30: 1677.9 | BV30: 434.9 | BW30: 2678.7 | BY30: 5038.7 | CB30: 15 | CE30: 9990.7 | CF30: 404.48 | CG30: 24.700109 | EI30: 46050 | EJ30: 10376.1 | EL30: 46050 | EM30: 5230.2 | EN30: 5145.9 | EP30: 46050 | EQ30: 422.61 | ES30: 46050 | ET30: 24.958472 | EV30: 46050 | EW30: 10547.7 | EX30: 422.61
A31: kg (M minus E) | E31: litres | I31: rows | M31: count | BA31: 46037 | BB31: E | BC31: 277 | BD31: 1799 | BE31: 544.7 | BF31: 2346.3 | BH31: 4967 | BR31: 46037 | BS31: E | BT31: 277 | BU31: 1799 | BV31: 544.7 | BW31: 2346.3 | BY31: 4967 | EI31: 46051 | EJ31: 10354.4 | EL31: 46051 | EM31: 5021.9 | EN31: 5332.5 | EP31: 46051 | EQ31: 398.5 | ES31: 46051 | ET31: 24.601255 | EV31: 46051 | EW31: 9803.6 | EX31: 398.5
BA32: 46037 | BB32: M | BC32: 242.9 | BD32: 1740.7 | BE32: 450.5 | BF32: 2648.5 | BH32: 5082.6 | BK32: 15 | BN32: 9924.1 | BO32: 403.41 | BP32: 24.60053 | BR32: 46037 | BS32: M | BT32: 242.9 | BU32: 1740.7 | BV32: 450.5 | BW32: 2648.5 | BY32: 5082.6 | CB32: 15 | CE32: 9924.1 | CF32: 403.41 | CG32: 24.60053 | EI32: 46052 | EJ32: 9824 | EL32: 46052 | EM32: 5027.3 | EN32: 4796.7 | EP32: 46052 | EQ32: 421.36 | ES32: 46052 | ET32: 24.700019 | EV32: 46052 | EW32: 10407.6 | EX32: 421.36
BA33: 46038 | BB33: E | BC33: 255 | BD33: 1790 | BE33: 491.2 | BF33: 2320.3 | BH33: 4856.5 | BR33: 46038 | BS33: E | BT33: 255 | BU33: 1790 | BV33: 491.2 | BW33: 2320.3 | BY33: 4856.5 | EI33: 46053 | EJ33: 11467.5 | EL33: 46053 | EM33: 5985.6 | EN33: 5481.9 | EP33: 46053 | EQ33: 439.11 | ES33: 46053 | ET33: 25.000114 | EV33: 46053 | EW33: 10977.8 | EX33: 439.11
BA34: 46038 | BB34: M | BC34: 231.1 | BD34: 1569.7 | BE34: 380.8 | BF34: 2479 | BH34: 4660.6 | BK34: 15 | BN34: 9594.4 | BO34: 388.43 | BP34: 24.700461 | BR34: 46038 | BS34: M | BT34: 231.1 | BU34: 1569.7 | BV34: 380.8 | BW34: 2479 | BY34: 4660.6 | CB34: 15 | CE34: 9594.4 | CF34: 388.43 | CG34: 24.700461 | EI34: 46054 | EJ34: 10216.3 | EL34: 46054 | EM34: 10216.3 | EN34: 0 | EP34: 46054 | EQ34: 411.7 | ES34: 46054 | ET34: 24.904299 | EV34: 46054 | EW34: 10253.1 | EX34: 411.7
BA35: 46039 | BB35: E | BC35: 259.7 | BD35: 1759.8 | BE35: 505.4 | BF35: 2423.9 | BH35: 4948.8 | BR35: 46039 | BS35: E | BT35: 259.7 | BU35: 1759.8 | BV35: 505.4 | BW35: 2423.9 | BY35: 4948.8 | EI35: 46055 | EJ35: 10108.8 | EL35: 46055 | EM35: 5049.8 | EN35: 5059 | EP35: 46055 | EQ35: 405.74 | ES35: 46055 | ET35: 24.756001 | EV35: 46055 | EW35: 10044.5 | EX35: 405.74
BA36: 46039 | BB36: M | BC36: 235.4 | BD36: 1679.3 | BE36: 441.6 | BF36: 2611.7 | BH36: 4968 | BK36: 15 | BN36: 9775.5 | BO36: 397.37 | BP36: 24.600498 | BR36: 46039 | BS36: M | BT36: 235.4 | BU36: 1679.3 | BV36: 441.6 | BW36: 2611.7 | BY36: 4968 | CB36: 15 | CE36: 9775.5 | CF36: 397.37 | CG36: 24.600498 | EI36: 46056 | EJ36: 10170.7 | EL36: 46056 | EM36: 5036 | EN36: 5134.7 | EP36: 46056 | EQ36: 380.95 | ES36: 46056 | ET36: 26.260402 | EV36: 46056 | EW36: 10003.9 | EX36: 380.95
BA37: 46040 | BB37: E | BC37: 277.1 | BD37: 1682.8 | BE37: 500.2 | BF37: 2362.4 | BH37: 4822.5 | BR37: 46040 | BS37: E | BT37: 277.1 | BU37: 1682.8 | BV37: 500.2 | BW37: 2362.4 | BY37: 4822.5 | EI37: 46057 | EJ37: 9993.4 | EL37: 46057 | EM37: 5010.5 | EN37: 4982.9 | EP37: 46057 | EQ37: 385.94 | ES37: 46057 | ET37: 24.940146 | EV37: 46057 | EW37: 9625.4 | EX37: 385.94
BA38: 46040 | BB38: M | BC38: 251.4 | BD38: 1733.4 | BE38: 420.7 | BF38: 2635.8 | BH38: 5041.3 | BK38: 15 | BN38: 10105.7 | BO38: 409.13 | BP38: 24.700462 | BR38: 46040 | BS38: M | BT38: 251.4 | BU38: 1733.4 | BV38: 420.7 | BW38: 2635.8 | BY38: 5041.3 | CB38: 15 | CE38: 10105.7 | CF38: 409.13 | CG38: 24.700462 | EI38: 46058 | EJ38: 9663.7 | EL38: 46058 | EM38: 5033.8 | EN38: 4629.9 | EP38: 46058 | EQ38: 409.16 | ES38: 46058 | ET38: 25 | EV38: 46058 | EW38: 10229 | EX38: 409.16
BA39: 46041 | BB39: E | BC39: 280.2 | BD39: 1781.6 | BE39: 514.5 | BF39: 2503.1 | BH39: 5079.4 | BR39: 46041 | BS39: E | BT39: 280.2 | BU39: 1781.6 | BV39: 514.5 | BW39: 2503.1 | BY39: 5079.4 | EI39: 46059 | EJ39: 10317.6 | EL39: 46059 | EM39: 5107.4 | EN39: 5210.2 | EP39: 46059 | EQ39: 339.5 | ES39: 46059 | ET39: 25.000589 | EV39: 46059 | EW39: 8487.7 | EX39: 339.5
BA40: 46041 | BB40: M | BC40: 252.8 | BD40: 1706.4 | BE40: 430.8 | BF40: 2669.2 | BH40: 5059.2 | BK40: 140 | BN40: 9980.2 | BO40: 405.69 | BP40: 24.600557 | BR40: 46041 | BS40: M | BT40: 252.8 | BU40: 1706.4 | BV40: 430.8 | BW40: 2669.2 | BY40: 5059.2 | CB40: 140 | CE40: 9980.2 | CF40: 405.69 | CG40: 24.600557 | EI40: 46060 | EJ40: 10307.4 | EL40: 46060 | EM40: 6912.1 | EN40: 3395.3 | EP40: 46060 | EQ40: 415.95 | ES40: 46060 | ET40: 24.900349 | EV40: 46060 | EW40: 10357.3 | EX40: 415.95
BA41: 46042 | BB41: E | BC41: 287.5 | BD41: 1776 | BE41: 509.7 | BF41: 2487.8 | BH41: 5061 | BR41: 46042 | BS41: E | BT41: 287.5 | BU41: 1776 | BV41: 509.7 | BW41: 2487.8 | BY41: 5061 | EI41: 46061 | EJ41: 10327.7 | EL41: 46061 | EM41: 6867.5 | EN41: 3460.2 | EP41: 46061 | EQ41: 418.26 | ES41: 46061 | ET41: 25 | EV41: 46061 | EW41: 10456.5 | EX41: 418.26
BA42: 46042 | BB42: M | BC42: 0 | BD42: 1674 | BE42: 265.1 | BF42: 0 | BH42: 1939.1 | BK42: 15 | BN42: 6977.6 | BO42: 284.79 | BP42: 24.50086 | BR42: 46042 | BS42: M | BT42: 0 | BU42: 1674 | BV42: 265.1 | BW42: 0 | BY42: 1939.1 | CB42: 15 | CE42: 6977.6 | CF42: 284.79 | CG42: 24.50086 | EI42: 46062 | EJ42: 10529.5 | EL42: 46062 | EM42: 6925.5 | EN42: 3604 | EP42: 46062 | EQ42: 405.19 | ES42: 46062 | ET42: 25.200276 | EV42: 46062 | EW42: 10210.9 | EX42: 405.19
BA43: 46043 | BB43: M | BC43: 312.4 | BD43: 1778.5 | BE43: 545.3 | BF43: 2417.3 | BH43: 5053.5 | BR43: 46043 | BS43: M | BT43: 312.4 | BU43: 1778.5 | BV43: 545.3 | BW43: 2417.3 | BY43: 5053.5 | EI43: 46063 | EJ43: 10321.5 | EL43: 46063 | EM43: 6871.1 | EN43: 3450.4 | EP43: 46063 | EQ43: 403.51 | ES43: 46063 | ET43: 25.400362 | EV43: 46063 | EW43: 10249.3 | EX43: 403.51
BA44: 46043 | BB44: M | BC44: 274.6 | BD44: 1694.4 | BE44: 344.8 | BF44: 2462.4 | BH44: 4776.2 | BK44: 15 | BN44: 9756.5 | BO44: 397 | BP44: 24.575567 | BR44: 46043 | BS44: M | BT44: 274.6 | BU44: 1694.4 | BV44: 344.8 | BW44: 2462.4 | BY44: 4776.2 | CB44: 15 | CE44: 9756.5 | CF44: 397 | CG44: 24.575567 | EI44: 46064 | EJ44: 10244.8 | EL44: 46064 | EM44: 10244.8 | EN44: 0 | EP44: 46064 | EQ44: 401.33 | ES44: 46064 | ET44: 25.300127 | EV44: 46064 | EW44: 10153.7 | EX44: 401.33
BA45: 46044 | BB45: E | BC45: 310.7 | BD45: 1782.9 | BE45: 432.9 | BF45: 2468.8 | BH45: 4995.3 | BR45: 46044 | BS45: E | BT45: 310.7 | BU45: 1782.9 | BV45: 432.9 | BW45: 2468.8 | BY45: 4995.3 | EI45: 46065 | EJ45: 10495.8 | EL45: 46065 | EM45: 7178.7 | EN45: 3317.1 | EP45: 46065 | EQ45: 412.51 | ES45: 46065 | ET45: 25.300235 | EV45: 46065 | EW45: 10436.6 | EX45: 412.51
BA46: 46044 | BB46: M | BC46: 262.7 | BD46: 1622.6 | BE46: 459 | BF46: 2591.4 | BH46: 4935.7 | BK46: 15 | BN46: 9864.6 | BO46: 402.63 | BP46: 24.50041 | BR46: 46044 | BS46: M | BT46: 262.7 | BU46: 1622.6 | BV46: 459 | BW46: 2591.4 | BY46: 4935.7 | CB46: 15 | CE46: 9864.6 | CF46: 402.63 | CG46: 24.50041 | EI46: 46066 | EJ46: 10145.9 | EL46: 46066 | EM46: 6873 | EN46: 3272.9 | EP46: 46066 | EQ46: 396.96 | ES46: 46066 | ET46: 25.200272 | EV46: 46066 | EW46: 10003.5 | EX46: 396.96
BA47: 46045 | BB47: E | BC47: 317.2 | BD47: 1692.3 | BE47: 572.1 | BF47: 2362.3 | BH47: 4943.9 | BR47: 46045 | BS47: E | BT47: 317.2 | BU47: 1692.3 | BV47: 572.1 | BW47: 2362.3 | BY47: 4943.9 | EI47: 46067 | EJ47: 9936.5 | EL47: 46067 | EM47: 6791 | EN47: 3145.5 | EP47: 46067 | EQ47: 395.72 | ES47: 46067 | ET47: 25.300465 | EV47: 46067 | EW47: 10011.9 | EX47: 395.72
BA48: 46045 | BB48: M | BC48: 277.5 | BD48: 1716.3 | BE48: 433.7 | BF48: 2566.4 | BH48: 4993.9 | BK48: 15 | BN48: 9646.6 | BO48: 392.13 | BP48: 24.600515 | BR48: 46045 | BS48: M | BT48: 277.5 | BU48: 1716.3 | BV48: 433.7 | BW48: 2566.4 | BY48: 4993.9 | CB48: 15 | CE48: 9646.6 | CF48: 392.13 | CG48: 24.600515 | EI48: 46068 | EJ48: 10092.3 | EL48: 46068 | EM48: 6856.4 | EN48: 3235.9 | EP48: 46068 | EQ48: 366.7 | ES48: 46068 | ET48: 25 | EV48: 46068 | EW48: 9167.5 | EX48: 366.7
BA49: 46046 | BB49: E | BC49: 316 | BD49: 1673.6 | BE49: 515.3 | BF49: 2162.8 | BH49: 4667.7 | BR49: 46046 | BS49: E | BT49: 316 | BU49: 1673.6 | BV49: 515.3 | BW49: 2162.8 | BY49: 4667.7 | EI49: 46069 | EJ49: 8980.4 | EL49: 46069 | EM49: 6654.3 | EN49: 2326.1 | EP49: 46069 | EQ49: 398.32 | ES49: 46069 | ET49: 25.100422 | EV49: 46069 | EW49: 9998 | EX49: 398.32
BA50: 46046 | BB50: M | BC50: 262.7 | BD50: 1657.1 | BE50: 452.6 | BF50: 2744.8 | BH50: 5117.2 | BK50: 15 | BN50: 10050.1 | BO50: 408.54 | BP50: 24.600039 | BR50: 46046 | BS50: M | BT50: 262.7 | BU50: 1657.1 | BV50: 452.6 | BW50: 2744.8 | BY50: 5117.2 | CB50: 15 | CE50: 10050.1 | CF50: 408.54 | CG50: 24.600039 | EI50: 46070 | EJ50: 11190.4 | EL50: 46070 | EM50: 7718.7 | EN50: 3471.7 | EP50: 46070 | EQ50: 427.33 | ES50: 46070 | ET50: 25.900592 | EV50: 46070 | EW50: 11068.1 | EX50: 427.33
BA51: 46047 | BB51: E | BC51: 320.6 | BD51: 1660.5 | BE51: 567.5 | BF51: 2399.3 | BH51: 4947.9 | BR51: 46047 | BS51: E | BT51: 320.6 | BU51: 1660.5 | BV51: 567.5 | BW51: 2399.3 | BY51: 4947.9 | EI51: 46071 | EJ51: 10836 | EL51: 46071 | EM51: 7471.6 | EN51: 3364.4 | EP51: 46071 | EQ51: 432.9 | ES51: 46071 | ET51: 25.701317 | EV51: 46071 | EW51: 11126.1 | EX51: 432.9
A52: OPERATIONAL INSIGHTS | BA52: 46047 | BB52: M | BC52: 287.2 | BD52: 1714.2 | BE52: 444.7 | BF52: 2776.2 | BH52: 5222.3 | BK52: 15 | BN52: 10291.1 | BO52: 414.96 | BP52: 24.800222 | BR52: 46047 | BS52: M | BT52: 287.2 | BU52: 1714.2 | BV52: 444.7 | BW52: 2776.2 | BY52: 5222.3 | CB52: 15 | CE52: 10291.1 | CF52: 414.96 | CG52: 24.800222 | EI52: 46072 | EJ52: 8043.3 | EL52: 46072 | EM52: 4373.8 | EN52: 3669.5 | EP52: 46072 | EQ52: 308.29 | ES52: 46072 | ET52: 25.903208 | EV52: 46072 | EW52: 7985.7 | EX52: 308.29
A53: {=_xlfn.LET(_xlpm.x,_xlfn.ANCHORARRAY($R$61),_xlpm.d,_xlfn.CHOOSECOLS(_xlpm.x,1),_xlpm.m,_xlfn.CHOOSECOLS(_xlpm.x,2),"Highest milk: "&TEXT(INDEX(_xlpm.d,_xlfn.XMATCH(MAX(_xlpm.m),_xlpm.m)),"dd-mmm-yyyy")&" • "&TEXT(MAX(_xlpm.m),"#,##0.0")&" L")} -> Highest milk: 25-Aug-2026 • 19,638.8 L | I53: {=_xlfn.LET(_xlpm.x,_xlfn.ANCHORARRAY($R$61),_xlpm.d,_xlfn.CHOOSECOLS(_xlpm.x,1),_xlpm.g,_xlfn.CHOOSECOLS(_xlpm.x,4),"Highest ghee: "&TEXT(INDEX(_xlpm.d,_xlfn.XMATCH(MAX(_xlpm.g),_xlpm.g)),"dd-mmm-yyyy")&" • "&TEXT(MAX(_xlpm.g),"#,##0.0")&" kg")} -> Highest ghee: 01-Aug-2026 • 653.8 kg | BA53: 46048 | BB53: E | BC53: 299.9 | BD53: 1697 | BE53: 532.9 | BF53: 2554 | BH53: 5083.8 | BR53: 46048 | BS53: E | BT53: 299.9 | BU53: 1697 | BV53: 532.9 | BW53: 2554 | BY53: 5083.8 | EI53: 46073 | EJ53: 11388.4 | EL53: 46073 | EM53: 7761.5 | EN53: 3626.9 | EP53: 46073 | EQ53: 361.61 | ES53: 46073 | ET53: 25.172423 | EV53: 46073 | EW53: 9102.6 | EX53: 361.61
BA54: 46048 | BB54: M | BC54: 284.8 | BD54: 1664.4 | BE54: 418.6 | BF54: 2769.6 | BH54: 5137.4 | BK54: 140 | BN54: 10017.3 | BO54: 405.55 | BP54: 24.70053 | BR54: 46048 | BS54: M | BT54: 284.8 | BU54: 1664.4 | BV54: 418.6 | BW54: 2769.6 | BY54: 5137.4 | CB54: 140 | CE54: 10017.3 | CF54: 405.55 | CG54: 24.70053 | EI54: 46074 | EJ54: 6607.3 | EL54: 46074 | EM54: 6607.3 | EN54: 0 | EP54: 46074 | EQ54: 258.92 | ES54: 46074 | ET54: 25.40051 | EV54: 46074 | EW54: 6576.7 | EX54: 258.92
A55: =IF(I26>M26,"Higher raw output: Morning by "&TEXT(I26-M26,"#,##0.0")&" kg","Higher raw output: Evening by "&TEXT(M26-I26,"#,##0.0")&" kg") -> Higher raw output: Evening by 63,709.3 kg | I55: {=_xlfn.LET(_xlpm.v,_xlfn.ANCHORARRAY($BR$3),_xlpm.mg,ROWS(_xlpm.v)-COUNT(_xlfn.CHOOSECOLS(_xlpm.v,15)),_xlpm.ma,ROWS(_xlpm.v)-COUNT(_xlfn.CHOOSECOLS(_xlpm.v,16)),"Quality review: "&TEXT($M$30,"0")&" milk reconciliation flag(s) • "&_xlpm.mg&" missing ghee values • "&_xlpm.ma&" missing averages • Waste: "&IF($E$18="No valid data","no valid numeric values",TEXT($E$18,"#,##0.0")))} -> Quality review: 1 milk reconciliation flag(s) • 290 missing ghee values • 291 missing averages • Waste: no valid numeric values | BA55: 46049 | BB55: E | BC55: 317.2 | BD55: 1750 | BE55: 444.2 | BF55: 2508.5 | BH55: 5019.9 | BR55: 46049 | BS55: E | BT55: 317.2 | BU55: 1750 | BV55: 444.2 | BW55: 2508.5 | BY55: 5019.9 | EI55: 46075 | EJ55: 6612.2 | EL55: 46075 | EM55: 5271.7 | EN55: 1340.5 | EP55: 46075 | EQ55: 259.17 | ES55: 46075 | ET55: 25.300768 | EV55: 46075 | EW55: 6557.2 | EX55: 259.17
BA56: 46049 | BB56: M | BC56: 281.8 | BD56: 1707.8 | BE56: 463.1 | BF56: 2868.1 | BH56: 5320.8 | BK56: 15 | BN56: 10451.7 | BO56: 423 | BP56: 24.708511 | BR56: 46049 | BS56: M | BT56: 281.8 | BU56: 1707.8 | BV56: 463.1 | BW56: 2868.1 | BY56: 5320.8 | CB56: 15 | CE56: 10451.7 | CF56: 423 | CG56: 24.708511 | EI56: 46076 | EJ56: 6348.4 | EL56: 46076 | EM56: 5047.9 | EN56: 1300.5 | EP56: 46076 | EQ56: 248.75 | ES56: 46076 | ET56: 25.200804 | EV56: 46076 | EW56: 6268.7 | EX56: 248.75
BA57: 46050 | BB57: E | BC57: 301.2 | BD57: 1751.6 | BE57: 512.1 | BF57: 2581 | BH57: 5145.9 | BR57: 46050 | BS57: E | BT57: 301.2 | BU57: 1751.6 | BV57: 512.1 | BW57: 2581 | BY57: 5145.9 | EI57: 46077 | EJ57: 6458.5 | EL57: 46077 | EM57: 5109.7 | EN57: 1348.8 | EP57: 46077 | EQ57: 251.52 | ES57: 46077 | ET57: 25.30097 | EV57: 46077 | EW57: 6363.7 | EX57: 251.52
BA58: 46050 | BB58: M | BC58: 264.9 | BD58: 1655.4 | BE58: 447.4 | BF58: 2862.5 | BH58: 5230.2 | BK58: 15 | BN58: 10547.7 | BO58: 422.61 | BP58: 24.958472 | BR58: 46050 | BS58: M | BT58: 264.9 | BU58: 1655.4 | BV58: 447.4 | BW58: 2862.5 | BY58: 5230.2 | CB58: 15 | CE58: 10547.7 | CF58: 422.61 | CG58: 24.958472 | EI58: 46078 | EJ58: 6670 | EL58: 46078 | EM58: 5401 | EN58: 1269 | EP58: 46078 | EQ58: 267.3 | ES58: 46078 | ET58: 25.200898 | EV58: 46078 | EW58: 6736.2 | EX58: 267.3
A59: FILTERED PRODUCTION DETAIL | R59: DAILY SUMMARY | AA59: WEEKLY SUMMARY (MONDAY START) | AI59: MONTHLY SUMMARY | BA59: 46051 | BB59: E | BC59: 303.7 | BD59: 1745 | BE59: 537.2 | BF59: 2746.6 | BH59: 5332.5 | BR59: 46051 | BS59: E | BT59: 303.7 | BU59: 1745 | BV59: 537.2 | BW59: 2746.6 | BY59: 5332.5 | EI59: 46079 | EJ59: 8064.4 | EL59: 46079 | EM59: 6714.2 | EN59: 1350.2 | EP59: 46079 | EQ59: 317.4 | ES59: 46079 | ET59: 25.200378 | EV59: 46079 | EW59: 7998.6 | EX59: 317.4
A60: Date | B60: Shift | C60: Nira Bhima | D60: Bhodani + Alephata + Jalgaon | E60: Gagargaon | F60: Indapur / Madha | G60: Kalewadi | H60: Total Milk | I60: FAT | J60: SNF | K60: Consumed Milk | L60: Waste | M60: Butter / Culture | N60: Milk for Ghee Process | O60: Ghee Produced | P60: Ghee Average | R60: Date | S60: Total Milk | T60: Milk for Ghee | U60: Ghee Produced | V60: Ghee Average | W60: M Ghee | X60: E Ghee | Y60: M − E | AA60: Week Start | AB60: Week End | AC60: Total Milk | AD60: Milk for Ghee | AE60: Ghee Produced | AF60: Avg Ghee Average | AG60: Valid Records | AI60: Month | AJ60: Total Milk | AK60: Milk for Ghee | AL60: Ghee Produced | AM60: Avg Ghee Average | AN60: Highest Average | AO60: Lowest Average | AP60: Valid Records | BA60: 46051 | BB60: M | BC60: 268.1 | BD60: 1703 | BE60: 424.4 | BF60: 2626.4 | BH60: 5021.9 | BK60: 15 | BN60: 9803.6 | BO60: 398.5 | BP60: 24.601255 | BR60: 46051 | BS60: M | BT60: 268.1 | BU60: 1703 | BV60: 424.4 | BW60: 2626.4 | BY60: 5021.9 | CB60: 15 | CE60: 9803.6 | CF60: 398.5 | CG60: 24.601255 | EI60: 46080 | EJ60: 8315.6 | EL60: 46080 | EM60: 7016.2 | EN60: 1299.4 | EP60: 46080 | EQ60: 326 | ES60: 46080 | ET60: 25.403988 | EV60: 46080 | EW60: 8281.7 | EX60: 326
A61: {=_xlfn.ANCHORARRAY($BR$3)} -> 46023 | B61: M | C61: 232.6 | D61: 1446.1 | E61: 424.2 | F61: 2307.3 | H61: 4410.2 | K61: 15 | N61: 14084.7 | O61: 573.56 | P61: 24.556629 | R61: {=_xlfn.LET(_xlpm.v,_xlfn.ANCHORARRAY($BR$3),_xlpm.dt,_xlfn.CHOOSECOLS(_xlpm.v,1),_xlpm.u,_xlfn._xlws.SORT(_xlfn.UNIQUE(_xlfn._xlws.FILTER(_xlpm.dt,_xlpm.dt>0))),_xlpm.milk,_xlfn.CHOOSECOLS(_xlpm.v,8),_xlpm.proc,_xlfn.CHOOSECOLS(_xlpm.v,14),_xlpm.g,_xlfn.CHOOSECOLS(_xlpm.v,15),_xlpm.av,_xlfn.CHOOSECOLS(_xlpm.v,16),_xlpm.sh,_xlfn.CHOOSECOLS(_xlpm.v,2),_xlfn.HSTACK(_xlpm.u,_xlfn.MAP(_xlpm.u,_xlfn.LAMBDA(_xlpm.x,SUM(_xlfn._xlws.FILTER(_xlpm.milk,_xlpm.dt=_xlpm.x,0)))),_xlfn.MAP(_xlpm.u,_xlfn.LAMBDA(_xlpm.x,SUM(_xlfn._xlws.FILTER(_xlpm.proc,_xlpm.dt=_xlpm.x,0)))),_xlfn.MAP(_xlpm.u,_xlfn.LAMBDA(_xlpm.x,SUM(_xlfn._xlws.FILTER(_xlpm.g,_xlpm.dt=_xlpm.x,0)))),_xlfn.MAP(_xlpm.u,_xlfn.LAMBDA(_xlpm.x,IFERROR(AVERAGE(_xlfn._xlws.FILTER(_xlpm.av,(_xlpm.dt=_xlpm.x)*ISNUMBER(_xlpm.av))),""))),_xlfn.MAP(_xlpm.u,_xlfn.LAMBDA(_xlpm.x,SUM(_xlfn._xlws.FILTER(_xlpm.g,(_xlpm.dt=_xlpm.x)*(_xlpm.sh="M"),0)))),_xlfn.MAP(_xlpm.u,_xlfn.LAMBDA(_xlpm.x,SUM(_xlfn._xlws.FILTER(_xlpm.g,(_xlpm.dt=_xlpm.x)*(_xlpm.sh="E"),0)))),_xlfn.MAP(_xlpm.u,_xlfn.LAMBDA(_xlpm.x,SUM(_xlfn._xlws.FILTER(_xlpm.g,(_xlpm.dt=_xlpm.x)*(_xlpm.sh="M"),0))-SUM(_xlfn._xlws.FILTER(_xlpm.g,(_xlpm.dt=_xlpm.x)*(_xlpm.sh="E"),0))))))} -> 46023 | S61: 9426.2 | T61: 14084.7 | U61: 573.56 | V61: 24.556629 | W61: 573.56 | X61: 0 | Y61: 573.56 | AA61: {=_xlfn.LET(_xlpm.v,_xlfn.ANCHORARRAY($BR$3),_xlpm.dt,_xlfn.CHOOSECOLS(_xlpm.v,1),_xlpm.ws,_xlpm.dt-WEEKDAY(_xlpm.dt,2)+1,_xlpm.u,_xlfn._xlws.SORT(_xlfn.UNIQUE(_xlfn._xlws.FILTER(_xlpm.ws,_xlpm.dt>0))),_xlpm.milk,_xlfn.CHOOSECOLS(_xlpm.v,8),_xlpm.proc,_xlfn.CHOOSECOLS(_xlpm.v,14),_xlpm.g,_xlfn.CHOOSECOLS(_xlpm.v,15),_xlpm.av,_xlfn.CHOOSECOLS(_xlpm.v,16),_xlfn.HSTACK(_xlpm.u,_xlpm.u+6,_xlfn.MAP(_xlpm.u,_xlfn.LAMBDA(_xlpm.x,SUM(_xlfn._xlws.FILTER(_xlpm.milk,_xlpm.ws=_xlpm.x,0)))),_xlfn.MAP(_xlpm.u,_xlfn.LAMBDA(_xlpm.x,SUM(_xlfn._xlws.FILTER(_xlpm.proc,_xlpm.ws=_xlpm.x,0)))),_xlfn.MAP(_xlpm.u,_xlfn.LAMBDA(_xlpm.x,SUM(_xlfn._xlws.FILTER(_xlpm.g,_xlpm.ws=_xlpm.x,0)))),_xlfn.MAP(_xlpm.u,_xlfn.LAMBDA(_xlpm.x,IFERROR(AVERAGE(_xlfn._xlws.FILTER(_xlpm.av,(_xlpm.ws=_xlpm.x)*ISNUMBER(_xlpm.av))),""))),_xlfn.MAP(_xlpm.u,_xlfn.LAMBDA(_xlpm.x,COUNT(_xlfn._xlws.FILTER(_xlpm.g,(_xlpm.ws=_xlpm.x)*ISNUMBER(_xlpm.g)))))))} -> 46020 | AB61: 46026 | AC61: 37503 | AD61: 42310.3 | AE61: 1720.67 | AF61: 24.592762 | AG61: 4 | AI61: {=_xlfn.LET(_xlpm.v,_xlfn.ANCHORARRAY($BR$3),_xlpm.dt,_xlfn.CHOOSECOLS(_xlpm.v,1),_xlpm.ms,EOMONTH(_xlpm.dt,-1)+1,_xlpm.u,_xlfn._xlws.SORT(_xlfn.UNIQUE(_xlfn._xlws.FILTER(_xlpm.ms,_xlpm.dt>0))),_xlpm.milk,_xlfn.CHOOSECOLS(_xlpm.v,8),_xlpm.proc,_xlfn.CHOOSECOLS(_xlpm.v,14),_xlpm.g,_xlfn.CHOOSECOLS(_xlpm.v,15),_xlpm.av,_xlfn.CHOOSECOLS(_xlpm.v,16),_xlfn.HSTACK(_xlpm.u,_xlfn.MAP(_xlpm.u,_xlfn.LAMBDA(_xlpm.x,SUM(_xlfn._xlws.FILTER(_xlpm.milk,_xlpm.ms=_xlpm.x,0)))),_xlfn.MAP(_xlpm.u,_xlfn.LAMBDA(_xlpm.x,SUM(_xlfn._xlws.FILTER(_xlpm.proc,_xlpm.ms=_xlpm.x,0)))),_xlfn.MAP(_xlpm.u,_xlfn.LAMBDA(_xlpm.x,SUM(_xlfn._xlws.FILTER(_xlpm.g,_xlpm.ms=_xlpm.x,0)))),_xlfn.MAP(_xlpm.u,_xlfn.LAMBDA(_xlpm.x,IFERROR(AVERAGE(_xlfn._xlws.FILTER(_xlpm.av,(_xlpm.ms=_xlpm.x)*ISNUMBER(_xlpm.av))),""))),_xlfn.MAP(_xlpm.u,_xlfn.LAMBDA(_xlpm.x,IFERROR(MAX(_xlfn._xlws.FILTER(_xlpm.av,(_xlpm.ms=_xlpm.x)*ISNUMBER(_xlpm.av))),""))),_xlfn.MAP(_xlpm.u,_xlfn.LAMBDA(_xlpm.x,IFERROR(MIN(_xlfn._xlws.FILTER(_xlpm.av,(_xlpm.ms=_xlpm.x)*ISNUMBER(_xlpm.av))),""))),_xlfn.MAP(_xlpm.u,_xlfn.LAMBDA(_xlpm.x,COUNT(_xlfn._xlws.FILTER(_xlpm.g,(_xlpm.ms=_xlpm.x)*ISNUMBER(_xlpm.g)))))))} -> 46023 | AJ61: 309600.2 | AK61: 313680.8 | AL61: 12732.84 | AM61: 24.635239 | AN61: 25.000114 | AO61: 24.385916 | AP61: 31 | BA61: 46052 | BB61: E | BC61: 302.4 | BD61: 1737.9 | BE61: 546.9 | BF61: 2209.5 | BH61: 4796.7 | BR61: 46052 | BS61: E | BT61: 302.4 | BU61: 1737.9 | BV61: 546.9 | BW61: 2209.5 | BY61: 4796.7 | EI61: 46081 | EJ61: 8832.2 | EL61: 46081 | EM61: 7551.7 | EN61: 1280.5 | EP61: 46081 | EQ61: 355 | ES61: 46081 | ET61: 25.082817 | EV61: 46081 | EW61: 8904.4 | EX61: 355
A62: 46023 | B62: E | C62: 196 | D62: 1915.6 | E62: 361.6 | F62: 2542.8 | H62: 5016 | R62: 46024 | S62: 9217.6 | T62: 9237.7 | U62: 376.88 | V62: 24.510985 | W62: 0 | X62: 376.88 | Y62: -376.88 | AA62: 46027 | AB62: 46033 | AC62: 73421.7 | AD62: 73524.7 | AE62: 2995.08 | AF62: 24.55238 | AG62: 7 | AI62: 46054 | AJ62: 261219 | AK62: 256658.5 | AL62: 10161.63 | AM62: 25.261879 | AN62: 26.260402 | AO62: 24.756001 | AP62: 28 | BA62: 46052 | BB62: M | BC62: 310.9 | BD62: 1735.7 | BE62: 424.3 | BF62: 2556.4 | BH62: 5027.3 | BK62: 101.6 | BN62: 10407.6 | BO62: 421.36 | BP62: 24.700019 | BR62: 46052 | BS62: M | BT62: 310.9 | BU62: 1735.7 | BV62: 424.3 | BW62: 2556.4 | BY62: 5027.3 | CB62: 101.6 | CE62: 10407.6 | CF62: 421.36 | CG62: 24.700019 | EI62: 46082 | EJ62: 6670.8 | EL62: 46082 | EM62: 1367.7 | EN62: 5303.1 | EP62: 46082 | EQ62: 262 | ES62: 46082 | ET62: 25.211069 | EV62: 46082 | EW62: 6605.3 | EX62: 262
A63: 46024 | B63: M | C63: 232.1 | D63: 1679.7 | E63: 434.4 | F63: 2327.3 | H63: 4673.5 | R63: 46025 | S63: 9542.3 | T63: 9372 | U63: 380.93 | V63: 24.602945 | W63: 0 | X63: 380.93 | Y63: -380.93 | AA63: 46034 | AB63: 46040 | AC63: 69299.3 | AD63: 69073.4 | AE63: 2801.22 | AF63: 24.658233 | AG63: 7 | AI63: 46082 | AJ63: 211282.2 | AK63: 211303.7 | AL63: 8123.76 | AM63: 26.01557 | AN63: 27.160467 | AO63: 24.88893 | AP63: 31 | BA63: 46053 | BB63: E | BC63: 264.4 | BD63: 1638.3 | BE63: 579.9 | BF63: 2999.3 | BH63: 5481.9 | BR63: 46053 | BS63: E | BT63: 264.4 | BU63: 1638.3 | BV63: 579.9 | BW63: 2999.3 | BY63: 5481.9 | EI63: 46083 | EJ63: 6578.2 | EL63: 46083 | EM63: 1317.2 | EN63: 5261 | EP63: 46083 | EQ63: 255.19 | ES63: 46083 | ET63: 25.957522 | EV63: 46083 | EW63: 6624.1 | EX63: 255.19
A64: 46024 | B64: E | C64: 204.4 | D64: 1516.6 | E64: 342.8 | F64: 2480.3 | H64: 4544.1 | K64: 15 | N64: 9237.7 | O64: 376.88 | P64: 24.510985 | R64: 46026 | S64: 9316.9 | T64: 9615.9 | U64: 389.3 | V64: 24.700488 | W64: 0 | X64: 389.3 | Y64: -389.3 | AA64: 46041 | AB64: 46047 | AC64: 66792.3 | AD64: 66566.7 | AE64: 2705.74 | AF64: 24.596881 | AG64: 7 | AI64: 46113 | AJ64: 309089.9 | AK64: 307783.5 | AL64: 11952.95 | AM64: 25.749331 | AN64: 25.890302 | AO64: 25.598714 | AP64: 30 | BA64: 46053 | BB64: M | BC64: 280.7 | BD64: 1610.3 | BE64: 474.2 | BF64: 3620.4 | BH64: 5985.6 | BK64: 15 | BN64: 10977.8 | BO64: 439.11 | BP64: 25.000114 | BR64: 46053 | BS64: M | BT64: 280.7 | BU64: 1610.3 | BV64: 474.2 | BW64: 3620.4 | BY64: 5985.6 | CB64: 15 | CE64: 10977.8 | CF64: 439.11 | CG64: 25.000114 | EI64: 46084 | EJ64: 6773.3 | EL64: 46084 | EM64: 1378.1 | EN64: 5395.2 | EP64: 46084 | EQ64: 259.47 | ES64: 46084 | ET64: 25.762901 | EV64: 46084 | EW64: 6684.7 | EX64: 259.47
A65: 46025 | B65: M | C65: 223 | D65: 1765.4 | E65: 434.4 | F65: 2285.8 | H65: 4708.6 | R65: 46027 | S65: 9544.4 | T65: 9553.6 | U65: 387.93 | V65: 24.627123 | W65: 0 | X65: 387.93 | Y65: -387.93 | AA65: 46048 | AB65: 46054 | AC65: 72800.2 | AD65: 72458.8 | AE65: 2921.83 | AF65: 24.796171 | AG65: 7 | AI65: 46143 | AJ65: 282429.22 | AK65: 277022.62 | AL65: 11175.73 | AM65: 25.699136 | AN65: 25.931444 | AO65: 22.156275 | AP65: 31 | BA65: 46054 | BB65: M | BC65: 307.8 | BD65: 1740.6 | BE65: 552.4 | BF65: 2406.4 | BH65: 5007.2 | BR65: 46054 | BS65: M | BT65: 307.8 | BU65: 1740.6 | BV65: 552.4 | BW65: 2406.4 | BY65: 5007.2 | EI65: 46085 | EJ65: 6845 | EL65: 46085 | EM65: 1304.5 | EN65: 5540.5 | EP65: 46085 | EQ65: 268 | ES65: 46085 | ET65: 25.694403 | EV65: 46085 | EW65: 6886.1 | EX65: 268
A66: 46025 | B66: E | C66: 203.6 | D66: 1641.7 | E66: 361.5 | F66: 2626.9 | H66: 4833.7 | K66: 15 | N66: 9372 | O66: 380.93 | P66: 24.602945 | R66: 46028 | S66: 9623.9 | T66: 15113.5 | U66: 616.75 | V66: 24.505067 | W66: 0 | X66: 616.75 | Y66: -616.75 | AA66: 46055 | AB66: 46061 | AC66: 70889.3 | AD66: 69204.3 | AE66: 2755.5 | AF66: 25.122498 | AG66: 7 | AI66: 46174 | AJ66: 252306.61 | AK66: 252066.11 | AL66: 9798.86 | AM66: 25.727898 | AN66: 25.92334 | AO66: 25.568237 | AP66: 30 | BA66: 46054 | BB66: M | BC66: 293 | BD66: 1720 | BE66: 447.3 | BF66: 2748.8 | BH66: 5209.1 | BK66: 15 | BN66: 10253.1 | BO66: 411.7 | BP66: 24.904299 | BR66: 46054 | BS66: M | BT66: 293 | BU66: 1720 | BV66: 447.3 | BW66: 2748.8 | BY66: 5209.1 | CB66: 15 | CE66: 10253.1 | CF66: 411.7 | CG66: 24.904299 | EI66: 46086 | EJ66: 6789.8 | EL66: 46086 | EM66: 1360.6 | EN66: 5429.2 | EP66: 46086 | EQ66: 247.03 | ES66: 46086 | ET66: 27.059871 | EV66: 46086 | EW66: 6684.6 | EX66: 247.03
A67: 46026 | B67: M | C67: 211 | D67: 1682.9 | E67: 432.5 | F67: 2226.9 | H67: 4553.3 | R67: 46029 | S67: 15199.3 | T67: 9704.9 | U67: 395.94 | V67: 24.511037 | W67: 0 | X67: 395.94 | Y67: -395.94 | AA67: 46062 | AB67: 46068 | AC67: 71766.3 | AD67: 70233.4 | AE67: 2781.92 | AF67: 25.243105 | AG67: 7 | AI67: 46204 | AJ67: 251546.7 | AK67: 249532.3 | AL67: 10334.87 | AM67: 24.167149 | AN67: 25.65177 | AO67: 22.731126 | AP67: 31 | BA67: 46055 | BB67: E | BC67: 308.4 | BD67: 1737.6 | BE67: 447 | BF67: 2566 | BH67: 5059 | BR67: 46055 | BS67: E | BT67: 308.4 | BU67: 1737.6 | BV67: 447 | BW67: 2566 | BY67: 5059 | EI67: 46087 | EJ67: 6585.1 | EL67: 46087 | EM67: 1270.4 | EN67: 5314.7 | EP67: 46087 | EQ67: 259.57 | ES67: 46087 | ET67: 25.592711 | EV67: 46087 | EW67: 6643.1 | EX67: 259.57
A68: 46026 | B68: E | C68: 208.1 | D68: 1644.3 | E68: 349 | F68: 2562.2 | H68: 4763.6 | K68: 15 | N68: 9615.9 | O68: 389.3 | P68: 24.700488 | R68: 46030 | S68: 9581.2 | T68: 9661.7 | U68: 396.2 | V68: 24.385916 | W68: 0 | X68: 396.2 | Y68: -396.2 | AA68: 46069 | AB68: 46075 | AC68: 63658 | AD68: 62414.4 | AE68: 2446.54 | AF68: 25.497034 | AG68: 7 | AI68: 46235 | AJ68: 283470.3 | AK68: 282343.2 | AL68: 12180.26 | AM68: 23.143155 | AN68: 23.861267 | AO68: 22.111708 | AP68: 31 | BA68: 46055 | BB68: M | BC68: 289.1 | BD68: 1727.2 | BE68: 442.7 | BF68: 2590.8 | BH68: 5049.8 | BK68: 140 | BN68: 10044.5 | BO68: 405.74 | BP68: 24.756001 | BR68: 46055 | BS68: M | BT68: 289.1 | BU68: 1727.2 | BV68: 442.7 | BW68: 2590.8 | BY68: 5049.8 | CB68: 140 | CE68: 10044.5 | CF68: 405.74 | CG68: 24.756001 | EI68: 46088 | EJ68: 6394.7 | EL68: 46088 | EM68: 1343.4 | EN68: 5051.3 | EP68: 46088 | EQ68: 246.46 | ES68: 46088 | ET68: 25.617544 | EV68: 46088 | EW68: 6313.7 | EX68: 246.46
A69: 46027 | B69: M | C69: 219.8 | D69: 1766 | E69: 441.3 | F69: 2440.2 | H69: 4867.3 | R69: 46031 | S69: 9895.2 | T69: 9701.4 | U69: 392.19 | V69: 24.73648 | W69: 0 | X69: 392.19 | Y69: -392.19 | AA69: 46076 | AB69: 46082 | AC69: 51359.9 | AD69: 51158.6 | AE69: 2027.97 | AF69: 25.228703 | AG69: 7 | AI69: 46266 | AJ69: 263972.1 | AK69: 271938.3 | AL69: 11773.44 | AM69: 23.133762 | AN69: 24.531409 | AO69: 21.891517 | AP69: 30 | BA69: 46056 | BB69: E | BC69: 318.9 | BD69: 1744.5 | BE69: 498.1 | BF69: 2573.2 | BH69: 5134.7 | BR69: 46056 | BS69: E | BT69: 318.9 | BU69: 1744.5 | BV69: 498.1 | BW69: 2573.2 | BY69: 5134.7 | EI69: 46089 | EJ69: 6479.8 | EL69: 46089 | EM69: 1277.4 | EN69: 5202.4 | EP69: 46089 | EQ69: 253.24 | ES69: 46089 | ET69: 25.914547 | EV69: 46089 | EW69: 6562.6 | EX69: 253.24
A70: 46027 | B70: E | C70: 228.3 | D70: 1518.5 | E70: 373.3 | F70: 2557 | H70: 4677.1 | K70: 15 | N70: 9553.6 | O70: 387.93 | P70: 24.627123 | R70: 46032 | S70: 9615.3 | T70: 9834.5 | U70: 401.4 | V70: 24.500498 | W70: 0 | X70: 401.4 | Y70: -401.4 | AA70: 46083 | AB70: 46089 | AC70: 46445.9 | AD70: 46398.9 | AE70: 1788.96 | AF70: 25.942786 | AG70: 7 | AI70: 46296 | AJ70: 129457.9 | AK70: 118942 | AL70: 3788.86 | AM70: 22.751132 | AN70: 24.601761 | AO70: 22.034721 | AP70: 9 | BA70: 46056 | BB70: M | BC70: 274.9 | BD70: 1663.9 | BE70: 435.6 | BF70: 2661.6 | BH70: 5036 | BK70: 15 | BN70: 10003.9 | BO70: 380.95 | BP70: 26.260402 | BR70: 46056 | BS70: M | BT70: 274.9 | BU70: 1663.9 | BV70: 435.6 | BW70: 2661.6 | BY70: 5036 | CB70: 15 | CE70: 10003.9 | CF70: 380.95 | CG70: 26.260402 | EI70: 46090 | EJ70: 6629.2 | EL70: 46090 | EM70: 1375.2 | EN70: 5254 | EP70: 46090 | EQ70: 242.31 | ES70: 46090 | ET70: 26.147497 | EV70: 46090 | EW70: 6335.8 | EX70: 242.31
A71: 46028 | B71: M | C71: 238.3 | D71: 1724.6 | E71: 468 | F71: 2460.6 | H71: 4891.5 | R71: 46033 | S71: 9962.4 | T71: 9955.1 | U71: 404.67 | V71: 24.600539 | W71: 404.67 | X71: 0 | Y71: 404.67 | AA71: 46090 | AB71: 46096 | AC71: 47172.6 | AD71: 46886.9 | AE71: 1813.56 | AF71: 25.866988 | AG71: 7 | BA71: 46057 | BB71: E | BC71: 324.8 | BD71: 1758 | BE71: 586 | BF71: 2314.1 | BH71: 4982.9 | BR71: 46057 | BS71: E | BT71: 324.8 | BU71: 1758 | BV71: 586 | BW71: 2314.1 | BY71: 4982.9 | EI71: 46091 | EJ71: 6828.2 | EL71: 46091 | EM71: 1347.8 | EN71: 5480.4 | EP71: 46091 | EQ71: 254.89 | ES71: 46091 | ET71: 26.905332 | EV71: 46091 | EW71: 6857.9 | EX71: 254.89
A72: 46028 | B72: E | C72: 215.1 | D72: 1629.9 | E72: 359.2 | F72: 2528.2 | H72: 4732.4 | K72: 15 | N72: 15113.5 | O72: 616.75 | P72: 24.505067 | R72: 46034 | S72: 9915 | T72: 9767.7 | U72: 397 | V72: 24.603778 | W72: 397 | X72: 0 | Y72: 397 | AA72: 46097 | AB72: 46103 | AC72: 47362.8 | AD72: 47059.6 | AE72: 1767.64 | AF72: 26.632398 | AG72: 7 | BA72: 46057 | BB72: M | BC72: 294.5 | BD72: 1670 | BE72: 448.7 | BF72: 2597.3 | BH72: 5010.5 | BK72: 15 | BN72: 9625.4 | BO72: 385.94 | BP72: 24.940146 | BR72: 46057 | BS72: M | BT72: 294.5 | BU72: 1670 | BV72: 448.7 | BW72: 2597.3 | BY72: 5010.5 | CB72: 15 | CE72: 9625.4 | CF72: 385.94 | CG72: 24.940146 | EI72: 46092 | EJ72: 6709.7 | EL72: 46092 | EM72: 1392.5 | EN72: 5317.2 | EP72: 46092 | EQ72: 257.14 | ES72: 46092 | ET72: 26.063623 | EV72: 46092 | EW72: 6702 | EX72: 257.14
A73: 46029 | B73: M | C73: 233.2 | D73: 7532.4 | E73: 459.7 | F73: 2170.8 | H73: 10396.1 | R73: 46035 | S73: 9966.1 | T73: 9915.3 | U73: 401.4 | V73: 24.701794 | W73: 401.4 | X73: 0 | Y73: 401.4 | AA73: 46104 | AB73: 46110 | AC73: 49434.8 | AD73: 49308 | AE73: 1906.97 | AF73: 25.816428 | AG73: 7 | BA73: 46058 | BB73: E | BC73: 302.3 | BD73: 1704.7 | BE73: 539.8 | BF73: 2083.1 | BH73: 4629.9 | BR73: 46058 | BS73: E | BT73: 302.3 | BU73: 1704.7 | BV73: 539.8 | BW73: 2083.1 | BY73: 4629.9 | EI73: 46093 | EJ73: 6826.6 | EL73: 46093 | EM73: 1399.8 | EN73: 5426.8 | EP73: 46093 | EQ73: 269.13 | ES73: 46093 | ET73: 25.372497 | EV73: 46093 | EW73: 6828.5 | EX73: 269.13
A74: 46029 | B74: E | C74: 222.2 | D74: 1746.2 | E74: 377.3 | F74: 2457.5 | H74: 4803.2 | K74: 15 | N74: 9704.9 | O74: 395.94 | P74: 24.511037 | R74: 46036 | S74: 10070.9 | T74: 9990.7 | U74: 404.48 | V74: 24.700109 | W74: 404.48 | X74: 0 | Y74: 404.48 | AA74: 46111 | AB74: 46117 | AC74: 64654.4 | AD74: 65768.6 | AE74: 2554.51 | AF74: 25.744165 | AG74: 7 | BA74: 46058 | BB74: M | BC74: 284.6 | BD74: 1575.6 | BE74: 442.4 | BF74: 2731.2 | BH74: 5033.8 | BK74: 15 | BN74: 10229 | BO74: 409.16 | BP74: 25 | BR74: 46058 | BS74: M | BT74: 284.6 | BU74: 1575.6 | BV74: 442.4 | BW74: 2731.2 | BY74: 5033.8 | CB74: 15 | CE74: 10229 | CF74: 409.16 | CG74: 25 | EI74: 46094 | EJ74: 6737.2 | EL74: 46094 | EM74: 1416.7 | EN74: 5320.5 | EP74: 46094 | EQ74: 271 | ES74: 46094 | ET74: 24.88893 | EV74: 46094 | EW74: 6744.9 | EX74: 271
A75: 46030 | B75: M | C75: 239.8 | D75: 1761.4 | E75: 480.4 | F75: 2435.1 | H75: 4916.7 | R75: 46037 | S75: 10049.6 | T75: 9924.1 | U75: 403.41 | V75: 24.60053 | W75: 403.41 | X75: 0 | Y75: 403.41 | AA75: 46118 | AB75: 46124 | AC75: 71607.8 | AD75: 71291.4 | AE75: 2777.1 | AF75: 25.67117 | AG75: 7 | BA75: 46059 | BB75: E | BC75: 296.1 | BD75: 1761.3 | BE75: 514.2 | BF75: 2638.6 | BH75: 5210.2 | BR75: 46059 | BS75: E | BT75: 296.1 | BU75: 1761.3 | BV75: 514.2 | BW75: 2638.6 | BY75: 5210.2 | EI75: 46095 | EJ75: 6639.1 | EL75: 46095 | EM75: 1439.4 | EN75: 5199.7 | EP75: 46095 | EQ75: 258 | ES75: 46095 | ET75: 25.311628 | EV75: 46095 | EW75: 6530.4 | EX75: 258
A76: 46030 | B76: E | C76: 230.1 | D76: 1491.8 | E76: 391 | F76: 2551.6 | H76: 4664.5 | K76: 15 | N76: 9661.7 | O76: 396.2 | P76: 24.385916 | R76: 46038 | S76: 9517.1 | T76: 9594.4 | U76: 388.43 | V76: 24.700461 | W76: 388.43 | X76: 0 | Y76: 388.43 | AA76: 46125 | AB76: 46131 | AC76: 72132.6 | AD76: 71858.8 | AE76: 2790.8 | AF76: 25.748718 | AG76: 7 | BA76: 46059 | BB76: M | BC76: 295.6 | BD76: 1641.2 | BE76: 472.2 | BF76: 2698.4 | BH76: 5107.4 | BK76: 15 | BN76: 8487.7 | BO76: 339.5 | BP76: 25.000589 | BR76: 46059 | BS76: M | BT76: 295.6 | BU76: 1641.2 | BV76: 472.2 | BW76: 2698.4 | BY76: 5107.4 | CB76: 15 | CE76: 8487.7 | CF76: 339.5 | CG76: 25.000589 | EI76: 46096 | EJ76: 6802.6 | EL76: 46096 | EM76: 1345.7 | EN76: 5456.9 | EP76: 46096 | EQ76: 261.09 | ES76: 46096 | ET76: 26.379409 | EV76: 46096 | EW76: 6887.4 | EX76: 261.09
A77: 46031 | B77: M | C77: 263 | D77: 1763.8 | E77: 486.8 | F77: 2498.6 | H77: 5012.2 | R77: 46039 | S77: 9916.8 | T77: 9775.5 | U77: 397.37 | V77: 24.600498 | W77: 397.37 | X77: 0 | Y77: 397.37 | AA77: 46132 | AB77: 46138 | AC77: 73076.4 | AD77: 72781.2 | AE77: 2824.7 | AF77: 25.765987 | AG77: 7 | BA77: 46060 | BB77: E | BC77: 300.3 | BD77: 90.5 | BE77: 550.2 | BF77: 2454.3 | BH77: 3395.3 | BR77: 46060 | BS77: E | BT77: 300.3 | BU77: 90.5 | BV77: 550.2 | BW77: 2454.3 | BY77: 3395.3 | EI77: 46097 | EJ77: 6767.9 | EL77: 46097 | EM77: 1445.5 | EN77: 5322.4 | EP77: 46097 | EQ77: 244.79 | ES77: 46097 | ET77: 26.431227 | EV77: 46097 | EW77: 6470.1 | EX77: 244.79
A78: 46031 | B78: E | C78: 215.7 | D78: 1653.1 | E78: 389.7 | F78: 2624.5 | H78: 4883 | K78: 15 | N78: 9701.4 | O78: 392.19 | P78: 24.73648 | R78: 46040 | S78: 9863.8 | T78: 10105.7 | U78: 409.13 | V78: 24.700462 | W78: 409.13 | X78: 0 | Y78: 409.13 | AA78: 46139 | AB78: 46145 | AC78: 64872.4 | AD78: 61831.9 | AE78: 2800.57 | AF78: 25.819126 | AG78: 7 | BA78: 46060 | BB78: M | BC78: 288.8 | BD78: 3215.7 | BE78: 459.2 | BF78: 2948.4 | BH78: 6912.1 | BK78: 15 | BN78: 10357.3 | BO78: 415.95 | BP78: 24.900349 | BR78: 46060 | BS78: M | BT78: 288.8 | BU78: 3215.7 | BV78: 459.2 | BW78: 2948.4 | BY78: 6912.1 | CB78: 15 | CE78: 10357.3 | CF78: 415.95 | CG78: 24.900349 | EI78: 46098 | EJ78: 6818.1 | EL78: 46098 | EM78: 1412.7 | EN78: 5405.4 | EP78: 46098 | EQ78: 262.06 | ES78: 46098 | ET78: 26.119973 | EV78: 46098 | EW78: 6845 | EX78: 262.06
A79: 46032 | B79: M | C79: 248.9 | D79: 1687.7 | E79: 487.3 | F79: 2409.5 | H79: 4833.4 | R79: 46041 | S79: 10138.6 | T79: 9980.2 | U79: 405.69 | V79: 24.600557 | W79: 405.69 | X79: 0 | Y79: 405.69 | AA79: 46146 | AB79: 46152 | AC79: 74068.5 | AD79: 74024.3 | AE79: 2868.68 | AF79: 25.804444 | AG79: 7 | BA79: 46061 | BB79: E | BC79: 293.3 | BD79: 85.7 | BE79: 540.2 | BF79: 2541 | BH79: 3460.2 | BR79: 46061 | BS79: E | BT79: 293.3 | BU79: 85.7 | BV79: 540.2 | BW79: 2541 | BY79: 3460.2 | EI79: 46099 | EJ79: 6857 | EL79: 46099 | EM79: 1454.6 | EN79: 5402.4 | EP79: 46099 | EQ79: 262.58 | ES79: 46099 | ET79: 26.012644 | EV79: 46099 | EW79: 6830.4 | EX79: 262.58
A80: 46032 | B80: E | C80: 213.4 | D80: 1646.6 | E80: 393.7 | F80: 2528.2 | H80: 4781.9 | K80: 15 | N80: 9834.5 | O80: 401.4 | P80: 24.500498 | R80: 46042 | S80: 7000.1 | T80: 6977.6 | U80: 284.79 | V80: 24.50086 | W80: 284.79 | X80: 0 | Y80: 284.79 | AA80: 46153 | AB80: 46159 | AC80: 74909.71 | AD80: 73436.01 | AE80: 2842.19 | AF80: 25.836996 | AG80: 7 | BA80: 46061 | BB80: M | BC80: 280.3 | BD80: 3301.5 | BE80: 443 | BF80: 2842.7 | BH80: 6867.5 | BK80: 15 | BN80: 10456.5 | BO80: 418.26 | BP80: 25 | BR80: 46061 | BS80: M | BT80: 280.3 | BU80: 3301.5 | BV80: 443 | BW80: 2842.7 | BY80: 6867.5 | CB80: 15 | CE80: 10456.5 | CF80: 418.26 | CG80: 25 | EI80: 46100 | EJ80: 6876.9 | EL80: 46100 | EM80: 1443 | EN80: 5433.9 | EP80: 46100 | EQ80: 256.14 | ES80: 46100 | ET80: 26.961818 | EV80: 46100 | EW80: 6906 | EX80: 256.14
A81: 46033 | B81: M | C81: 245.8 | D81: 1882 | E81: 475.1 | F81: 2464.7 | H81: 5067.6 | R81: 46043 | S81: 9829.7 | T81: 9756.5 | U81: 397 | V81: 24.575567 | W81: 397 | X81: 0 | Y81: 397 | AA81: 46160 | AB81: 46166 | AC81: 57614.2 | AD81: 57418 | AE81: 2221.12 | AF81: 25.848657 | AG81: 7 | BA81: 46062 | BB81: E | BC81: 301.9 | BD81: 84.8 | BE81: 505.3 | BF81: 2712 | BH81: 3604 | BR81: 46062 | BS81: E | BT81: 301.9 | BU81: 84.8 | BV81: 505.3 | BW81: 2712 | BY81: 3604 | EI81: 46101 | EJ81: 6231 | EL81: 46101 | EM81: 1487.1 | EN81: 4743.9 | EP81: 46101 | EQ81: 227.15 | ES81: 46101 | ET81: 27.160467 | EV81: 46101 | EW81: 6169.5 | EX81: 227.15
A82: 46033 | B82: M | C82: 248.4 | D82: 1599.4 | E82: 398.7 | F82: 2648.3 | H82: 4894.8 | K82: 15 | N82: 9955.1 | O82: 404.67 | P82: 24.600539 | R82: 46044 | S82: 9931 | T82: 9864.6 | U82: 402.63 | V82: 24.50041 | W82: 402.63 | X82: 0 | Y82: 402.63 | AA82: 46167 | AB82: 46173 | AC82: 52778.41 | AD82: 51440.91 | AE82: 2033.64 | AF82: 25.294241 | AG82: 7 | BA82: 46062 | BB82: M | BC82: 248.1 | BD82: 3304.6 | BE82: 420.2 | BF82: 2952.6 | BH82: 6925.5 | BK82: 165 | BN82: 10210.9 | BO82: 405.19 | BP82: 25.200276 | BR82: 46062 | BS82: M | BT82: 248.1 | BU82: 3304.6 | BV82: 420.2 | BW82: 2952.6 | BY82: 6925.5 | CB82: 165 | CE82: 10210.9 | CF82: 405.19 | CG82: 25.200276 | EI82: 46102 | EJ82: 6600 | EL82: 46102 | EM82: 1440.6 | EN82: 5159.4 | EP82: 46102 | EQ82: 248.07 | ES82: 46102 | ET82: 26.735599 | EV82: 46102 | EW82: 6632.3 | EX82: 248.07
A83: 46034 | B83: E | C83: 242.9 | D83: 1777.8 | E83: 534.6 | F83: 2520 | H83: 5075.3 | R83: 46045 | S83: 9937.8 | T83: 9646.6 | U83: 392.13 | V83: 24.600515 | W83: 392.13 | X83: 0 | Y83: 392.13 | AA83: 46174 | AB83: 46180 | AC83: 50991.4 | AD83: 51567.6 | AE83: 1999.97 | AF83: 25.784375 | AG83: 7 | BA83: 46063 | BB83: E | BC83: 297.9 | BD83: 89.8 | BE83: 563.6 | BF83: 2499.1 | BH83: 3450.4 | BR83: 46063 | BS83: E | BT83: 297.9 | BU83: 89.8 | BV83: 563.6 | BW83: 2499.1 | BY83: 3450.4 | EI83: 46103 | EJ83: 7211.9 | EL83: 46103 | EM83: 1487.9 | EN83: 5724 | EP83: 46103 | EQ83: 266.85 | ES83: 46103 | ET83: 27.005059 | EV83: 46103 | EW83: 7206.3 | EX83: 266.85
A84: 46034 | B84: M | C84: 231.8 | D84: 1700.2 | E84: 401.7 | F84: 2506 | H84: 4839.7 | K84: 140 | N84: 9767.7 | O84: 397 | P84: 24.603778 | R84: 46046 | S84: 9784.9 | T84: 10050.1 | U84: 408.54 | V84: 24.600039 | W84: 408.54 | X84: 0 | Y84: 408.54 | AA84: 46181 | AB84: 46187 | AC84: 57071.81 | AD84: 56866.71 | AE84: 2211.49 | AF84: 25.718435 | AG84: 7 | BA84: 46063 | BB84: M | BC84: 273.8 | BD84: 3262.1 | BE84: 438.2 | BF84: 2897 | BH84: 6871.1 | BK84: 15 | BN84: 10249.3 | BO84: 403.51 | BP84: 25.400362 | BR84: 46063 | BS84: M | BT84: 273.8 | BU84: 3262.1 | BV84: 438.2 | BW84: 2897 | BY84: 6871.1 | CB84: 15 | CE84: 10249.3 | CF84: 403.51 | CG84: 25.400362 | EI84: 46104 | EJ84: 6927 | EL84: 46104 | EM84: 1497.3 | EN84: 5429.7 | EP84: 46104 | EQ84: 268.5 | ES84: 46104 | ET84: 25.582868 | EV84: 46104 | EW84: 6869 | EX84: 268.5
A85: 46035 | B85: E | C85: 261 | D85: 1795.2 | E85: 523.9 | F85: 2487.9 | H85: 5068 | R85: 46047 | S85: 10170.2 | T85: 10291.1 | U85: 414.96 | V85: 24.800222 | W85: 414.96 | X85: 0 | Y85: 414.96 | AA85: 46188 | AB85: 46194 | AC85: 61610.2 | AD85: 61355.2 | AE85: 2382.27 | AF85: 25.755386 | AG85: 7 | BA85: 46064 | BB85: M | BC85: 281.8 | BD85: 92.2 | BE85: 488.7 | BF85: 2530.5 | BH85: 3393.2 | BR85: 46064 | BS85: M | BT85: 281.8 | BU85: 92.2 | BV85: 488.7 | BW85: 2530.5 | BY85: 3393.2 | EI85: 46105 | EJ85: 2859.3 | EL85: 46105 | EM85: 1454.3 | EN85: 1405 | EP85: 46105 | EQ85: 110.16 | ES85: 46105 | ET85: 25.902324 | EV85: 46105 | EW85: 2853.4 | EX85: 110.16
A86: 46035 | B86: M | C86: 238.3 | D86: 1577.2 | E86: 442.5 | F86: 2640.1 | H86: 4898.1 | K86: 15 | N86: 9915.3 | O86: 401.4 | P86: 24.701794 | R86: 46048 | S86: 10221.2 | T86: 10017.3 | U86: 405.55 | V86: 24.70053 | W86: 405.55 | X86: 0 | Y86: 405.55 | AA86: 46195 | AB86: 46201 | AC86: 64407.6 | AD86: 64264.2 | AE86: 2501.25 | AF86: 25.692744 | AG86: 7 | BA86: 46064 | BB86: M | BC86: 274.7 | BD86: 3491.2 | BE86: 460.1 | BF86: 2625.6 | BH86: 6851.6 | BK86: 15 | BN86: 10153.7 | BO86: 401.33 | BP86: 25.300127 | BR86: 46064 | BS86: M | BT86: 274.7 | BU86: 3491.2 | BV86: 460.1 | BW86: 2625.6 | BY86: 6851.6 | CB86: 15 | CE86: 10153.7 | CF86: 401.33 | CG86: 25.300127 | EI86: 46106 | EJ86: 11320.7 | EL86: 46106 | EM86: 1463.4 | EN86: 9857.3 | EP86: 46106 | EQ86: 429.44 | ES86: 46106 | ET86: 26.400196 | EV86: 46106 | EW86: 11337.3 | EX86: 429.44
A87: 46036 | B87: E | C87: 255.4 | D87: 1788.9 | E87: 553.3 | F87: 2434.6 | H87: 5032.2 | R87: 46049 | S87: 10340.7 | T87: 10451.7 | U87: 423 | V87: 24.708511 | W87: 423 | X87: 0 | Y87: 423 | AA87: 46202 | AB87: 46208 | AC87: 61184.1 | AD87: 60618.5 | AE87: 2371.88 | AF87: 25.555215 | AG87: 7 | BA87: 46065 | BB87: E | BC87: 300.1 | BD87: 94.4 | BE87: 561.8 | BF87: 2360.8 | BH87: 3317.1 | BR87: 46065 | BS87: E | BT87: 300.1 | BU87: 94.4 | BV87: 561.8 | BW87: 2360.8 | BY87: 3317.1 | EI87: 46107 | EJ87: 6886.5 | EL87: 46107 | EM87: 1495 | EN87: 5391.5 | EP87: 46107 | EQ87: 266.1 | ES87: 46107 | ET87: 25.791432 | EV87: 46107 | EW87: 6863.1 | EX87: 266.1
A88: 46036 | B88: M | C88: 247.2 | D88: 1677.9 | E88: 434.9 | F88: 2678.7 | H88: 5038.7 | K88: 15 | N88: 9990.7 | O88: 404.48 | P88: 24.700109 | R88: 46050 | S88: 10376.1 | T88: 10547.7 | U88: 422.61 | V88: 24.958472 | W88: 422.61 | X88: 0 | Y88: 422.61 | AA88: 46209 | AB88: 46215 | AC88: 56560.6 | AD88: 56643.7 | AE88: 2296.96 | AF88: 24.666045 | AG88: 7 | BA88: 46065 | BB88: M | BC88: 274.2 | BD88: 3677.3 | BE88: 414 | BF88: 2813.2 | BH88: 7178.7 | BK88: 15 | BN88: 10436.6 | BO88: 412.51 | BP88: 25.300235 | BR88: 46065 | BS88: M | BT88: 274.2 | BU88: 3677.3 | BV88: 414 | BW88: 2813.2 | BY88: 7178.7 | CB88: 15 | CE88: 10436.6 | CF88: 412.51 | CG88: 25.300235 | EI88: 46108 | EJ88: 7125.4 | EL88: 46108 | EM88: 1486.6 | EN88: 5638.8 | EP88: 46108 | EQ88: 275.32 | ES88: 46108 | ET88: 25.600755 | EV88: 46108 | EW88: 7048.4 | EX88: 275.32
A89: 46037 | B89: E | C89: 277 | D89: 1799 | E89: 544.7 | F89: 2346.3 | H89: 4967 | R89: 46051 | S89: 10354.4 | T89: 9803.6 | U89: 398.5 | V89: 24.601255 | W89: 398.5 | X89: 0 | Y89: 398.5 | AA89: 46216 | AB89: 46222 | AC89: 60652.6 | AD89: 59297 | AE89: 2459.39 | AF89: 24.115649 | AG89: 7 | BA89: 46066 | BB89: E | BC89: 298.1 | BD89: 87.4 | BE89: 465.1 | BF89: 2422.3 | BH89: 3272.9 | BR89: 46066 | BS89: E | BT89: 298.1 | BU89: 87.4 | BV89: 465.1 | BW89: 2422.3 | BY89: 3272.9 | EI89: 46109 | EJ89: 7178.4 | EL89: 46109 | EM89: 1424.6 | EN89: 5753.8 | EP89: 46109 | EQ89: 281.35 | ES89: 46109 | ET89: 25.700729 | EV89: 46109 | EW89: 7230.9 | EX89: 281.35
A90: 46037 | B90: M | C90: 242.9 | D90: 1740.7 | E90: 450.5 | F90: 2648.5 | H90: 5082.6 | K90: 15 | N90: 9924.1 | O90: 403.41 | P90: 24.60053 | R90: 46052 | S90: 9824 | T90: 10407.6 | U90: 421.36 | V90: 24.700019 | W90: 421.36 | X90: 0 | Y90: 421.36 | AA90: 46223 | AB90: 46229 | AC90: 54224.4 | AD90: 54029.1 | AE90: 2298.14 | AF90: 23.545651 | AG90: 7 | BA90: 46066 | BB90: M | BC90: 266.7 | BD90: 3427.5 | BE90: 443 | BF90: 2735.8 | BH90: 6873 | BK90: 15 | BN90: 10003.5 | BO90: 396.96 | BP90: 25.200272 | BR90: 46066 | BS90: M | BT90: 266.7 | BU90: 3427.5 | BV90: 443 | BW90: 2735.8 | BY90: 6873 | CB90: 15 | CE90: 10003.5 | CF90: 396.96 | CG90: 25.200272 | EI90: 46110 | EJ90: 7137.5 | EL90: 46110 | EM90: 1492.1 | EN90: 5645.4 | EP90: 46110 | EQ90: 276.1 | ES90: 46110 | ET90: 25.73669 | EV90: 46110 | EW90: 7105.9 | EX90: 276.1
A91: 46038 | B91: E | C91: 255 | D91: 1790 | E91: 491.2 | F91: 2320.3 | H91: 4856.5 | R91: 46053 | S91: 11467.5 | T91: 10977.8 | U91: 439.11 | V91: 25.000114 | W91: 439.11 | X91: 0 | Y91: 439.11 | AA91: 46230 | AB91: 46236 | AC91: 55489.6 | AD91: 55274 | AE91: 2405.49 | AF91: 23.035502 | AG91: 7 | BA91: 46067 | BB91: E | BC91: 303.5 | BD91: 95.1 | BE91: 520.4 | BF91: 2226.5 | BH91: 3145.5 | BR91: 46067 | BS91: E | BT91: 303.5 | BU91: 95.1 | BV91: 520.4 | BW91: 2226.5 | BY91: 3145.5 | EI91: 46111 | EJ91: 7115.3 | EL91: 46111 | EM91: 1475.5 | EN91: 5639.8 | EP91: 46111 | EQ91: 271.69 | ES91: 46111 | ET91: 25.680739 | EV91: 46111 | EW91: 6977.2 | EX91: 271.69
A92: 46038 | B92: M | C92: 231.1 | D92: 1569.7 | E92: 380.8 | F92: 2479 | H92: 4660.6 | K92: 15 | N92: 9594.4 | O92: 388.43 | P92: 24.700461 | R92: 46054 | S92: 10216.3 | T92: 10253.1 | U92: 411.7 | V92: 24.904299 | W92: 411.7 | X92: 0 | Y92: 411.7 | AA92: 46237 | AB92: 46243 | AC92: 57875.2 | AD92: 57579.1 | AE92: 2499.95 | AF92: 22.969847 | AG92: 7 | BA92: 46067 | BB92: M | BC92: 276.9 | BD92: 3532 | BE92: 382.9 | BF92: 2599.2 | BH92: 6791 | BK92: 15 | BN92: 10011.9 | BO92: 395.72 | BP92: 25.300465 | BR92: 46067 | BS92: M | BT92: 276.9 | BU92: 3532 | BV92: 382.9 | BW92: 2599.2 | BY92: 6791 | CB92: 15 | CE92: 10011.9 | CF92: 395.72 | CG92: 25.300465 | EI92: 46112 | EJ92: 7080 | EL92: 46112 | EM92: 1508.4 | EN92: 5571.6 | EP92: 46112 | EQ92: 312.94 | ES92: 46112 | ET92: 25.780661 | EV92: 46112 | EW92: 8067.8 | EX92: 312.94
A93: 46039 | B93: E | C93: 259.7 | D93: 1759.8 | E93: 505.4 | F93: 2423.9 | H93: 4948.8 | R93: 46055 | S93: 10108.8 | T93: 10044.5 | U93: 405.74 | V93: 24.756001 | W93: 405.74 | X93: 0 | Y93: 405.74 | AA93: 46244 | AB93: 46250 | AC93: 48582.7 | AD93: 56218.2 | AE93: 2433.64 | AF93: 23.074355 | AG93: 7 | BA93: 46068 | BB93: E | BC93: 300.4 | BD93: 92.3 | BE93: 495.4 | BF93: 2347.8 | BH93: 3235.9 | BR93: 46068 | BS93: E | BT93: 300.4 | BU93: 92.3 | BV93: 495.4 | BW93: 2347.8 | BY93: 3235.9 | EI93: 46113 | EJ93: 9605 | EL93: 46113 | EM93: 2511.2 | EN93: 7093.8 | EP93: 46113 | EQ93: 381.57 | ES93: 46113 | ET93: 25.740231 | EV93: 46113 | EW93: 9821.7 | EX93: 381.57
A94: 46039 | B94: M | C94: 235.4 | D94: 1679.3 | E94: 441.6 | F94: 2611.7 | H94: 4968 | K94: 15 | N94: 9775.5 | O94: 397.37 | P94: 24.600498 | R94: 46056 | S94: 10170.7 | T94: 10003.9 | U94: 380.95 | V94: 26.260402 | W94: 380.95 | X94: 0 | Y94: 380.95 | AA94: 46251 | AB94: 46257 | AC94: 78654.6 | AD94: 70536 | AE94: 3018.76 | AF94: 23.344851 | AG94: 7 | BA94: 46068 | BB94: M | BC94: 285.7 | BD94: 3581.8 | BE94: 388.9 | BF94: 2600 | BH94: 6856.4 | BK94: 15 | BN94: 9167.5 | BO94: 366.7 | BP94: 25 | BR94: 46068 | BS94: M | BT94: 285.7 | BU94: 3581.8 | BV94: 388.9 | BW94: 2600 | BY94: 6856.4 | CB94: 15 | CE94: 9167.5 | CF94: 366.7 | CG94: 25 | EI94: 46114 | EJ94: 9978.3 | EL94: 46114 | EM94: 2777.9 | EN94: 7200.4 | EP94: 46114 | EQ94: 390.6 | ES94: 46114 | ET94: 25.737071 | EV94: 46114 | EW94: 10052.9 | EX94: 390.6
A95: 46040 | B95: E | C95: 277.1 | D95: 1682.8 | E95: 500.2 | F95: 2362.4 | H95: 4822.5 | R95: 46057 | S95: 9993.4 | T95: 9625.4 | U95: 385.94 | V95: 24.940146 | W95: 385.94 | X95: 0 | Y95: 385.94 | AA95: 46258 | AB95: 46264 | AC95: 70814.8 | AD95: 70518.3 | AE95: 3029.86 | AF95: 23.284966 | AG95: 7 | BA95: 46069 | BB95: E | BC95: 283.9 | BD95: 96.9 | BE95: 491.7 | BF95: 1453.6 | BH95: 2326.1 | BR95: 46069 | BS95: E | BT95: 283.9 | BU95: 96.9 | BV95: 491.7 | BW95: 1453.6 | BY95: 2326.1 | EI95: 46115 | EJ95: 10191.1 | EL95: 46115 | EM95: 2922.5 | EN95: 7268.6 | EP95: 46115 | EQ95: 400.4 | ES95: 46115 | ET95: 25.725774 | EV95: 46115 | EW95: 10300.6 | EX95: 400.4
A96: 46040 | B96: M | C96: 251.4 | D96: 1733.4 | E96: 420.7 | F96: 2635.8 | H96: 5041.3 | K96: 15 | N96: 10105.7 | O96: 409.13 | P96: 24.700462 | R96: 46058 | S96: 9663.7 | T96: 10229 | U96: 409.16 | V96: 25 | W96: 409.16 | X96: 0 | Y96: 409.16 | AA96: 46265 | AB96: 46271 | AC96: 67314 | AD96: 66884.1 | AE96: 2887.48 | AF96: 23.158725 | AG96: 7 | BA96: 46069 | BB96: M | BC96: 285.2 | BD96: 3441 | BE96: 246.7 | BF96: 2681.4 | BH96: 6654.3 | BK96: 128 | BN96: 9998 | BO96: 398.32 | BP96: 25.100422 | BR96: 46069 | BS96: M | BT96: 285.2 | BU96: 3441 | BV96: 246.7 | BW96: 2681.4 | BY96: 6654.3 | CB96: 128 | CE96: 9998 | CF96: 398.32 | CG96: 25.100422 | EI96: 46116 | EJ96: 10273.6 | EL96: 46116 | EM96: 3086 | EN96: 7187.6 | EP96: 46116 | EQ96: 396.21 | ES96: 46116 | ET96: 25.801721 | EV96: 46116 | EW96: 10222.9 | EX96: 396.21
A97: 46041 | B97: E | C97: 280.2 | D97: 1781.6 | E97: 514.5 | F97: 2503.1 | H97: 5079.4 | R97: 46059 | S97: 10317.6 | T97: 8487.7 | U97: 339.5 | V97: 25.000589 | W97: 339.5 | X97: 0 | Y97: 339.5 | AA97: 46272 | AB97: 46278 | AC97: 68294.6 | AD97: 67785.4 | AE97: 2937.62 | AF97: 23.148238 | AG97: 7 | BA97: 46070 | BB97: E | BC97: 313.6 | BD97: 83.3 | BE97: 482.7 | BF97: 2592.1 | BH97: 3471.7 | BR97: 46070 | BS97: E | BT97: 313.6 | BU97: 83.3 | BV97: 482.7 | BW97: 2592.1 | BY97: 3471.7 | EI97: 46117 | EJ97: 10411.1 | EL97: 46117 | EM97: 3050.3 | EN97: 7360.8 | EP97: 46117 | EQ97: 401.1 | ES97: 46117 | ET97: 25.742957 | EV97: 46117 | EW97: 10325.5 | EX97: 401.1
A98: 46041 | B98: M | C98: 252.8 | D98: 1706.4 | E98: 430.8 | F98: 2669.2 | H98: 5059.2 | K98: 140 | N98: 9980.2 | O98: 405.69 | P98: 24.600557 | R98: 46060 | S98: 10307.4 | T98: 10357.3 | U98: 415.95 | V98: 24.900349 | W98: 415.95 | X98: 0 | Y98: 415.95 | AA98: 46279 | AB98: 46285 | AC98: 59895.4 | AD98: 59812 | AE98: 2582.71 | AF98: 23.191617 | AG98: 7 | BA98: 46070 | BB98: M | BC98: 305 | BD98: 4049.9 | BE98: 416.6 | BF98: 2947.2 | BH98: 7718.7 | BK98: 15 | BN98: 11068.1 | BO98: 427.33 | BP98: 25.900592 | BR98: 46070 | BS98: M | BT98: 305 | BU98: 4049.9 | BV98: 416.6 | BW98: 2947.2 | BY98: 7718.7 | CB98: 15 | CE98: 11068.1 | CF98: 427.33 | CG98: 25.900592 | EI98: 46118 | EJ98: 9982.5 | EL98: 46118 | EM98: 2979.7 | EN98: 7002.8 | EP98: 46118 | EQ98: 389.68 | ES98: 46118 | ET98: 25.619996 | EV98: 46118 | EW98: 9983.6 | EX98: 389.68
A99: 46042 | B99: E | C99: 287.5 | D99: 1776 | E99: 509.7 | F99: 2487.8 | H99: 5061 | R99: 46061 | S99: 10327.7 | T99: 10456.5 | U99: 418.26 | V99: 25 | W99: 418.26 | X99: 0 | Y99: 418.26 | AA99: 46286 | AB99: 46292 | AC99: 58994.8 | AD99: 58150.8 | AE99: 2511.96 | AF99: 23.196341 | AG99: 7 | BA99: 46071 | BB99: E | BC99: 313.2 | BD99: 88.1 | BE99: 485.1 | BF99: 2478 | BH99: 3364.4 | BR99: 46071 | BS99: E | BT99: 313.2 | BU99: 88.1 | BV99: 485.1 | BW99: 2478 | BY99: 3364.4 | EI99: 46119 | EJ99: 10201.6 | EL99: 46119 | EM99: 2995.8 | EN99: 7205.8 | EP99: 46119 | EQ99: 388.78 | ES99: 46119 | ET99: 25.670302 | EV99: 46119 | EW99: 9980.1 | EX99: 388.78
A100: 46042 | B100: M | C100: 0 | D100: 1674 | E100: 265.1 | F100: 0 | H100: 1939.1 | K100: 15 | N100: 6977.6 | O100: 284.79 | P100: 24.50086 | R100: 46062 | S100: 10529.5 | T100: 10210.9 | U100: 405.19 | V100: 25.200276 | W100: 405.19 | X100: 0 | Y100: 405.19 | AA100: 46293 | AB100: 46299 | AC100: 60182.3 | AD100: 60733.1 | AE100: 2693.89 | AF100: 22.484611 | AG100: 7 | BA100: 46071 | BB100: M | BC100: 286.4 | BD100: 4143.2 | BE100: 431.1 | BF100: 2610.9 | BH100: 7471.6 | BK100: 15 | BN100: 11126.1 | BO100: 432.9 | BP100: 25.701317 | BR100: 46071 | BS100: M | BT100: 286.4 | BU100: 4143.2 | BV100: 431.1 | BW100: 2610.9 | BY100: 7471.6 | CB100: 15 | CE100: 11126.1 | CF100: 432.9 | CG100: 25.701317 | EI100: 46120 | EJ100: 10262.4 | EL100: 46120 | EM100: 2957.3 | EN100: 7305.1 | EP100: 46120 | EQ100: 395 | ES100: 46120 | ET100: 25.705316 | EV100: 46120 | EW100: 10153.6 | EX100: 395
...

Sheet Nira-Bhima 
C1: 1 | D1: 2 | E1: 3 | F1: 4 | G1: 5 | H1: 6
A2: Date | B2: Time
C3: Vitthal | D3: Gangaram | E3: Vijay | F3: Vikram | G3: Ganesh | H3: Gopal | I3: Total ( M/E) | J3: Total Milk ( Liters)
C4: Qty | D4: Qty | E4: Qty | F4: Qty | G4: Qty | H4: Qty
A6: 46316 | B6: M | I6: =SUM(C6:H6) -> 0 | J6: =SUM(I6:I7) -> 0
B7: E | I7: =SUM(C7:H7) -> 0
A8: 46317 | B8: M | I8: =SUM(C8:H8) -> 0 | J8: =SUM(I8:I9) -> 0
B9: E | I9: =SUM(C9:H9) -> 0
A10: 46318 | B10: M | I10: =SUM(C10:H10) -> 0 | J10: =SUM(I10:I11) -> 0
B11: E | I11: =SUM(C11:H11) -> 0
A12: 46319 | B12: M | I12: =SUM(C12:H12) -> 0 | J12: =SUM(I12:I13) -> 0
B13: E | I13: =SUM(C13:H13) -> 0
A14: 46320 | B14: M | I14: =SUM(C14:H14) -> 0 | J14: =SUM(I14:I15) -> 0
B15: E | I15: =SUM(C15:H15) -> 0
A16: 46321 | B16: M | I16: =SUM(C16:H16) -> 0 | J16: =SUM(I16:I17) -> 0
B17: E | I17: =SUM(C17:H17) -> 0
A18: 46322 | B18: M | I18: =SUM(C18:H18) -> 0 | J18: =SUM(I18:I19) -> 0
B19: E | I19: =SUM(C19:H19) -> 0
A20: 46323 | B20: M | I20: =SUM(C20:H20) -> 0 | J20: =SUM(I20:I21) -> 0
B21: E | I21: =SUM(C21:H21) -> 0
A22: 46324 | B22: M | I22: =SUM(C22:H22) -> 0 | J22: =SUM(I22:I23) -> 0
B23: E | I23: =SUM(C23:H23) -> 0
A24: 46325 | B24: M | I24: =SUM(C24:H24) -> 0 | J24: =SUM(I24:I25) -> 0
B25: E | I25: =SUM(C25:H25) -> 0
A26: 46326 | B26: M | I26: =SUM(C26:H26) -> 0 | J26: =SUM(I26:I27) -> 0
B27: E | I27: =SUM(C27:H27) -> 0
A29: Total Qty Milk (Liters) | C29: =SUM(C6:C27) -> 0 | D29: =SUM(D6:D27) -> 0 | E29: =SUM(E6:E27) -> 0 | F29: =SUM(F6:F27) -> 0 | G29: =SUM(G6:G27) -> 0 | H29: =SUM(H6:H27) -> 0 | I29: =SUM(I6:I27) -> 0 | J29: =SUM(J6:J27) -> 0
A30: Total Rs Amount | C30: =C29*40 -> 0 | D30: =D29*40 -> 0 | E30: =E29*40 -> 0 | F30: =F29*40 -> 0 | G30: =G29*40 -> 0 | H30: =H29*40 -> 0 | I30: =I29*40 -> 0 | J30: =J29*40 -> 0
A32: CUT
A34: 46306 | B34: M | C34: 23.7 | D34: 27 | E34: 49.6 | F34: 30 | G34: 25.2 | H34: 24.5 | I34: =SUM(C34:H34) -> 180 | J34: =SUM(I34:I35) -> 350.3
B35: E | C35: 24.7 | D35: 27.8 | E35: 47.9 | F35: 25.5 | G35: 18.8 | H35: 25.6 | I35: =SUM(C35:H35) -> 170.3
A36: 46307 | B36: M | C36: 27 | D36: 28.4 | E36: 47.4 | F36: 31 | G36: 25.4 | H36: 24 | I36: =SUM(C36:H36) -> 183.2 | J36: =SUM(I36:I37) -> 343.1
B37: E | C37: 25.6 | D37: 27.9 | E37: 38.3 | F37: 29.5 | G37: 14.6 | H37: 24 | I37: =SUM(C37:H37) -> 159.9
A38: 46308 | B38: M | C38: 26 | D38: 26.5 | E38: 49.8 | F38: 29.9 | G38: 24.4 | H38: 25.1 | I38: =SUM(C38:H38) -> 181.7 | J38: =SUM(I38:I39) -> 342.9
B39: E | C39: 25.5 | D39: 25.7 | E39: 40.4 | F39: 26.5 | G39: 17.4 | H39: 25.7 | I39: =SUM(C39:H39) -> 161.2
A40: 46309 | B40: M | I40: =SUM(C40:H40) -> 0 | J40: =SUM(I40:I41) -> 0
B41: E | I41: =SUM(C41:H41) -> 0
A42: 46310 | B42: M | I42: =SUM(C42:H42) -> 0 | J42: =SUM(I42:I43) -> 0
B43: E | I43: =SUM(C43:H43) -> 0
A44: 46311 | B44: M | I44: =SUM(C44:H44) -> 0 | J44: =SUM(I44:I45) -> 0
B45: E | I45: =SUM(C45:H45) -> 0
A46: 46312 | B46: M | I46: =SUM(C46:H46) -> 0 | J46: =SUM(I46:I47) -> 0
B47: E | I47: =SUM(C47:H47) -> 0
A48: 46313 | B48: M | I48: =SUM(C48:H48) -> 0 | J48: =SUM(I48:I49) -> 0
B49: E | I49: =SUM(C49:H49) -> 0
A50: 46314 | B50: M | I50: =SUM(C50:H50) -> 0 | J50: =SUM(I50:I51) -> 0
B51: E | I51: =SUM(C51:H51) -> 0
A52: 46315 | B52: M | I52: =SUM(C52:H52) -> 0 | J52: =SUM(I52:I53) -> 0
B53: E | I53: =SUM(C53:H53) -> 0
A55: Total Qty Milk (Liters) | C55: =SUM(C34:C53) -> 152.5 | D55: =SUM(D34:D53) -> 163.3 | E55: =SUM(E34:E53) -> 273.4 | F55: =SUM(F34:F53) -> 172.4 | G55: =SUM(G34:G53) -> 125.8 | H55: =SUM(H34:H53) -> 148.9 | I55: =SUM(I34:I53) -> 1036.3 | J55: =SUM(J34:J53) -> 1036.3
A56: Total Rs Amount | C56: =C55*40 -> 6100 | D56: =D55*40 -> 6532 | E56: =E55*40 -> 10936 | F56: =F55*40 -> 6896 | G56: =G55*40 -> 5032 | H56: =H55*40 -> 5956 | I56: =I55*40 -> 41452 | J56: =J55*40 -> 41452
A58: CUT
A59: PAY
A61: 46296 | B61: M | C61: 8.7 | D61: 32.9 | E61: 0 | F61: 19.4 | G61: 33.2 | H61: 21.6 | I61: =SUM(C61:H61) -> 115.8 | J61: =SUM(I61:I62) -> 268.2
B62: E | C62: 8.1 | D62: 27.5 | E62: 37.6 | F62: 23.7 | G62: 29.5 | H62: 26 | I62: =SUM(C62:H62) -> 152.4
A63: 46297 | B63: M | C63: 9.5 | D63: 27.9 | E63: 48 | F63: 22 | G63: 33.8 | H63: 24.3 | I63: =SUM(C63:H63) -> 165.5 | J63: =SUM(I63:I64) -> 305.5
B64: E | C64: 4.2 | D64: 26.7 | E64: 39.6 | F64: 19 | G64: 25.2 | H64: 25.3 | I64: =SUM(C64:H64) -> 140
A65: 46298 | B65: M | C65: 28.6 | D65: 33.1 | E65: 44.5 | F65: 33.5 | G65: 32.2 | H65: 25.5 | I65: =SUM(C65:H65) -> 197.4 | J65: =SUM(I65:I66) -> 347.9
B66: E | C66: 26.4 | D66: 27.6 | E66: 33.7 | F66: 33.6 | G66: 5.4 | H66: 23.8 | I66: =SUM(C66:H66) -> 150.5
A67: 46299 | B67: M | C67: 26.1 | D67: 31.9 | E67: 48.5 | F67: 33.3 | G67: 35.3 | H67: 23.9 | I67: =SUM(C67:H67) -> 199 | J67: =SUM(I67:I68) -> 379.1
B68: E | C68: 26.8 | D68: 28.9 | E68: 36.6 | F68: 34.6 | G68: 27.7 | H68: 25.5 | I68: =SUM(C68:H68) -> 180.1
A69: 46300 | B69: M | C69: 28 | D69: 33.7 | E69: 45 | F69: 29.6 | G69: 37.2 | H69: 25.7 | I69: =SUM(C69:H69) -> 199.2 | J69: =SUM(I69:I70) -> 372.1
B70: E | C70: 26.8 | D70: 27.5 | E70: 36 | F70: 32 | G70: 25.6 | H70: 25 | I70: =SUM(C70:H70) -> 172.9
A71: 46301 | B71: M | C71: 30.1 | D71: 31.2 | E71: 41.1 | F71: 31.2 | G71: 36 | H71: 24.3 | I71: =SUM(C71:H71) -> 193.9 | J71: =SUM(I71:I72) -> 362.3
B72: E | C72: 26.5 | D72: 25.1 | E72: 31.9 | F72: 31.1 | G72: 28.9 | H72: 24.9 | I72: =SUM(C72:H72) -> 168.4
A73: 46302 | B73: M | C73: 25.5 | D73: 27.4 | E73: 40.6 | F73: 25.4 | G73: 34.7 | H73: 23.5 | I73: =SUM(C73:H73) -> 177.1 | J73: =SUM(I73:I74) -> 358.5
B74: E | C74: 27 | D74: 28.1 | E74: 44.5 | F74: 30.1 | G74: 27.1 | H74: 24.6 | I74: =SUM(C74:H74) -> 181.4
A75: 46303 | B75: M | C75: 28.1 | D75: 30.7 | E75: 43.2 | F75: 26.4 | G75: 35.2 | H75: 26 | I75: =SUM(C75:H75) -> 189.6 | J75: =SUM(I75:I76) -> 368.8
B76: E | C76: 26.6 | D76: 29 | E76: 39 | F76: 31.3 | G76: 27.3 | H76: 26 | I76: =SUM(C76:H76) -> 179.2
A77: 46304 | B77: M | C77: 23.4 | D77: 28 | E77: 39.2 | F77: 30.7 | G77: 35.2 | H77: 23.9 | I77: =SUM(C77:H77) -> 180.4 | J77: =SUM(I77:I78) -> 351.1
B78: E | C78: 24.8 | D78: 26.3 | E78: 50 | F78: 25.5 | G78: 19 | H78: 25.1 | I78: =SUM(C78:H78) -> 170.7
A79: 46305 | B79: M | C79: 24.3 | D79: 23.2 | E79: 44.1 | F79: 27.8 | G79: 0 | H79: 23.5 | I79: =SUM(C79:H79) -> 142.9 | J79: =SUM(I79:I80) -> 300.9
B80: E | C80: 25.1 | D80: 25.8 | E80: 43 | F80: 23.8 | G80: 16.4 | H80: 23.9 | I80: =SUM(C80:H80) -> 158
A82: Total Qty Milk (Liters) | C82: =SUM(C61:C80) -> 454.6 | D82: =SUM(D61:D80) -> 572.5 | E82: =SUM(E61:E80) -> 786.1 | F82: =SUM(F61:F80) -> 564 | G82: =SUM(G61:G80) -> 544.9 | H82: =SUM(H61:H80) -> 492.3 | I82: =SUM(I61:I80) -> 3414.4 | J82: =SUM(J61:J80) -> 3414.4
A83: Total Rs Amount | C83: =C82*40 -> 18184 | D83: =D82*40 -> 22900 | E83: =E82*40 -> 31444 | F83: =F82*40 -> 22560 | G83: =G82*40 -> 21796 | H83: =H82*40 -> 19692 | I83: =I82*40 -> 136576 | J83: =J82*40 -> 136576
A85: CUT
A86: PAY
A87: 46286 | B87: M | C87: 9.9 | D87: 0 | E87: 0 | F87: 20.7 | G87: 26.7 | H87: 25 | I87: =SUM(C87:H87) -> 82.3 | J87: =SUM(I87:I88) -> 156.1
B88: E | C88: 9.5 | D88: 0 | E88: 0 | F88: 19.8 | G88: 21.5 | H88: 23 | I88: =SUM(C88:H88) -> 73.8
A89: 46287 | B89: M | C89: 10 | D89: 0 | E89: 0 | F89: 18.5 | G89: 27.3 | H89: 25 | I89: =SUM(C89:H89) -> 80.8 | J89: =SUM(I89:I90) -> 155.1
B90: E | C90: 11.2 | D90: 0 | E90: 0 | F90: 19.1 | G90: 21.5 | H90: 22.5 | I90: =SUM(C90:H90) -> 74.3
A91: 46288 | B91: M | C91: 9.6 | D91: 0 | E91: 0 | F91: 22 | G91: 25.2 | H91: 25 | I91: =SUM(C91:H91) -> 81.8 | J91: =SUM(I91:I92) -> 145.8
B92: E | C92: 8.4 | D92: 0 | E92: 0 | F92: 18.9 | G92: 16.3 | H92: 20.4 | I92: =SUM(C92:H92) -> 64
A93: 46289 | B93: M | C93: 7.8 | D93: 0 | E93: 0 | F93: 20.4 | G93: 26.9 | H93: 27 | I93: =SUM(C93:H93) -> 82.1 | J93: =SUM(I93:I94) -> 151.2
B94: E | C94: 7.6 | D94: 0 | E94: 0 | F94: 22.7 | G94: 17.7 | H94: 21.1 | I94: =SUM(C94:H94) -> 69.1
A95: 46290 | B95: M | C95: 9.4 | D95: 0 | E95: 0 | F95: 22.3 | G95: 24.4 | H95: 23.5 | I95: =SUM(C95:H95) -> 79.6 | J95: =SUM(I95:I96) -> 144.2
B96: E | C96: 6.7 | D96: 0 | E96: 0 | F96: 22 | G96: 15.9 | H96: 20 | I96: =SUM(C96:H96) -> 64.6
A97: 46291 | B97: M | C97: 0 | D97: 0 | E97: 0 | F97: 0 | G97: 0 | H97: 0 | I97: =SUM(C97:H97) -> 0 | J97: =SUM(I97:I98) -> 0
B98: E | C98: 0 | D98: 0 | E98: 0 | F98: 0 | G98: 0 | H98: 0 | I98: =SUM(C98:H98) -> 0
A99: 46292 | B99: M | C99: 0 | D99: 0 | E99: 0 | F99: 0 | G99: 0 | H99: 0 | I99: =SUM(C99:H99) -> 0 | J99: =SUM(I99:I100) -> 0
B100: E | C100: 0 | D100: 0 | E100: 0 | F100: 0 | G100: 0 | H100: 0 | I100: =SUM(C100:H100) -> 0
A101: 46293 | B101: M | C101: 0 | D101: 0 | E101: 0 | F101: 0 | G101: 0 | H101: 0 | I101: =SUM(C101:H101) -> 0 | J101: =SUM(I101:I102) -> 0
B102: E | C102: 0 | D102: 0 | E102: 0 | F102: 0 | G102: 0 | H102: 0 | I102: =SUM(C102:H102) -> 0
A103: 46294 | B103: M | C103: 0 | D103: 0 | E103: 0 | F103: 0 | G103: 0 | H103: 0 | I103: =SUM(C103:H103) -> 0 | J103: =SUM(I103:I104) -> 0
B104: E | C104: 0 | D104: 0 | E104: 0 | F104: 0 | G104: 0 | H104: 0 | I104: =SUM(C104:H104) -> 0
A105: 46295 | B105: M | C105: 0 | D105: 0 | E105: 0 | F105: 0 | G105: 0 | H105: 0 | I105: =SUM(C105:H105) -> 0 | J105: =SUM(I105:I106) -> 0
B106: E | C106: 0 | D106: 0 | E106: 0 | F106: 0 | G106: 0 | H106: 0 | I106: =SUM(C106:H106) -> 0
A108: Total Qty Milk (Liters) | C108: =SUM(C87:C106) -> 90.1 | D108: =SUM(D87:D106) -> 0 | E108: =SUM(E87:E106) -> 0 | F108: =SUM(F87:F106) -> 206.4 | G108: =SUM(G87:G106) -> 223.4 | H108: =SUM(H87:H106) -> 232.5 | I108: =SUM(I87:I106) -> 752.4 | J108: =SUM(J87:J106) -> 752.4
A109: Total Rs Amount | C109: =C108*40 -> 3604 | D109: =D108*40 -> 0 | E109: =E108*40 -> 0 | F109: =F108*40 -> 8256 | G109: =G108*40 -> 8936 | H109: =H108*40 -> 9300 | I109: =I108*40 -> 30096 | J109: =J108*40 -> 30096
A111: CUT
...

Sheet Bhodani Jalgaon ALephata
A2: Date | B2: Time | E2: Alephata | F2: Alephata | G2: Jalgaon | H2: Shikrapur
C3: Raghu | D3: Bhaiyya | E3: Sanjay Mutke | F3: Raghu Mir | G3: Route | H3: Route | I3: Total (M/E) | J3: Total Milk ( Liters)
C5: Qty | D5: Qty | E5: Morning | F5: Evening
A6: 46316 | B6: M | C6: 0 | E6: 0 | F6: 0 | H6: 0 | I6: =SUM(C6:H6) -> 0 | J6: =SUM(I6:I7) -> 0
B7: E | C7: 0 | E7: 0 | F7: 0 | H7: 0 | I7: =SUM(C7:H7) -> 0
A8: 46317 | B8: M | C8: 0 | E8: 0 | F8: 0 | H8: 0 | I8: =SUM(C8:H8) -> 0 | J8: =SUM(I8:I9) -> 0
B9: E | C9: 0 | E9: 0 | F9: 0 | H9: 0 | I9: =SUM(C9:H9) -> 0
A10: 46318 | B10: M | C10: 0 | E10: 0 | F10: 0 | H10: 0 | I10: =SUM(C10:H10) -> 0 | J10: =SUM(I10:I11) -> 0
B11: E | C11: 0 | E11: 0 | F11: 0 | H11: 0 | I11: =SUM(C11:H11) -> 0
A12: 46319 | B12: M | C12: 0 | E12: 0 | F12: 0 | H12: 0 | I12: =SUM(C12:H12) -> 0 | J12: =SUM(I12:I13) -> 0
B13: E | C13: 0 | E13: 0 | F13: 0 | H13: 0 | I13: =SUM(C13:H13) -> 0
A14: 46320 | B14: M | C14: 0 | E14: 0 | F14: 0 | H14: 0 | I14: =SUM(C14:H14) -> 0 | J14: =SUM(I14:I15) -> 0
B15: E | C15: 0 | E15: 0 | F15: 0 | H15: 0 | I15: =SUM(C15:H15) -> 0
A16: 46321 | B16: M | C16: 0 | E16: 0 | F16: 0 | H16: 0 | I16: =SUM(C16:H16) -> 0 | J16: =SUM(I16:I17) -> 0
B17: E | C17: 0 | E17: 0 | F17: 0 | H17: 0 | I17: =SUM(C17:H17) -> 0
A18: 46322 | B18: M | C18: 0 | E18: 0 | F18: 0 | H18: 0 | I18: =SUM(C18:H18) -> 0 | J18: =SUM(I18:I19) -> 0
B19: E | C19: 0 | E19: 0 | F19: 0 | H19: 0 | I19: =SUM(C19:H19) -> 0
A20: 46323 | B20: M | C20: 0 | E20: 0 | F20: 0 | H20: 0 | I20: =SUM(C20:H20) -> 0 | J20: =SUM(I20:I21) -> 0
B21: E | C21: 0 | E21: 0 | F21: 0 | H21: 0 | I21: =SUM(C21:H21) -> 0
A22: 46324 | B22: M | C22: 0 | E22: 0 | F22: 0 | H22: 0 | I22: =SUM(C22:H22) -> 0 | J22: =SUM(I22:I23) -> 0
B23: E | C23: 0 | E23: 0 | F23: 0 | H23: 0 | I23: =SUM(C23:H23) -> 0
A24: 46325 | B24: M | C24: 0 | E24: 0 | F24: 0 | H24: 0 | I24: =SUM(C24:H24) -> 0 | J24: =SUM(I24:I25) -> 0
B25: E | C25: 0 | E25: 0 | F25: 0 | H25: 0 | I25: =SUM(C25:H25) -> 0
A26: 46326 | B26: M | I26: =SUM(C26:H26) -> 0 | J26: =SUM(I26:I27) -> 0
B27: E | I27: =SUM(C27:H27) -> 0
A29: Total Qty Milk (Liters) | C29: =SUM(C6:C27) -> 0 | D29: =SUM(D6:D27) -> 0 | E29: =SUM(E6:E27) -> 0 | F29: =SUM(F6:F27) -> 0 | G29: =SUM(G6:G27) -> 0 | H29: =SUM(H6:H27) -> 0 | I29: =SUM(I6:I27) -> 0 | J29: =SUM(J6:J27) -> 0
A30: Total Rs Amount | C30: =C29*40 -> 0 | D30: =D29*40 -> 0 | E30: =E29*40 -> 0 | F30: =F29*40 -> 0 | G30: =G29*40 -> 0 | H30: =H29*40 -> 0 | I30: =I29*40 -> 0 | J30: =J29*40 -> 0
A32: CUT
A33: PAY
A36: 46306 | B36: M | C36: 0 | D36: 19.2 | E36: 0 | F36: 0 | G36: 0 | H36: 0 | I36: =SUM(C36:H36) -> 19.2 | J36: =SUM(I36:I37) -> 36.7
B37: E | C37: 0 | D37: 17.5 | E37: 0 | F37: 0 | G37: 0 | H37: 0 | I37: =SUM(C37:H37) -> 17.5
A38: 46307 | B38: M | C38: 0 | D38: 14.5 | E38: 0 | F38: 0 | G38: 0 | H38: 0 | I38: =SUM(C38:H38) -> 14.5 | J38: =SUM(I38:I39) -> 10299.8
B39: E | C39: 0 | D39: 14.3 | E39: 0 | F39: 0 | G39: 10271 | H39: 0 | I39: =SUM(C39:H39) -> 10285.3
A40: 46308 | B40: M | C40: 0 | D40: 13.1 | E40: 0 | F40: 0 | G40: 0 | H40: 0 | I40: =SUM(C40:H40) -> 13.1 | J40: =SUM(I40:I41) -> 8076.4
B41: E | C41: 0 | D41: 15.3 | E41: 0 | F41: 0 | G41: 8048 | H41: 0 | I41: =SUM(C41:H41) -> 8063.3
A42: 46309 | B42: M | C42: 0 | E42: 0 | F42: 0 | H42: 0 | I42: =SUM(C42:H42) -> 0 | J42: =SUM(I42:I43) -> 0
B43: E | C43: 0 | E43: 0 | F43: 0 | H43: 0 | I43: =SUM(C43:H43) -> 0
A44: 46310 | B44: M | C44: 0 | E44: 0 | F44: 0 | H44: 0 | I44: =SUM(C44:H44) -> 0 | J44: =SUM(I44:I45) -> 0
B45: E | C45: 0 | E45: 0 | F45: 0 | H45: 0 | I45: =SUM(C45:H45) -> 0
A46: 46311 | B46: M | C46: 0 | E46: 0 | F46: 0 | H46: 0 | I46: =SUM(C46:H46) -> 0 | J46: =SUM(I46:I47) -> 0
B47: E | C47: 0 | E47: 0 | F47: 0 | H47: 0 | I47: =SUM(C47:H47) -> 0
A48: 46312 | B48: M | C48: 0 | E48: 0 | F48: 0 | H48: 0 | I48: =SUM(C48:H48) -> 0 | J48: =SUM(I48:I49) -> 0
B49: E | C49: 0 | E49: 0 | F49: 0 | H49: 0 | I49: =SUM(C49:H49) -> 0
A50: 46313 | B50: M | C50: 0 | E50: 0 | F50: 0 | I50: =SUM(C50:H50) -> 0 | J50: =SUM(I50:I51) -> 0
B51: E | C51: 0 | E51: 0 | F51: 0 | I51: =SUM(C51:H51) -> 0
A52: 46314 | B52: M | C52: 0 | E52: 0 | F52: 0 | I52: =SUM(C52:H52) -> 0 | J52: =SUM(I52:I53) -> 0
B53: E | C53: 0 | E53: 0 | F53: 0 | I53: =SUM(C53:H53) -> 0
A54: 46315 | B54: M | C54: 0 | E54: 0 | F54: 0 | I54: =SUM(C54:H54) -> 0 | J54: =SUM(I54:I55) -> 0
B55: E | C55: 0 | E55: 0 | F55: 0 | I55: =SUM(C55:H55) -> 0
A57: Total Qty Milk (Liters) | C57: =SUM(C36:C55) -> 0 | D57: =SUM(D36:D55) -> 93.9 | E57: =SUM(E36:E55) -> 0 | F57: =SUM(F36:F55) -> 0 | G57: =SUM(G36:G55) -> 18319 | H57: =SUM(H36:H55) -> 0 | I57: =SUM(I36:I55) -> 18412.9 | J57: =SUM(J36:J55) -> 18412.9
A58: Total Rs Amount | C58: =C57*40 -> 0 | D58: =D57*40 -> 3756 | E58: =E57*40 -> 0 | F58: =F57*40 -> 0 | G58: =G57*40 -> 732760 | H58: =H57*40 -> 0 | I58: =I57*40 -> 736516 | J58: =J57*40 -> 736516
A60: CUT
A61: PAY
A64: 46296 | B64: M | C64: 0 | D64: 14.4 | E64: 0 | F64: 0 | G64: 9310 | H64: 0 | I64: =SUM(C64:H64) -> 9324.4 | J64: =SUM(I64:I65) -> 9343
B65: E | C65: 0 | D65: 18.6 | E65: 0 | F65: 0 | G65: 0 | H65: 0 | I65: =SUM(C65:H65) -> 18.6
A66: 46297 | B66: M | C66: 0 | D66: 12.4 | E66: 0 | F66: 0 | G66: 8038 | H66: 0 | I66: =SUM(C66:H66) -> 8050.4 | J66: =SUM(I66:I67) -> 8071.3
B67: E | C67: 0 | D67: 20.9 | E67: 0 | F67: 0 | G67: 0 | H67: 0 | I67: =SUM(C67:H67) -> 20.9
A68: 46298 | B68: M | C68: 0 | D68: 22.4 | E68: 0 | F68: 0 | G68: 0 | H68: 0 | I68: =SUM(C68:H68) -> 22.4 | J68: =SUM(I68:I69) -> 9069.3
B69: E | C69: 0 | D69: 17.9 | E69: 0 | F69: 0 | G69: 9029 | H69: 0 | I69: =SUM(C69:H69) -> 9046.9
A70: 46299 | B70: M | C70: 0 | D70: 19.2 | E70: 0 | F70: 0 | G70: 0 | H70: 0 | I70: =SUM(C70:H70) -> 19.2 | J70: =SUM(I70:I71) -> 7970.5
B71: E | C71: 0 | D71: 19.3 | E71: 0 | F71: 0 | G71: 7932 | H71: 0 | I71: =SUM(C71:H71) -> 7951.3
A72: 46300 | B72: M | C72: 0 | D72: 20.4 | E72: 0 | F72: 0 | G72: 0 | H72: 0 | I72: =SUM(C72:H72) -> 20.4 | J72: =SUM(I72:I73) -> 9361.6
B73: E | C73: 0 | D73: 21.2 | E73: 0 | F73: 0 | G73: 9320 | H73: 0 | I73: =SUM(C73:H73) -> 9341.2
A74: 46301 | B74: M | C74: 0 | D74: 18.2 | E74: 0 | F74: 0 | G74: 0 | H74: 0 | I74: =SUM(C74:H74) -> 18.2 | J74: =SUM(I74:I75) -> 8053.8
B75: E | C75: 0 | D75: 16.6 | E75: 0 | F75: 0 | G75: 8019 | H75: 0 | I75: =SUM(C75:H75) -> 8035.6
A76: 46302 | B76: M | C76: 0 | D76: 11.6 | E76: 0 | F76: 0 | G76: 0 | H76: 0 | I76: =SUM(C76:H76) -> 11.6 | J76: =SUM(I76:I77) -> 9426.9
B77: E | C77: 0 | D77: 17.3 | E77: 0 | F77: 0 | G77: 9398 | H77: 0 | I77: =SUM(C77:H77) -> 9415.3
A78: 46303 | B78: M | C78: 0 | D78: 9.3 | E78: 0 | F78: 0 | G78: 0 | H78: 0 | I78: =SUM(C78:H78) -> 9.3 | J78: =SUM(I78:I79) -> 8039.9
B79: E | C79: 0 | D79: 21.6 | E79: 0 | F79: 0 | G79: 8009 | H79: 0 | I79: =SUM(C79:H79) -> 8030.6
A80: 46304 | B80: M | C80: 0 | D80: 18 | E80: 0 | F80: 0 | G80: 0 | H80: 0 | I80: =SUM(C80:H80) -> 18 | J80: =SUM(I80:I81) -> 9947
B81: E | C81: 0 | D81: 17 | E81: 0 | F81: 0 | G81: 9912 | H81: 0 | I81: =SUM(C81:H81) -> 9929
A82: 46305 | B82: M | C82: 0 | D82: 19.2 | E82: 0 | F82: 0 | G82: 0 | H82: 0 | I82: =SUM(C82:H82) -> 19.2 | J82: =SUM(I82:I83) -> 8092
B83: E | C83: 0 | D83: 14.8 | E83: 0 | F83: 0 | G83: 8058 | H83: 0 | I83: =SUM(C83:H83) -> 8072.8
A85: Total Qty Milk (Liters) | C85: =SUM(C64:C83) -> 0 | D85: =SUM(D64:D83) -> 350.3 | E85: =SUM(E64:E83) -> 0 | F85: =SUM(F64:F83) -> 0 | G85: =SUM(G64:G83) -> 87025 | H85: =SUM(H64:H83) -> 0 | I85: =SUM(I64:I83) -> 87375.3 | J85: =SUM(J64:J83) -> 87375.3
A86: Total Rs Amount | C86: =C85*40 -> 0 | D86: =D85*40 -> 14012 | E86: =E85*40 -> 0 | F86: =F85*40 -> 0 | G86: =G85*40 -> 3481000 | H86: =H85*40 -> 0 | I86: =I85*40 -> 3495012 | J86: =J85*40 -> 3495012
A88: CUT
A89: PAY
A90: 46286 | B90: M | C90: 0 | D90: 17.2 | E90: 0 | F90: 0 | G90: 0 | H90: 0 | I90: =SUM(C90:H90) -> 17.2 | J90: =SUM(I90:I91) -> 8744.4
B91: E | C91: 0 | D91: 19.2 | E91: 0 | F91: 0 | G91: 8708 | H91: 0 | I91: =SUM(C91:H91) -> 8727.2
A92: 46287 | B92: M | C92: 0 | D92: 20.5 | E92: 0 | F92: 0 | G92: 0 | H92: 0 | I92: =SUM(C92:H92) -> 20.5 | J92: =SUM(I92:I93) -> 8064.6
B93: E | C93: 0 | D93: 15.1 | E93: 0 | F93: 0 | G93: 8029 | H93: 0 | I93: =SUM(C93:H93) -> 8044.1
A94: 46288 | B94: M | C94: 0 | D94: 17.7 | E94: 0 | F94: 0 | G94: 0 | H94: 0 | I94: =SUM(C94:H94) -> 17.7 | J94: =SUM(I94:I95) -> 8942.6
B95: E | C95: 0 | D95: 12.9 | E95: 0 | F95: 0 | G95: 8912 | H95: 0 | I95: =SUM(C95:H95) -> 8924.9
A96: 46289 | B96: M | C96: 0 | D96: 18.8 | E96: 0 | F96: 0 | G96: 0 | H96: 0 | I96: =SUM(C96:H96) -> 18.8 | J96: =SUM(I96:I97) -> 7943.7
B97: E | C97: 0 | D97: 22.9 | E97: 0 | F97: 0 | G97: 7902 | H97: 0 | I97: =SUM(C97:H97) -> 7924.9
A98: 46290 | B98: M | C98: 0 | D98: 19 | E98: 0 | F98: 0 | G98: 0 | H98: 0 | I98: =SUM(C98:H98) -> 19 | J98: =SUM(I98:I99) -> 39
B99: E | C99: 0 | D99: 20 | E99: 0 | F99: 0 | G99: 0 | H99: 0 | I99: =SUM(C99:H99) -> 20
A100: 46291 | B100: M | C100: 0 | D100: 21.6 | E100: 0 | F100: 0 | G100: 0 | H100: 0 | I100: =SUM(C100:H100) -> 21.6 | J100: =SUM(I100:I101) -> 9942.7
B101: E | C101: 0 | D101: 19.1 | E101: 0 | F101: 0 | G101: 9902 | H101: 0 | I101: =SUM(C101:H101) -> 9921.1
A102: 46292 | B102: M | C102: 0 | D102: 20.3 | E102: 0 | F102: 0 | G102: 0 | H102: 0 | I102: =SUM(C102:H102) -> 20.3 | J102: =SUM(I102:I103) -> 8099.8
B103: E | C103: 0 | D103: 21.5 | E103: 0 | F103: 0 | G103: 8058 | H103: 0 | I103: =SUM(C103:H103) -> 8079.5
A104: 46293 | B104: M | C104: 0 | D104: 20.8 | E104: 0 | F104: 0 | G104: 0 | H104: 0 | I104: =SUM(C104:H104) -> 20.8 | J104: =SUM(I104:I105) -> 9531.2
B105: E | C105: 0 | D105: 20.4 | E105: 0 | F105: 0 | G105: 9490 | H105: 0 | I105: =SUM(C105:H105) -> 9510.4
A106: 46294 | B106: M | C106: 0 | D106: 20.5 | E106: 0 | F106: 0 | G106: 0 | H106: 0 | I106: =SUM(C106:H106) -> 20.5 | J106: =SUM(I106:I107) -> 8032.5
B107: E | C107: 0 | D107: 22 | E107: 0 | F107: 0 | G107: 7990 | H107: 0 | I107: =SUM(C107:H107) -> 8012
A108: 46295 | B108: M | C108: 0 | D108: 18.4 | E108: 0 | F108: 0 | G108: 0 | H108: 0 | I108: =SUM(C108:H108) -> 18.4 | J108: =SUM(I108:I109) -> 36.6
B109: E | C109: 0 | D109: 18.2 | E109: 0 | F109: 0 | G109: 0 | H109: 0 | I109: =SUM(C109:H109) -> 18.2
A111: Total Qty Milk (Liters) | C111: =SUM(C90:C109) -> 0 | D111: =SUM(D90:D109) -> 386.1 | E111: =SUM(E90:E109) -> 0 | F111: =SUM(F90:F109) -> 0 | G111: =SUM(G90:G109) -> 68991 | H111: =SUM(H90:H109) -> 0 | I111: =SUM(I90:I109) -> 69377.1 | J111: =SUM(J90:J109) -> 69377.1
A112: Total Rs Amount | C112: =C111*40 -> 0 | D112: =D111*40 -> 15444 | E112: =E111*40 -> 0 | F112: =F111*40 -> 0 | G112: =G111*40 -> 2759640 | H112: =H111*40 -> 0 | I112: =I111*40 -> 2775084 | J112: =J111*40 -> 2775084
A114: CUT
...

Sheet Gagargaon 
A2: Date | B2: Time | C2: 1 | D2: 2 | E2: 3 | F2: 4 | G2: 5 | H2: 6 | I2: 7
C3: Arjun | D3: Nagaji | E3: Mapha | F3: Gopal | G3: Govind | H3: Munna Mir (1) | I3: Munna jograna (2) | J3: Total(M/E) | K3: Total Milk
C4: Qty | D4: Qty | E4: Qty | F4: Qty | G4: Qty | H4: Qty | I4: Qty
A5: 46316 | B5: M | J5: =SUM(D5:I5) -> 0 | K5: =SUM(J5:J6) -> 0
B6: E | J6: =SUM(D6:I6) -> 0
A7: 46317 | B7: M | J7: =SUM(D7:I7) -> 0 | K7: =SUM(J7:J8) -> 0
B8: E | J8: =SUM(D8:I8) -> 0
A9: 46318 | B9: M | J9: =SUM(D9:I9) -> 0 | K9: =SUM(J9:J10) -> 0
B10: E | J10: =SUM(D10:I10) -> 0
A11: 46319 | B11: M | J11: =SUM(D11:I11) -> 0 | K11: =SUM(J11:J12) -> 0
B12: E | J12: =SUM(D12:I12) -> 0
A13: 46320 | B13: M | J13: =SUM(D13:I13) -> 0 | K13: =SUM(J13:J14) -> 0
B14: E | J14: =SUM(D14:I14) -> 0
A15: 46321 | B15: M | J15: =SUM(D15:I15) -> 0 | K15: =SUM(J15:J16) -> 0
B16: E | J16: =SUM(D16:I16) -> 0
A17: 46322 | B17: M | J17: =SUM(D17:I17) -> 0 | K17: =SUM(J17:J18) -> 0
B18: E | J18: =SUM(D18:I18) -> 0
A19: 46323 | B19: M | J19: =SUM(D19:I19) -> 0 | K19: =SUM(J19:J20) -> 0
B20: E | J20: =SUM(D20:I20) -> 0
A21: 46324 | B21: M | J21: =SUM(D21:I21) -> 0 | K21: =SUM(J21:J22) -> 0
B22: E | J22: =SUM(D22:I22) -> 0
A23: 46325 | B23: M | J23: =SUM(D23:I23) -> 0 | K23: =SUM(J23:J24) -> 0
B24: E | J24: =SUM(D24:I24) -> 0
A25: 46326 | B25: M | J25: =SUM(D25:I25) -> 0 | K25: =SUM(J25:J26) -> 0
B26: E | J26: =SUM(D26:I26) -> 0
A28: Total Qty Milk (Liters) | C28: =SUM(C5:C26) -> 0 | D28: =SUM(D5:D26) -> 0 | E28: =SUM(E5:E26) -> 0 | F28: =SUM(F5:F26) -> 0 | G28: =SUM(G5:G26) -> 0 | H28: =SUM(H5:H26) -> 0 | I28: =SUM(I5:I26) -> 0 | J28: =SUM(J5:J26) -> 0 | K28: =SUM(K5:K26) -> 0
A29: Total Rs Amount | C29: =C28*40 -> 0 | D29: =D28*40 -> 0 | E29: =E28*40 -> 0 | F29: =F28*40 -> 0 | G29: =G28*40 -> 0 | H29: =H28*40 -> 0 | I29: =I28*40 -> 0 | J29: =J28*40 -> 0 | K29: =K28*40 -> 0
A31: CUT
A32: PAY
A34: 46306 | B34: M | C34: 0 | D34: 71.3 | E34: 42.8 | F34: 51.9 | G34: 41.8 | H34: 68.9 | I34: 99 | J34: =SUM(D34:I34) -> 375.7 | K34: =SUM(J34:J35) -> 686.4
B35: E | C35: 0 | D35: 54.3 | E35: 32.4 | F35: 50.4 | G35: 38.8 | H35: 63.6 | I35: 71.2 | J35: =SUM(D35:I35) -> 310.7
A36: 46307 | B36: M | C36: 0 | D36: 75.1 | E36: 38.6 | F36: 56.6 | G36: 39.3 | H36: 68.6 | I36: 87.5 | J36: =SUM(D36:I36) -> 365.7 | K36: =SUM(J36:J37) -> 526.3
B37: E | C37: 0 | D37: 59.7 | E37: 28.7 | F37: 0 | G37: 0 | H37: 72.2 | I37: 0 | J37: =SUM(D37:I37) -> 160.6
A38: 46308 | B38: M | C38: 0 | D38: 66.8 | E38: 34.5 | F38: 64.9 | G38: 41.5 | H38: 66.9 | I38: 102.2 | J38: =SUM(D38:I38) -> 376.8 | K38: =SUM(J38:J39) -> 709.5
B39: E | C39: 0 | D39: 60.8 | E39: 27.4 | F39: 51.2 | G39: 38.8 | H39: 76.3 | I39: 78.2 | J39: =SUM(D39:I39) -> 332.7
A40: 46309 | B40: M | J40: =SUM(D40:I40) -> 0 | K40: =SUM(J40:J41) -> 0
B41: E | J41: =SUM(D41:I41) -> 0
A42: 46310 | B42: M | J42: =SUM(D42:I42) -> 0 | K42: =SUM(J42:J43) -> 0
B43: E | J43: =SUM(D43:I43) -> 0
A44: 46311 | B44: M | J44: =SUM(D44:I44) -> 0 | K44: =SUM(J44:J45) -> 0
B45: E | J45: =SUM(D45:I45) -> 0
A46: 46312 | B46: M | J46: =SUM(D46:I46) -> 0 | K46: =SUM(J46:J47) -> 0
B47: E | J47: =SUM(D47:I47) -> 0
A48: 46313 | B48: M | J48: =SUM(D48:I48) -> 0 | K48: =SUM(J48:J49) -> 0
B49: E | J49: =SUM(D49:I49) -> 0
A50: 46314 | B50: M | J50: =SUM(D50:I50) -> 0 | K50: =SUM(J50:J51) -> 0
B51: E | J51: =SUM(D51:I51) -> 0
A52: 46315 | B52: M | J52: =SUM(D52:I52) -> 0 | K52: =SUM(J52:J53) -> 0
B53: E | J53: =SUM(D53:I53) -> 0
A55: Total Qty Milk (Liters) | C55: =SUM(C34:C53) -> 0 | D55: =SUM(D34:D53) -> 388 | E55: =SUM(E34:E53) -> 204.4 | F55: =SUM(F34:F53) -> 275 | G55: =SUM(G34:G53) -> 200.2 | H55: =SUM(H34:H53) -> 416.5 | I55: =SUM(I34:I53) -> 438.1 | J55: =SUM(J34:J53) -> 1922.2 | K55: =SUM(K34:K53) -> 1922.2
A56: Total Rs Amount | C56: =C55*40 -> 0 | D56: =D55*40 -> 15520 | E56: =E55*40 -> 8176 | F56: =F55*40 -> 11000 | G56: =G55*40 -> 8008 | H56: =H55*40 -> 16660 | I56: =I55*40 -> 17524 | J56: =J55*40 -> 76888 | K56: =K55*40 -> 76888
A58: CUT
A59: PAY
A61: 46296 | B61: M | C61: 0 | D61: 76 | E61: 42.3 | F61: 97.6 | G61: 37.2 | H61: 91.2 | I61: 84.5 | J61: =SUM(D61:I61) -> 428.8 | K61: =SUM(J61:J62) -> 754.8
B62: E | C62: 0 | D62: 66.3 | E62: 35.9 | F62: 43.9 | G62: 39.5 | H62: 76.6 | I62: 63.8 | J62: =SUM(D62:I62) -> 326
A63: 46297 | B63: M | C63: 0 | D63: 67.7 | E63: 41.3 | F63: 53.2 | G63: 36.2 | H63: 78.3 | I63: 81.9 | J63: =SUM(D63:I63) -> 358.6 | K63: =SUM(J63:J64) -> 640.3
B64: E | C64: 0 | D64: 64.6 | E64: 27 | F64: 28 | G64: 35.7 | H64: 48 | I64: 78.4 | J64: =SUM(D64:I64) -> 281.7
A65: 46298 | B65: M | C65: 0 | D65: 77.7 | E65: 46 | F65: 0 | G65: 42 | H65: 79.6 | I65: 78.5 | J65: =SUM(D65:I65) -> 323.8 | K65: =SUM(J65:J66) -> 652.6
B66: E | C66: 0 | D66: 62.7 | E66: 34.3 | F66: 46 | G66: 36.7 | H66: 76.7 | I66: 72.4 | J66: =SUM(D66:I66) -> 328.8
A67: 46299 | B67: M | C67: 0 | D67: 73.5 | E67: 44 | F67: 41.6 | G67: 39.3 | H67: 76.1 | I67: 78.7 | J67: =SUM(D67:I67) -> 353.2 | K67: =SUM(J67:J68) -> 660.3
B68: E | C68: 0 | D68: 62 | E68: 35.2 | F68: 30.1 | G68: 43.7 | H68: 70.4 | I68: 65.7 | J68: =SUM(D68:I68) -> 307.1
A69: 46300 | B69: M | C69: 0 | D69: 61.4 | E69: 41.1 | F69: 60.1 | G69: 41.6 | H69: 67.4 | I69: 81.5 | J69: =SUM(D69:I69) -> 353.1 | K69: =SUM(J69:J70) -> 631.8
B70: E | C70: 0 | D70: 58.1 | E70: 33.8 | F70: 0 | G70: 41.4 | H70: 74.1 | I70: 71.3 | J70: =SUM(D70:I70) -> 278.7
A71: 46301 | B71: M | C71: 0 | D71: 67.8 | E71: 40.6 | F71: 56.4 | G71: 41.6 | H71: 73.4 | I71: 79.4 | J71: =SUM(D71:I71) -> 359.2 | K71: =SUM(J71:J72) -> 689.1
B72: E | C72: 0 | D72: 56.1 | E72: 34.6 | F72: 36 | G72: 39.4 | H72: 79.3 | I72: 84.5 | J72: =SUM(D72:I72) -> 329.9
A73: 46302 | B73: M | C73: 0 | D73: 63 | E73: 40.4 | F73: 50.3 | G73: 41 | H73: 76 | I73: 92 | J73: =SUM(D73:I73) -> 362.7 | K73: =SUM(J73:J74) -> 697.6
B74: E | C74: 0 | D74: 55.3 | E74: 30.2 | F74: 43.1 | G74: 45.8 | H74: 70.4 | I74: 90.1 | J74: =SUM(D74:I74) -> 334.9
A75: 46303 | B75: M | C75: 0 | D75: 72.1 | E75: 38 | F75: 57.7 | G75: 39.7 | H75: 65.9 | I75: 91.2 | J75: =SUM(D75:I75) -> 364.6 | K75: =SUM(J75:J76) -> 686
B76: E | C76: 0 | D76: 56.8 | E76: 32.3 | F76: 38 | G76: 42.7 | H76: 66.5 | I76: 85.1 | J76: =SUM(D76:I76) -> 321.4
A77: 46304 | B77: M | C77: 0 | D77: 69.7 | E77: 43.1 | F77: 50.3 | G77: 43.3 | H77: 70.3 | I77: 94.1 | J77: =SUM(D77:I77) -> 370.8 | K77: =SUM(J77:J78) -> 689.9
B78: E | C78: 0 | D78: 55.3 | E78: 30.6 | F78: 41.2 | G78: 36.5 | H78: 69.4 | I78: 86.1 | J78: =SUM(D78:I78) -> 319.1
A79: 46305 | B79: M | C79: 0 | D79: 57.4 | E79: 42.6 | F79: 54.7 | G79: 35.8 | H79: 74 | I79: 95.2 | J79: =SUM(D79:I79) -> 359.7 | K79: =SUM(J79:J80) -> 693.8
B80: E | C80: 0 | D80: 57.1 | E80: 32.3 | F80: 38.8 | G80: 42.8 | H80: 68.7 | I80: 94.4 | J80: =SUM(D80:I80) -> 334.1
A82: Total Qty Milk (Liters) | C82: =SUM(C61:C80) -> 0 | D82: =SUM(D61:D80) -> 1280.6 | E82: =SUM(E61:E80) -> 745.6 | F82: =SUM(F61:F80) -> 867 | G82: =SUM(G61:G80) -> 801.9 | H82: =SUM(H61:H80) -> 1452.3 | I82: =SUM(I61:I80) -> 1648.8 | J82: =SUM(J61:J80) -> 6796.2 | K82: =SUM(K61:K80) -> 6796.2
A83: Total Rs Amount | C83: =C82*40 -> 0 | D83: =D82*40 -> 51224 | E83: =E82*40 -> 29824 | F83: =F82*40 -> 34680 | G83: =G82*40 -> 32076 | H83: =H82*40 -> 58092 | I83: =I82*40 -> 65952 | J83: =J82*40 -> 271848 | K83: =K82*40 -> 271848
A85: CUT
A86: PAY
A87: 46286 | B87: M | C87: 0 | D87: 69.7 | E87: 37.2 | F87: 48 | G87: 35.7 | H87: 77.2 | I87: 85.2 | J87: =SUM(D87:I87) -> 353 | K87: =SUM(J87:J88) -> 666.8
B88: E | C88: 0 | D88: 55.5 | E88: 33.3 | F88: 45.8 | G88: 36 | H88: 75.7 | I88: 67.5 | J88: =SUM(D88:I88) -> 313.8
A89: 46287 | B89: M | C89: 0 | D89: 70.7 | E89: 37.4 | F89: 51.5 | G89: 34.6 | H89: 83.3 | I89: 80.3 | J89: =SUM(D89:I89) -> 357.8 | K89: =SUM(J89:J90) -> 681.1
B90: E | C90: 0 | D90: 63.5 | E90: 32.9 | F90: 39.9 | G90: 37.3 | H90: 73.2 | I90: 76.5 | J90: =SUM(D90:I90) -> 323.3
A91: 46288 | B91: M | C91: 0 | D91: 67.4 | E91: 36.1 | F91: 48.3 | G91: 30.5 | H91: 80 | I91: 80.3 | J91: =SUM(D91:I91) -> 342.6 | K91: =SUM(J91:J92) -> 677.5
B92: E | C92: 0 | D92: 64.7 | E92: 34.3 | F92: 43 | G92: 35.5 | H92: 79.3 | I92: 78.1 | J92: =SUM(D92:I92) -> 334.9
A93: 46289 | B93: M | C93: 0 | D93: 68.3 | E93: 38.4 | F93: 52.6 | G93: 34.1 | H93: 79.4 | I93: 80.6 | J93: =SUM(D93:I93) -> 353.4 | K93: =SUM(J93:J94) -> 702
B94: E | C94: 0 | D94: 67.1 | E94: 31.1 | F94: 49.8 | G94: 40.1 | H94: 85 | I94: 75.5 | J94: =SUM(D94:I94) -> 348.6
A95: 46290 | B95: M | C95: 0 | D95: 0 | E95: 0 | F95: 0 | G95: 0 | H95: 0 | I95: 0 | J95: =SUM(D95:I95) -> 0 | K95: =SUM(J95:J96) -> 0
B96: E | C96: 0 | D96: 0 | E96: 0 | F96: 0 | G96: 0 | H96: 0 | I96: 0 | J96: =SUM(D96:I96) -> 0
A97: 46291 | B97: M | C97: 0 | D97: 0 | E97: 0 | F97: 0 | G97: 0 | H97: 0 | I97: 0 | J97: =SUM(D97:I97) -> 0 | K97: =SUM(J97:J98) -> 0
B98: E | C98: 0 | D98: 0 | E98: 0 | F98: 0 | G98: 0 | H98: 0 | I98: 0 | J98: =SUM(D98:I98) -> 0
A99: 46292 | B99: M | C99: 0 | D99: 0 | E99: 0 | F99: 0 | G99: 0 | H99: 0 | I99: 0 | J99: =SUM(D99:I99) -> 0 | K99: =SUM(J99:J100) -> 0
B100: E | C100: 0 | D100: 0 | E100: 0 | F100: 0 | G100: 0 | H100: 0 | I100: 0 | J100: =SUM(D100:I100) -> 0
A101: 46293 | B101: M | C101: 0 | D101: 0 | E101: 0 | F101: 0 | G101: 0 | H101: 0 | I101: 0 | J101: =SUM(D101:I101) -> 0 | K101: =SUM(J101:J102) -> 0
B102: E | C102: 0 | D102: 0 | E102: 0 | F102: 0 | G102: 0 | H102: 0 | I102: 0 | J102: =SUM(D102:I102) -> 0
A103: 46294 | B103: M | C103: 0 | D103: 0 | E103: 0 | F103: 0 | G103: 0 | H103: 0 | I103: 0 | J103: =SUM(D103:I103) -> 0 | K103: =SUM(J103:J104) -> 0
B104: E | C104: 0 | D104: 0 | E104: 0 | F104: 0 | G104: 0 | H104: 0 | I104: 0 | J104: =SUM(D104:I104) -> 0
A105: 46295 | B105: M | C105: 0 | D105: 0 | E105: 0 | F105: 0 | G105: 0 | H105: 0 | I105: 0 | J105: =SUM(D105:I105) -> 0 | K105: =SUM(J105:J106) -> 0
B106: E | C106: 0 | D106: 0 | E106: 0 | F106: 0 | G106: 0 | H106: 0 | I106: 0 | J106: =SUM(D106:I106) -> 0
A108: Total Qty Milk (Liters) | C108: =SUM(C87:C106) -> 0 | D108: =SUM(D87:D106) -> 526.9 | E108: =SUM(E87:E106) -> 280.7 | F108: =SUM(F87:F106) -> 378.9 | G108: =SUM(G87:G106) -> 283.8 | H108: =SUM(H87:H106) -> 633.1 | I108: =SUM(I87:I106) -> 624 | J108: =SUM(J87:J106) -> 2727.4 | K108: =SUM(K87:K106) -> 2727.4
A109: Total Rs Amount | C109: =C108*40 -> 0 | D109: =D108*40 -> 21076 | E109: =E108*40 -> 11228 | F109: =F108*40 -> 15156 | G109: =G108*40 -> 11352 | H109: =H108*40 -> 25324 | I109: =I108*40 -> 24960 | J109: =J108*40 -> 109096 | K109: =K108*40 -> 109096
A111: CUT
...

Sheet Indapur-Madha-Kandhar-Baramati
C1: INDAPUR
A2: Date | B2: Time | C2: 1 | D2: 2 | E2: 3 | F2: 4 | G2: 5 | H2: 6 | I2: 7 | J2: 8 | K2: 9 | L2: 10 | M2: 11 | N2: 12 | O2: 13 | P2: 14 | Q2: 15 | R2: 16 | S2: 17 | T2: 18 | U2: 19 | V2: 20 | W2: 21
C3: Ram | D3: navghan | E3: Sham | F3: Sidhu | G3: Hari | H3: Govind Mir | I3: Sukhabhai | J3: Amar | K3: Govind | L3: Bharat | M3: Lala | N3: Raju | O3: Vikram | P3: Hari | Q3: Devgan | R3: Kabu/Bhavani ngr | S3: Gopal/Kandr | T3: Nagji/Madha | U3: Krushna/Baramati | V3: Kanha/Baramati | W3: Vijay / Madha | X3: Total(M/E) | Y3: Total Milk ( Liters)
C4: Qty | D4: Qty | E4: Qty | F4: Qty | G4: Qty | H4: Qty | I4: Qty | J4: Qty | K4: Qty | L4: Qty | M4: Qty | N4: Qty | O4: Qty | P4: Qty | Q4: Qty | R4: Qty | S4: Qty | U4: Evening | V4: Morning
A5: 46316 | B5: M | X5: =SUM(C5:W5) -> 0 | Y5: =X5+X6 -> 0
B6: E | X6: =SUM(C6:W6) -> 0
A7: 46317 | B7: M | X7: =SUM(C7:W7) -> 0 | Y7: =X7+X8 -> 0
B8: E | X8: =SUM(C8:W8) -> 0
A9: 46318 | B9: M | X9: =SUM(C9:W9) -> 0 | Y9: =X9+X10 -> 0
B10: E | X10: =SUM(C10:W10) -> 0
A11: 46319 | B11: M | X11: =SUM(C11:W11) -> 0 | Y11: =X11+X12 -> 0
B12: E | X12: =SUM(C12:W12) -> 0
A13: 46320 | B13: M | X13: =SUM(C13:W13) -> 0 | Y13: =X13+X14 -> 0
B14: E | X14: =SUM(C14:W14) -> 0
A15: 46321 | B15: M | X15: =SUM(C15:W15) -> 0 | Y15: =X15+X16 -> 0
B16: E | X16: =SUM(C16:W16) -> 0
A17: 46322 | B17: M | X17: =SUM(C17:W17) -> 0 | Y17: =X17+X18 -> 0
B18: E | X18: =SUM(C18:W18) -> 0
A19: 46323 | B19: M | X19: =SUM(C19:W19) -> 0 | Y19: =X19+X20 -> 0
B20: E | X20: =SUM(C20:W20) -> 0
A21: 46324 | B21: M | X21: =SUM(C21:W21) -> 0 | Y21: =X21+X22 -> 0
B22: E | X22: =SUM(C22:W22) -> 0
A23: 46325 | B23: M | X23: =SUM(C23:W23) -> 0 | Y23: =X23+X24 -> 0
B24: E | X24: =SUM(C24:W24) -> 0
A25: 46326 | B25: M | X25: =SUM(C25:W25) -> 0 | Y25: =X25+X26 -> 0
B26: E | X26: =SUM(C26:W26) -> 0
A28: Total Qty Milk (Liters) | C28: =SUM(C5:C24) -> 0 | D28: =SUM(D5:D24) -> 0 | E28: =SUM(E5:E24) -> 0 | F28: =SUM(F5:F24) -> 0 | G28: =SUM(G5:G24) -> 0 | H28: =SUM(H5:H24) -> 0 | I28: =SUM(I5:I24) -> 0 | J28: =SUM(J5:J24) -> 0 | ... Y28: =SUM(Y5:Y24) -> 0
A29: Total Rs Amount | C29: =40*C28 -> 0 | D29: =40*D28 -> 0 | E29: =40*E28 -> 0 | F29: =40*F28 -> 0 | G29: =40*G28 -> 0 | H29: =40*H28 -> 0 | I29: =40*I28 -> 0 | J29: =40*J28 -> 0 | ... Q29: =40*Q28 -> 0 | S29: =40*S28 -> 0 | T29: =40*T28 -> 0 | X29: =40*X28 -> 0 | Y29: =40*Y28 -> 0
A31: CUT
A32: PAY
A33: 46306 | B33: M | C33: 42.6 | D33: 35.7 | E33: 27.4 | G33: 10.1 | H33: 0 | I33: 19.2 | J33: 21.4 | K33: 28 | L33: 16 | M33: 18.3 | N33: 6.4 | O33: 3.5 | P33: 18.5 | Q33: 29.5 | T33: 22.3 | W33: 13 | X33: =SUM(C33:W33) -> 311.9 | Y33: =X33+X34 -> 584.4
B34: E | C34: 25.1 | D34: 36.6 | E34: 22 | G34: 14 | H34: 0 | I34: 34.4 | J34: 14.5 | K34: 25.2 | L34: 17.7 | M34: 15.8 | N34: 0 | O34: 0 | P34: 19.5 | Q34: 23 | T34: 24.7 | W34: 0 | X34: =SUM(C34:W34) -> 272.5
A35: 46307 | B35: M | C35: 33.7 | D35: 30 | E35: 30.2 | G35: 11.1 | H35: 0 | I35: 20.8 | J35: 18.7 | K35: 24.2 | L35: 14.5 | M35: 19.1 | N35: 6 | O35: 1.8 | P35: 21.5 | Q35: 30.2 | T35: 32.8 | W35: 14 | X35: =SUM(C35:W35) -> 308.6 | Y35: =X35+X36 -> 438.6
B36: E | C36: 27.3 | D36: 36.2 | E36: 28.7 | G36: 18 | H36: 19.8 | I36: 0 | J36: 0 | K36: 0 | L36: 0 | M36: 0 | N36: 0 | O36: 0 | P36: 0 | Q36: 0 | T36: 0 | W36: 0 | X36: =SUM(C36:W36) -> 130
A37: 46308 | B37: M | C37: 38 | D37: 33.2 | E37: 27.7 | G37: 10.9 | H37: 0 | I37: 20.8 | J37: 18.7 | K37: 25.8 | L37: 17.4 | M37: 20.7 | N37: 7 | O37: 7.1 | P37: 28.6 | Q37: 33.5 | T37: 31.9 | W37: 14.7 | X37: =SUM(C37:W37) -> 336 | Y37: =X37+X38 -> 621.7
B38: E | C38: 30.5 | D38: 36 | E38: 27 | G38: 14.7 | H38: 23.2 | I38: 34.5 | J38: 14 | K38: 22.1 | L38: 15.3 | M38: 14.6 | N38: 0 | O38: 0 | P38: 18.1 | Q38: 19.5 | T38: 16.2 | W38: 0 | X38: =SUM(C38:W38) -> 285.7
A39: 46309 | B39: M | X39: =SUM(C39:W39) -> 0 | Y39: =X39+X40 -> 0
B40: E | X40: =SUM(C40:W40) -> 0
A41: 46310 | B41: M | X41: =SUM(C41:W41) -> 0 | Y41: =X41+X42 -> 0
B42: E | X42: =SUM(C42:W42) -> 0
A43: 46311 | B43: M | X43: =SUM(C43:W43) -> 0 | Y43: =X43+X44 -> 0
B44: E | X44: =SUM(C44:W44) -> 0
A45: 46312 | B45: M | X45: =SUM(C45:W45) -> 0 | Y45: =X45+X46 -> 0
B46: E | X46: =SUM(C46:W46) -> 0
A47: 46313 | B47: M | X47: =SUM(C47:W47) -> 0 | Y47: =X47+X48 -> 0
B48: E | X48: =SUM(C48:W48) -> 0
A49: 46314 | B49: M | X49: =SUM(C49:W49) -> 0 | Y49: =X49+X50 -> 0
B50: E | X50: =SUM(C50:W50) -> 0
A51: 46315 | B51: M | X51: =SUM(C51:W51) -> 0 | Y51: =X51+X52 -> 0
B52: E | X52: =SUM(C52:W52) -> 0
A54: Total Qty Milk (Liters) | C54: =SUM(C33:C52) -> 197.2 | D54: =SUM(D33:D52) -> 207.7 | E54: =SUM(E33:E52) -> 163 | F54: =SUM(F33:F52) -> 0 | G54: =SUM(G33:G52) -> 78.8 | H54: =SUM(H33:H52) -> 43 | I54: =SUM(I33:I52) -> 129.7 | J54: =SUM(J33:J52) -> 87.3 | ... Y54: =SUM(Y33:Y52) -> 1644.7
A55: Total Rs Amount | C55: =40*C54 -> 7888 | D55: =40*D54 -> 8308 | E55: =40*E54 -> 6520 | F55: =40*F54 -> 0 | G55: =40*G54 -> 3152 | H55: =40*H54 -> 1720 | I55: =40*I54 -> 5188 | J55: =40*J54 -> 3492 | ... Q55: =40*Q54 -> 5428 | S55: =40*S54 -> 0 | T55: =40*T54 -> 5116 | X55: =40*X54 -> 65788 | Y55: =40*Y54 -> 65788
A57: CUT
A58: PAY
A61: 46296 | B61: M | C61: 24.5 | D61: 33.5 | E61: 35.3 | G61: 7.9 | H61: 14.3 | I61: 26.5 | J61: 19.5 | K61: 28 | L61: 20.5 | M61: 21.6 | N61: 0 | O61: 0 | P61: 16.6 | Q61: 33.8 | T61: 28.6 | W61: 11.3 | X61: =SUM(C61:W61) -> 321.9 | Y61: =X61+X62 -> 623.2
B62: E | C62: 24.8 | D62: 33 | E62: 35.5 | G62: 7.5 | H62: 21.3 | I62: 34.8 | J62: 15.4 | K62: 24.7 | L62: 19.6 | M62: 17.3 | N62: 4 | O62: 0 | P62: 12.2 | Q62: 28.8 | T62: 17 | W62: 5.4 | X62: =SUM(C62:W62) -> 301.3
A63: 46297 | B63: M | C63: 35.3 | D63: 32.8 | E63: 35.5 | G63: 11.2 | H63: 0 | I63: 27.1 | J63: 17.1 | K63: 28.2 | L63: 20.2 | M63: 17.7 | N63: 0 | O63: 0 | P63: 12.2 | Q63: 31.2 | T63: 30.1 | W63: 10.3 | X63: =SUM(C63:W63) -> 308.9 | Y63: =X63+X64 -> 612.9
B64: E | C64: 29.1 | D64: 33.9 | E64: 29.3 | G64: 17.6 | H64: 18.2 | I64: 36.9 | J64: 14.6 | K64: 25 | L64: 20.9 | M64: 16.3 | N64: 2.8 | O64: 0 | P64: 11.2 | Q64: 23.8 | T64: 24.4 | W64: 0 | X64: =SUM(C64:W64) -> 304
A65: 46298 | B65: M | C65: 38.1 | D65: 35.5 | E65: 35.3 | G65: 14 | H65: 14 | I65: 24.9 | J65: 22.3 | K65: 29.1 | L65: 19 | M65: 18.5 | N65: 0 | O65: 0 | P65: 10.2 | Q65: 27.8 | T65: 29.6 | W65: 11.5 | X65: =SUM(C65:W65) -> 329.8 | Y65: =X65+X66 -> 606.8
B66: E | C66: 31 | D66: 34.1 | E66: 33.8 | G66: 12.5 | H66: 23.7 | I66: 35.1 | J66: 14.1 | K66: 28.4 | L66: 18.3 | M66: 16 | N66: 0 | O66: 0 | P66: 8.3 | Q66: 21.7 | T66: 0 | W66: 0 | X66: =SUM(C66:W66) -> 277
A67: 46299 | B67: M | C67: 34 | D67: 32.2 | E67: 34.2 | G67: 16.7 | H67: 6.2 | I67: 20.4 | J67: 21 | K67: 28.8 | L67: 20.3 | M67: 22.2 | N67: 6.7 | O67: 0 | P67: 16.1 | Q67: 29 | T67: 30.6 | W67: 8.8 | X67: =SUM(C67:W67) -> 327.2 | Y67: =X67+X68 -> 654
B68: E | C68: 29.6 | D68: 34.9 | E68: 38.4 | G68: 15.1 | H68: 23.9 | I68: 43.9 | J68: 16.3 | K68: 26.2 | L68: 20 | M68: 16.8 | N68: 0 | O68: 0 | P68: 14.2 | Q68: 24.5 | T68: 23 | W68: 0 | X68: =SUM(C68:W68) -> 326.8
A69: 46300 | B69: M | C69: 36 | D69: 35.6 | E69: 35.3 | G69: 17 | H69: 16.8 | I69: 13 | J69: 19.8 | K69: 27.7 | L69: 18.7 | M69: 20.6 | N69: 6.7 | O69: 0 | P69: 16 | Q69: 29.3 | T69: 29.4 | W69: 8.8 | X69: =SUM(C69:W69) -> 330.7 | Y69: =X69+X70 -> 639.8
B70: E | C70: 30.7 | D70: 33.9 | E70: 36.5 | G70: 16.6 | H70: 23.4 | I70: 41.4 | J70: 16 | K70: 24.8 | L70: 23.3 | M70: 15 | N70: 0 | O70: 0 | P70: 13.6 | Q70: 17.9 | T70: 16 | W70: 0 | X70: =SUM(C70:W70) -> 309.1
A71: 46301 | B71: M | C71: 34 | D71: 37.6 | E71: 37 | G71: 14.4 | H71: 0 | I71: 23.2 | J71: 20.2 | K71: 27.7 | L71: 19 | M71: 22.8 | N71: 6.8 | O71: 0 | P71: 27.4 | Q71: 18.8 | T71: 33.7 | W71: 8.7 | X71: =SUM(C71:W71) -> 331.3 | Y71: =X71+X72 -> 642.2
B72: E | C72: 21.8 | D72: 33.4 | E72: 36.7 | G72: 18 | H72: 24.6 | I72: 36.5 | J72: 16.5 | K72: 24.1 | L72: 19.8 | M72: 16.1 | N72: 0 | O72: 0 | P72: 15.8 | Q72: 22.8 | T72: 24.8 | W72: 0 | X72: =SUM(C72:W72) -> 310.9
A73: 46302 | B73: M | C73: 29.4 | D73: 30.1 | E73: 33.2 | G73: 17.5 | H73: 20 | I73: 18.5 | J73: 20.7 | K73: 27.6 | L73: 17.3 | M73: 22.5 | N73: 8.3 | O73: 0 | P73: 21.6 | Q73: 32.2 | T73: 33.6 | W73: 13.7 | X73: =SUM(C73:W73) -> 346.2 | Y73: =X73+X74 -> 671.4
B74: E | C74: 28.3 | D74: 37 | E74: 36.8 | G74: 14.8 | H74: 35.5 | I74: 38.3 | J74: 14.6 | K74: 24.5 | L74: 18.2 | M74: 18 | N74: 0 | O74: 0 | P74: 17.5 | Q74: 24 | T74: 17.7 | W74: 0 | X74: =SUM(C74:W74) -> 325.2
A75: 46303 | B75: M | C75: 37.8 | D75: 32 | E75: 37 | G75: 22 | H75: 10.6 | I75: 23.7 | J75: 21.1 | K75: 30 | L75: 18.1 | M75: 22.3 | N75: 6.2 | O75: 0 | P75: 21.7 | Q75: 32 | T75: 32.9 | W75: 8.6 | X75: =SUM(C75:W75) -> 356 | Y75: =X75+X76 -> 679.8
B76: E | C76: 25.5 | D76: 40.3 | E76: 36.5 | G76: 16.5 | H76: 18 | I76: 37.2 | J76: 13.5 | K76: 26 | L76: 18.6 | M76: 18.6 | N76: 0 | O76: 0 | P76: 22.5 | Q76: 24.6 | T76: 26 | W76: 0 | X76: =SUM(C76:W76) -> 323.8
A77: 46304 | B77: M | C77: 38.7 | D77: 36 | E77: 33.6 | G77: 17.8 | H77: 17.8 | I77: 21.5 | J77: 18.3 | K77: 27.3 | L77: 16.7 | M77: 21.3 | N77: 8 | O77: 5.2 | P77: 22.2 | Q77: 32.3 | T77: 32 | W77: 11 | X77: =SUM(C77:W77) -> 359.7 | Y77: =X77+X78 -> 646.9
B78: E | C78: 31 | D78: 39.2 | E78: 33.5 | G78: 17.7 | H78: 22.2 | I78: 17.8 | J78: 15 | K78: 24.8 | L78: 20 | M78: 14.4 | N78: 0 | O78: 0 | P78: 17.7 | Q78: 23.8 | T78: 10.1 | W78: 0 | X78: =SUM(C78:W78) -> 287.2
A79: 46305 | B79: M | C79: 43.2 | D79: 40.3 | E79: 35.2 | G79: 14.5 | H79: 0 | I79: 21.5 | J79: 18.4 | K79: 28.3 | L79: 16 | M79: 22.2 | N79: 7 | O79: 4 | P79: 22.2 | Q79: 32.4 | T79: 32.9 | W79: 9.8 | X79: =SUM(C79:W79) -> 347.9 | Y79: =X79+X80 -> 634.2
B80: E | C80: 20.5 | D80: 34.9 | E80: 31.3 | G80: 20.6 | H80: 17.8 | I80: 34 | J80: 13.8 | K80: 22.1 | L80: 18.2 | M80: 16.5 | N80: 0 | O80: 0 | P80: 17.1 | Q80: 23.9 | T80: 15.6 | W80: 0 | X80: =SUM(C80:W80) -> 286.3
A82: Total Qty Milk (Liters) | C82: =SUM(C61:C80) -> 623.3 | D82: =SUM(D61:D80) -> 700.2 | E82: =SUM(E61:E80) -> 699.9 | F82: =SUM(F61:F80) -> 0 | G82: =SUM(G61:G80) -> 309.9 | H82: =SUM(H61:H80) -> 328.3 | I82: =SUM(I61:I80) -> 576.2 | J82: =SUM(J61:J80) -> 348.2 | ... Y82: =SUM(Y61:Y80) -> 6411.2
A83: Total Rs Amount | C83: =40*C82 -> 24932 | D83: =40*D82 -> 28008 | E83: =40*E82 -> 27996 | F83: =40*F82 -> 0 | G83: =40*G82 -> 12396 | H83: =40*H82 -> 13132 | I83: =40*I82 -> 23048 | J83: =40*J82 -> 13928 | ... Q83: =40*Q82 -> 21384 | S83: =40*S82 -> 0 | T83: =40*T82 -> 19520 | X83: =40*X82 -> 256448 | Y83: =40*Y82 -> 256448
A85: CUT
A86: PAY
A87: 46286 | B87: M | C87: 17.6 | D87: 32 | E87: 37.5 | F87: 0 | G87: 12.7 | H87: 0 | I87: 17.2 | J87: 21.5 | K87: 30.4 | L87: 20 | M87: 14 | N87: 0 | O87: 30 | P87: 15 | Q87: 32.8 | T87: 31 | W87: 12 | X87: =SUM(C87:W87) -> 323.7 | Y87: =X87+X88 -> 549.8
B88: E | C88: 13.3 | D88: 31 | E88: 37 | F88: 0 | G88: 5.5 | H88: 0 | I88: 11.1 | J88: 16.6 | K88: 24 | L88: 18.9 | M88: 20 | N88: 2.8 | O88: 0 | P88: 14.4 | Q88: 14.1 | T88: 14.4 | W88: 3 | X88: =SUM(C88:W88) -> 226.1
A89: 46287 | B89: M | C89: 14.5 | D89: 34 | E89: 40.5 | F89: 0 | G89: 10 | H89: 11.3 | I89: 21 | J89: 21.3 | K89: 30.8 | L89: 20.2 | M89: 22.2 | N89: 0 | O89: 29.6 | P89: 17.7 | Q89: 30.1 | T89: 34.2 | W89: 10.5 | X89: =SUM(C89:W89) -> 347.9 | Y89: =X89+X90 -> 607.2
B90: E | C90: 14.2 | D90: 33.3 | E90: 37.6 | F90: 0 | G90: 9.3 | H90: 16.2 | I90: 21.7 | J90: 16.7 | K90: 23.7 | L90: 17.4 | M90: 14.7 | N90: 2.7 | O90: 0 | P90: 13 | Q90: 13.4 | T90: 23.2 | W90: 2.2 | X90: =SUM(C90:W90) -> 259.3
A91: 46288 | B91: M | C91: 14 | D91: 40.4 | E91: 36 | F91: 0 | G91: 7 | H91: 0 | I91: 26 | J91: 17.3 | K91: 28.3 | L91: 19.1 | M91: 18.1 | N91: 0 | O91: 30 | P91: 18.7 | Q91: 32 | T91: 32.9 | W91: 7.6 | X91: =SUM(C91:W91) -> 327.4 | Y91: =X91+X92 -> 564.5
B92: E | C92: 14 | D92: 28.7 | E92: 38.8 | F92: 0 | G92: 7.6 | H92: 10.8 | I92: 23.2 | J92: 15.5 | K92: 23.8 | L92: 16.7 | M92: 15.1 | N92: 2.4 | O92: 0 | P92: 11.8 | Q92: 13.7 | T92: 8.4 | W92: 6.6 | X92: =SUM(C92:W92) -> 237.1
A93: 46289 | B93: M | C93: 15 | D93: 37.4 | E93: 35.8 | F93: 0 | G93: 13.8 | H93: 0 | I93: 21.1 | J93: 20 | K93: 30.5 | L93: 21.8 | M93: 21 | N93: 0 | O93: 35.5 | P93: 17.4 | Q93: 30 | T93: 32 | W93: 11.8 | X93: =SUM(C93:W93) -> 343.1 | Y93: =X93+X94 -> 629.9
B94: E | C94: 14.3 | D94: 35.7 | E94: 41.1 | F94: 0 | G94: 9.7 | H94: 14.9 | I94: 39.3 | J94: 16 | K94: 27.3 | L94: 20.5 | M94: 15.8 | N94: 3.8 | O94: 0 | P94: 11.4 | Q94: 10.4 | T94: 26.6 | W94: 0 | X94: =SUM(C94:W94) -> 286.8
A95: 46290 | B95: M | C95: 14.5 | D95: 32.5 | E95: 37.7 | F95: 0 | G95: 16 | H95: 11.9 | I95: 22.2 | J95: 22.2 | K95: 32 | L95: 20 | M95: 20.2 | N95: 0 | O95: 23.5 | P95: 14.5 | Q95: 31.9 | T95: 32.4 | W95: 0 | X95: =SUM(C95:W95) -> 331.5 | Y95: =X95+X96 -> 602.3
B96: E | C96: 13.8 | D96: 36.1 | E96: 39.4 | F96: 0 | G96: 8.4 | H96: 15.3 | I96: 32.6 | J96: 16.7 | K96: 27.5 | L96: 18.3 | M96: 16.4 | N96: 4.7 | O96: 0 | P96: 14.5 | Q96: 12.2 | T96: 6.5 | W96: 8.4 | X96: =SUM(C96:W96) -> 270.8
A97: 46291 | B97: M | C97: 0 | D97: 40 | E97: 0 | F97: 0 | G97: 0 | H97: 0 | I97: 23.4 | J97: 23 | K97: 30.9 | L97: 18.6 | M97: 18.7 | N97: 0 | O97: 0 | P97: 15.5 | Q97: 31.5 | T97: 33.1 | W97: 14.3 | X97: =SUM(C97:W97) -> 249 | Y97: =X97+X98 -> 427.2
B98: E | C98: 0 | D98: 0 | E98: 0 | F98: 0 | G98: 0 | H98: 0 | I98: 34.4 | J98: 16.7 | K98: 26.7 | L98: 21.4 | M98: 15.9 | N98: 4.5 | O98: 0 | P98: 13.1 | Q98: 11.7 | T98: 21.6 | W98: 12.2 | X98: =SUM(C98:W98) -> 178.2
A99: 46292 | B99: M | C99: 0 | D99: 0 | E99: 0 | F99: 0 | G99: 0 | H99: 0 | I99: 18.6 | J99: 20.8 | K99: 31.6 | L99: 21.5 | M99: 22.7 | N99: 0 | O99: 0 | P99: 16 | Q99: 35.6 | T99: 29 | W99: 12.3 | X99: =SUM(C99:W99) -> 208.1 | Y99: =X99+X100 -> 357.3
B100: E | C100: 0 | D100: 0 | E100: 0 | F100: 0 | G100: 0 | H100: 0 | I100: 16.6 | J100: 16.3 | K100: 27.9 | L100: 21.4 | M100: 16.1 | N100: 4.4 | O100: 0 | P100: 12.7 | Q100: 13.7 | T100: 15.3 | W100: 4.8 | X100: =SUM(C100:W100) -> 149.2
A101: 46293 | B101: M | C101: 0 | D101: 0 | E101: 0 | F101: 0 | G101: 0 | H101: 0 | I101: 18.4 | J101: 20 | K101: 31.7 | L101: 20.3 | M101: 20.2 | N101: 0 | O101: 0 | P101: 13 | Q101: 28.7 | T101: 29.8 | W101: 10.3 | X101: =SUM(C101:W101) -> 192.4 | Y101: =X101+X102 -> 356.2
B102: E | C102: 0 | D102: 0 | E102: 0 | F102: 0 | G102: 0 | H102: 0 | I102: 17.8 | J102: 16.3 | K102: 27.2 | L102: 21.6 | M102: 16.3 | N102: 3.2 | O102: 0 | P102: 13 | Q102: 18.2 | T102: 27 | W102: 3.2 | X102: =SUM(C102:W102) -> 163.8
A103: 46294 | B103: M | C103: 0 | D103: 0 | E103: 0 | F103: 0 | G103: 0 | H103: 0 | I103: 19.6 | J103: 21 | K103: 31 | L103: 18.5 | M103: 20 | N103: 0 | O103: 0 | P103: 14 | Q103: 29.2 | T103: 28.4 | W103: 9.2 | X103: =SUM(C103:W103) -> 190.9 | Y103: =X103+X104 -> 351.3
B104: E | C104: 0 | D104: 0 | E104: 0 | F104: 0 | G104: 0 | H104: 0 | I104: 28.5 | J104: 16.8 | K104: 24.6 | L104: 20.5 | M104: 15.6 | N104: 5 | O104: 0 | P104: 12.1 | Q104: 15 | T104: 16.3 | W104: 6 | X104: =SUM(C104:W104) -> 160.4
A105: 46295 | B105: M | C105: 0 | D105: 0 | E105: 0 | F105: 0 | G105: 0 | H105: 0 | I105: 19.3 | J105: 22.1 | K105: 29.4 | L105: 17.8 | M105: 21.2 | N105: 0 | O105: 0 | P105: 13.5 | Q105: 33 | T105: 31 | W105: 8.4 | X105: =SUM(C105:W105) -> 195.7 | Y105: =X105+X106 -> 369.5
B106: E | C106: 0 | D106: 0 | E106: 0 | F106: 0 | G106: 0 | H106: 0 | I106: 38.6 | J106: 16.3 | K106: 26.2 | L106: 19 | M106: 16.1 | N106: 0 | O106: 0 | P106: 14.8 | Q106: 16.3 | T106: 18 | W106: 8.5 | X106: =SUM(C106:W106) -> 173.8
A108: Total Qty Milk (Liters) | C108: =SUM(C87:C106) -> 145.2 | D108: =SUM(D87:D106) -> 381.1 | E108: =SUM(E87:E106) -> 381.4 | F108: =SUM(F87:F106) -> 0 | G108: =SUM(G87:G106) -> 100 | H108: =SUM(H87:H106) -> 80.4 | I108: =SUM(I87:I106) -> 470.6 | J108: =SUM(J87:J106) -> 373.1 | ... Y108: =SUM(Y87:Y106) -> 4815.2
A109: Total Rs Amount | C109: =40*C108 -> 5808 | D109: =40*D108 -> 15244 | E109: =40*E108 -> 15256 | F109: =40*F108 -> 0 | G109: =40*G108 -> 4000 | H109: =40*H108 -> 3216 | I109: =40*I108 -> 18824 | J109: =40*J108 -> 14924 | ... Q109: =40*Q108 -> 18140 | S109: =40*S108 -> 0 | T109: =40*T108 -> 19644 | X109: =40*X108 -> 192608 | Y109: =40*Y108 -> 192608
...

Sheet Kalewadi
C1: 1 | D1: 2 | E1: 3 | F1: 4
A2: Date | B2: Time
C3: Jayram | D3: Babhabhai | E3: Munnabhai | F3: Lalabhai | G3: Total ( M/E) | H3: Total Milk ( Liters)
C4: Qty | D4: Qty | E4: Qty | F4: Qty
A6: 46316 | B6: M | G6: =SUM(C6:F6) -> 0 | H6: =SUM(G6:G7) -> 0
B7: E | G7: =SUM(C7:F7) -> 0
A8: 46317 | B8: M | G8: =SUM(C8:F8) -> 0 | H8: =SUM(G8:G9) -> 0
B9: E | G9: =SUM(C9:F9) -> 0
A10: 46318 | B10: M | G10: =SUM(C10:F10) -> 0 | H10: =SUM(G10:G11) -> 0
B11: E | G11: =SUM(C11:F11) -> 0
A12: 46319 | B12: M | G12: =SUM(C12:F12) -> 0 | H12: =SUM(G12:G13) -> 0
B13: E | G13: =SUM(C13:F13) -> 0
A14: 46320 | B14: M | G14: =SUM(C14:F14) -> 0 | H14: =SUM(G14:G15) -> 0
B15: E | G15: =SUM(C15:F15) -> 0
A16: 46321 | B16: M | G16: =SUM(C16:F16) -> 0 | H16: =SUM(G16:G17) -> 0
B17: E | G17: =SUM(C17:F17) -> 0
A18: 46322 | B18: M | G18: =SUM(C18:F18) -> 0 | H18: =SUM(G18:G19) -> 0
B19: E | G19: =SUM(C19:F19) -> 0
A20: 46323 | B20: M | G20: =SUM(C20:F20) -> 0 | H20: =SUM(G20:G21) -> 0
B21: E | G21: =SUM(C21:F21) -> 0
A22: 46324 | B22: M | G22: =SUM(C22:F22) -> 0 | H22: =SUM(G22:G23) -> 0
B23: E | G23: =SUM(C23:F23) -> 0
A24: 46325 | B24: M | G24: =SUM(C24:F24) -> 0 | H24: =SUM(G24:G25) -> 0
B25: E | G25: =SUM(C25:F25) -> 0
A26: 46326 | B26: M | G26: =SUM(C26:F26) -> 0 | H26: =SUM(G26:G27) -> 0
B27: E | G27: =SUM(C27:F27) -> 0
A29: Total Qty Milk (Liters) | C29: =SUM(C6:C27) -> 0 | D29: =SUM(D6:D27) -> 0 | E29: =SUM(E6:E27) -> 0 | F29: =SUM(F6:F27) -> 0 | G29: =SUM(G6:G27) -> 0 | H29: =SUM(H6:H27) -> 0
A30: Total Rs Amount | C30: =C29*40 -> 0 | D30: =D29*40 -> 0 | E30: =E29*40 -> 0 | F30: =F29*40 -> 0 | G30: =G29*40 -> 0 | H30: =H29*40 -> 0
A32: CUT
A34: 46306 | B34: M | C34: 20.3 | D34: 37 | E34: 19.2 | F34: 24.7 | G34: =SUM(C34:F34) -> 101.2 | H34: =SUM(G34:G35) -> 210.1
B35: E | C35: 21.4 | D35: 36.8 | E35: 20.5 | F35: 30.2 | G35: =SUM(C35:F35) -> 108.9
A36: 46307 | B36: M | C36: 20.8 | D36: 35.8 | E36: 19 | F36: 26.3 | G36: =SUM(C36:F36) -> 101.9 | H36: =SUM(G36:G37) -> 215.9
B37: E | C37: 21.3 | D37: 39.1 | E37: 21.2 | F37: 32.4 | G37: =SUM(C37:F37) -> 114
A38: 46308 | B38: M | C38: 26.5 | D38: 38.7 | E38: 21.4 | F38: 28.5 | G38: =SUM(C38:F38) -> 115.1 | H38: =SUM(G38:G39) -> 233.5
B39: E | C39: 26 | D39: 37.1 | E39: 21.3 | F39: 34 | G39: =SUM(C39:F39) -> 118.4
A40: 46309 | B40: M | G40: =SUM(C40:F40) -> 0 | H40: =SUM(G40:G41) -> 0
B41: E | G41: =SUM(C41:F41) -> 0
A42: 46310 | B42: M | G42: =SUM(C42:F42) -> 0 | H42: =SUM(G42:G43) -> 0
B43: E | G43: =SUM(C43:F43) -> 0
A44: 46311 | B44: M | G44: =SUM(C44:F44) -> 0 | H44: =SUM(G44:G45) -> 0
B45: E | G45: =SUM(C45:F45) -> 0
A46: 46312 | B46: M | G46: =SUM(C46:F46) -> 0 | H46: =SUM(G46:G47) -> 0
B47: E | G47: =SUM(C47:F47) -> 0
A48: 46313 | B48: M | G48: =SUM(C48:F48) -> 0 | H48: =SUM(G48:G49) -> 0
B49: E | G49: =SUM(C49:F49) -> 0
A50: 46314 | B50: M | G50: =SUM(C50:F50) -> 0 | H50: =SUM(G50:G51) -> 0
B51: E | G51: =SUM(C51:F51) -> 0
A52: 46315 | B52: M | G52: =SUM(C52:F52) -> 0 | H52: =SUM(G52:G53) -> 0
B53: E | G53: =SUM(C53:F53) -> 0
A55: Total Qty Milk (Liters) | C55: =SUM(C34:C53) -> 136.3 | D55: =SUM(D34:D53) -> 224.5 | E55: =SUM(E34:E53) -> 122.6 | F55: =SUM(F34:F53) -> 176.1 | G55: =SUM(G34:G53) -> 659.5 | H55: =SUM(H34:H53) -> 659.5
A56: Total Rs Amount | C56: =C55*40 -> 5452 | D56: =D55*40 -> 8980 | E56: =E55*40 -> 4904 | F56: =F55*40 -> 7044 | G56: =G55*40 -> 26380 | H56: =H55*40 -> 26380
A58: CUT
A59: PAY
A61: 46296 | B61: M | C61: 0 | D61: 0 | E61: 0 | F61: 0 | G61: =SUM(C61:F61) -> 0 | H61: =SUM(G61:G62) -> 0
B62: E | C62: 0 | D62: 0 | E62: 0 | F62: 0 | G62: =SUM(C62:F62) -> 0
A63: 46297 | B63: M | C63: 0 | D63: 0 | E63: 0 | F63: 0 | G63: =SUM(C63:F63) -> 0 | H63: =SUM(G63:G64) -> 117.3
B64: E | C64: 23.7 | D64: 37.5 | E64: 23.3 | F64: 32.8 | G64: =SUM(C64:F64) -> 117.3
A65: 46298 | B65: M | C65: 24.4 | D65: 36.1 | E65: 21.1 | F65: 24.4 | G65: =SUM(C65:F65) -> 106 | H65: =SUM(G65:G66) -> 207.5
B66: E | C66: 19.8 | D66: 32.9 | E66: 20.2 | F66: 28.6 | G66: =SUM(C66:F66) -> 101.5
A67: 46299 | B67: M | C67: 25.2 | D67: 37.7 | E67: 24 | F67: 26.3 | G67: =SUM(C67:F67) -> 113.2 | H67: =SUM(G67:G68) -> 220.5
B68: E | C68: 21.7 | D68: 35 | E68: 20.9 | F68: 29.7 | G68: =SUM(C68:F68) -> 107.3
A69: 46300 | B69: M | C69: 22.2 | D69: 34.4 | E69: 17.7 | F69: 21.3 | G69: =SUM(C69:F69) -> 95.6 | H69: =SUM(G69:G70) -> 201.2
B70: E | C70: 22.2 | D70: 35.4 | E70: 19.4 | F70: 28.6 | G70: =SUM(C70:F70) -> 105.6
A71: 46301 | B71: M | C71: 21.8 | D71: 32.8 | E71: 17.4 | F71: 22.6 | G71: =SUM(C71:F71) -> 94.6 | H71: =SUM(G71:G72) -> 197
B72: E | C72: 21.2 | D72: 33.5 | E72: 17.9 | F72: 29.8 | G72: =SUM(C72:F72) -> 102.4
A73: 46302 | B73: M | C73: 21.7 | D73: 33 | E73: 18.2 | F73: 24.4 | G73: =SUM(C73:F73) -> 97.3 | H73: =SUM(G73:G74) -> 206.7
B74: E | C74: 21.7 | D74: 38.2 | E74: 20.3 | F74: 29.2 | G74: =SUM(C74:F74) -> 109.4
A75: 46303 | B75: M | C75: 21.5 | D75: 37.2 | E75: 20.6 | F75: 23.5 | G75: =SUM(C75:F75) -> 102.8 | H75: =SUM(G75:G76) -> 211.4
B76: E | C76: 21.5 | D76: 35.2 | E76: 20.7 | F76: 31.2 | G76: =SUM(C76:F76) -> 108.6
A77: 46304 | B77: M | C77: 22 | D77: 35.7 | E77: 19.4 | F77: 24.2 | G77: =SUM(C77:F77) -> 101.3 | H77: =SUM(G77:G78) -> 213.5
B78: E | C78: 22.9 | D78: 37.4 | E78: 21.4 | F78: 30.5 | G78: =SUM(C78:F78) -> 112.2
A79: 46305 | B79: M | C79: 21.4 | D79: 37.5 | E79: 19.7 | F79: 25.6 | G79: =SUM(C79:F79) -> 104.2 | H79: =SUM(G79:G80) -> 210.1
B80: E | C80: 19.6 | D80: 37.2 | E80: 19.9 | F80: 29.2 | G80: =SUM(C80:F80) -> 105.9
A82: Total Qty Milk (Liters) | C82: =SUM(C61:C80) -> 374.5 | D82: =SUM(D61:D80) -> 606.7 | E82: =SUM(E61:E80) -> 342.1 | F82: =SUM(F61:F80) -> 461.9 | G82: =SUM(G61:G80) -> 1785.2 | H82: =SUM(H61:H80) -> 1785.2
A83: Total Rs Amount | C83: =C82*40 -> 14980 | D83: =D82*40 -> 24268 | E83: =E82*40 -> 13684 | F83: =F82*40 -> 18476 | G83: =G82*40 -> 71408 | H83: =H82*40 -> 71408
A85: CUT
A86: PAY

Sheet Ghee Avarage
A2: Date | B2: Shift | C2: Nira Bhima Total | D2: Bhodani + Alephata +Jalgaon | E2: Gagargaon | F2: Indapur /MadhaTotal | G2: Kalewadi | H2: Total Milk | I2: FAT | J2: SNF | L2: Consumed Milk wada and Gotha/midc/ Butter for mumbai order | M2: Waste | N2: Butter1kg-25ltr /Culture | O2: Milk for Ghee Process | P2: Ghee Produced | Q2: Ghee Average | R2: Ghee Outsource (liters) | S2: Rate/ liters | T2: Culture Addition | U2: Butter Produced | V2: Residue
A3: 46023 | B3: M | C3: ='Nira-Bhima '!I741 -> 232.6 | D3: ='Bhodani Jalgaon ALephata'!I753 -> 1446.1 | E3: ='Gagargaon '!J743 -> 424.2 | F3: ='Indapur-Madha-Kandhar-Baramati'!X743 -> 2307.3 | H3: =SUM(C3:F3) -> 4410.2 | L3: 15 | O3: =H3+H4+H5-L3 -> 14084.7 | P3: 573.56 | Q3: =O3/P3 -> 24.556629
B4: E | C4: ='Nira-Bhima '!I742 -> 196 | D4: ='Bhodani Jalgaon ALephata'!I754 -> 1915.6 | E4: ='Gagargaon '!J744 -> 361.6 | F4: ='Indapur-Madha-Kandhar-Baramati'!X744 -> 2542.8 | H4: =SUM(C4:F4) -> 5016
A5: 46024 | B5: M | C5: ='Nira-Bhima '!I743 -> 232.1 | D5: ='Bhodani Jalgaon ALephata'!I755 -> 1679.7 | E5: ='Gagargaon '!J745 -> 434.4 | F5: ='Indapur-Madha-Kandhar-Baramati'!X745 -> 2327.3 | H5: =SUM(C5:F5) -> 4673.5
B6: E | C6: ='Nira-Bhima '!I744 -> 204.4 | D6: ='Bhodani Jalgaon ALephata'!I756 -> 1516.6 | E6: ='Gagargaon '!J746 -> 342.8 | F6: ='Indapur-Madha-Kandhar-Baramati'!X746 -> 2480.3 | H6: =SUM(C6:F6) -> 4544.1 | L6: 15 | O6: =H6+H7-L6 -> 9237.7 | P6: 376.88 | Q6: =O6/P6 -> 24.510985
A7: 46025 | B7: M | C7: ='Nira-Bhima '!I745 -> 223 | D7: ='Bhodani Jalgaon ALephata'!I757 -> 1765.4 | E7: ='Gagargaon '!J747 -> 434.4 | F7: ='Indapur-Madha-Kandhar-Baramati'!X747 -> 2285.8 | H7: =SUM(C7:F7) -> 4708.6
B8: E | C8: ='Nira-Bhima '!I746 -> 203.6 | D8: ='Bhodani Jalgaon ALephata'!I758 -> 1641.7 | E8: ='Gagargaon '!J748 -> 361.5 | F8: ='Indapur-Madha-Kandhar-Baramati'!X748 -> 2626.9 | H8: =SUM(C8:F8) -> 4833.7 | L8: 15 | O8: =H8+H9-L8 -> 9372 | P8: 380.93 | Q8: =O8/P8 -> 24.602945
A9: 46026 | B9: M | C9: ='Nira-Bhima '!I747 -> 211 | D9: ='Bhodani Jalgaon ALephata'!I759 -> 1682.9 | E9: ='Gagargaon '!J749 -> 432.5 | F9: ='Indapur-Madha-Kandhar-Baramati'!X749 -> 2226.9 | H9: =SUM(C9:F9) -> 4553.3
B10: E | C10: ='Nira-Bhima '!I748 -> 208.1 | D10: ='Bhodani Jalgaon ALephata'!I760 -> 1644.3 | E10: ='Gagargaon '!J750 -> 349 | F10: ='Indapur-Madha-Kandhar-Baramati'!X750 -> 2562.2 | H10: =SUM(C10:F10) -> 4763.6 | L10: 15 | O10: =H10+H11-L10 -> 9615.9 | P10: 389.3 | Q10: =O10/P10 -> 24.700488
A11: 46027 | B11: M | C11: ='Nira-Bhima '!I749 -> 219.8 | D11: ='Bhodani Jalgaon ALephata'!I761 -> 1766 | E11: ='Gagargaon '!J751 -> 441.3 | F11: ='Indapur-Madha-Kandhar-Baramati'!X751 -> 2440.2 | H11: =SUM(C11:F11) -> 4867.3
B12: E | C12: ='Nira-Bhima '!I750 -> 228.3 | D12: ='Bhodani Jalgaon ALephata'!I762 -> 1518.5 | E12: ='Gagargaon '!J752 -> 373.3 | F12: ='Indapur-Madha-Kandhar-Baramati'!X752 -> 2557 | H12: =SUM(C12:F12) -> 4677.1 | L12: 15 | O12: =H12+H13-L12 -> 9553.6 | P12: 387.93 | Q12: =O12/P12 -> 24.627123
A13: 46028 | B13: M | C13: ='Nira-Bhima '!I751 -> 238.3 | D13: ='Bhodani Jalgaon ALephata'!I763 -> 1724.6 | E13: ='Gagargaon '!J753 -> 468 | F13: ='Indapur-Madha-Kandhar-Baramati'!X753 -> 2460.6 | H13: =SUM(C13:F13) -> 4891.5
B14: E | C14: ='Nira-Bhima '!I752 -> 215.1 | D14: ='Bhodani Jalgaon ALephata'!I764 -> 1629.9 | E14: ='Gagargaon '!J754 -> 359.2 | F14: ='Indapur-Madha-Kandhar-Baramati'!X754 -> 2528.2 | H14: =SUM(C14:F14) -> 4732.4 | L14: 15 | O14: =H14+H15-L14 -> 15113.5 | P14: 616.75 | Q14: =O14/P14 -> 24.505067
A15: 46029 | B15: M | C15: ='Nira-Bhima '!I753 -> 233.2 | D15: ='Bhodani Jalgaon ALephata'!I765 -> 7532.4 | E15: ='Gagargaon '!J755 -> 459.7 | F15: ='Indapur-Madha-Kandhar-Baramati'!X755 -> 2170.8 | H15: =SUM(C15:F15) -> 10396.1
B16: E | C16: ='Nira-Bhima '!I754 -> 222.2 | D16: ='Bhodani Jalgaon ALephata'!I766 -> 1746.2 | E16: ='Gagargaon '!J756 -> 377.3 | F16: ='Indapur-Madha-Kandhar-Baramati'!X756 -> 2457.5 | H16: =SUM(C16:F16) -> 4803.2 | L16: 15 | O16: =H16+H17-L16 -> 9704.9 | P16: 395.94 | Q16: =O16/P16 -> 24.511037
A17: 46030 | B17: M | C17: ='Nira-Bhima '!I755 -> 239.8 | D17: ='Bhodani Jalgaon ALephata'!I767 -> 1761.4 | E17: ='Gagargaon '!J757 -> 480.4 | F17: ='Indapur-Madha-Kandhar-Baramati'!X757 -> 2435.1 | H17: =SUM(C17:F17) -> 4916.7
B18: E | C18: ='Nira-Bhima '!I756 -> 230.1 | D18: ='Bhodani Jalgaon ALephata'!I768 -> 1491.8 | E18: ='Gagargaon '!J758 -> 391 | F18: ='Indapur-Madha-Kandhar-Baramati'!X758 -> 2551.6 | H18: =SUM(C18:F18) -> 4664.5 | L18: 15 | O18: =H18+H19-L18 -> 9661.7 | P18: 396.2 | Q18: =O18/P18 -> 24.385916
A19: 46031 | B19: M | C19: ='Nira-Bhima '!I757 -> 263 | D19: ='Bhodani Jalgaon ALephata'!I769 -> 1763.8 | E19: ='Gagargaon '!J759 -> 486.8 | F19: ='Indapur-Madha-Kandhar-Baramati'!X759 -> 2498.6 | H19: =SUM(C19:F19) -> 5012.2
B20: E | C20: ='Nira-Bhima '!I758 -> 215.7 | D20: ='Bhodani Jalgaon ALephata'!I770 -> 1653.1 | E20: ='Gagargaon '!J760 -> 389.7 | F20: ='Indapur-Madha-Kandhar-Baramati'!X760 -> 2624.5 | H20: =SUM(C20:F20) -> 4883 | L20: 15 | O20: =H20+H21-L20 -> 9701.4 | P20: 392.19 | Q20: =O20/P20 -> 24.73648
A21: 46032 | B21: M | C21: ='Nira-Bhima '!I759 -> 248.9 | D21: ='Bhodani Jalgaon ALephata'!I771 -> 1687.7 | E21: ='Gagargaon '!J761 -> 487.3 | F21: ='Indapur-Madha-Kandhar-Baramati'!X761 -> 2409.5 | H21: =SUM(C21:F21) -> 4833.4
B22: E | C22: ='Nira-Bhima '!I760 -> 213.4 | D22: ='Bhodani Jalgaon ALephata'!I772 -> 1646.6 | E22: ='Gagargaon '!J762 -> 393.7 | F22: ='Indapur-Madha-Kandhar-Baramati'!X762 -> 2528.2 | H22: =SUM(C22:F22) -> 4781.9 | L22: 15 | O22: =H22+H23-L22 -> 9834.5 | P22: 401.4 | Q22: =O22/P22 -> 24.500498
A23: 46033 | B23: M | C23: ='Nira-Bhima '!I768 -> 245.8 | D23: ='Bhodani Jalgaon ALephata'!I780 -> 1882 | E23: ='Gagargaon '!J770 -> 475.1 | F23: ='Indapur-Madha-Kandhar-Baramati'!X770 -> 2464.7 | H23: =SUM(C23:F23) -> 5067.6
B24: M | C24: ='Nira-Bhima '!I769 -> 248.4 | D24: ='Bhodani Jalgaon ALephata'!I781 -> 1599.4 | E24: ='Gagargaon '!J771 -> 398.7 | F24: ='Indapur-Madha-Kandhar-Baramati'!X771 -> 2648.3 | H24: =SUM(C24:F24) -> 4894.8 | L24: 15 | O24: =H24+H25-L24 -> 9955.1 | P24: 404.67 | Q24: =O24/P24 -> 24.600539
A25: 46034 | B25: E | C25: ='Nira-Bhima '!I770 -> 242.9 | D25: ='Bhodani Jalgaon ALephata'!I782 -> 1777.8 | E25: ='Gagargaon '!J772 -> 534.6 | F25: ='Indapur-Madha-Kandhar-Baramati'!X772 -> 2520 | H25: =SUM(C25:F25) -> 5075.3
B26: M | C26: ='Nira-Bhima '!I771 -> 231.8 | D26: ='Bhodani Jalgaon ALephata'!I783 -> 1700.2 | E26: ='Gagargaon '!J773 -> 401.7 | F26: ='Indapur-Madha-Kandhar-Baramati'!X773 -> 2506 | H26: =SUM(C26:F26) -> 4839.7 | L26: =15+125 -> 140 | O26: =H26+H27-L26 -> 9767.7 | P26: 397 | Q26: =O26/P26 -> 24.603778
A27: 46035 | B27: E | C27: ='Nira-Bhima '!I772 -> 261 | D27: ='Bhodani Jalgaon ALephata'!I784 -> 1795.2 | E27: ='Gagargaon '!J774 -> 523.9 | F27: ='Indapur-Madha-Kandhar-Baramati'!X774 -> 2487.9 | H27: =SUM(C27:F27) -> 5068
B28: M | C28: ='Nira-Bhima '!I773 -> 238.3 | D28: ='Bhodani Jalgaon ALephata'!I785 -> 1577.2 | E28: ='Gagargaon '!J775 -> 442.5 | F28: ='Indapur-Madha-Kandhar-Baramati'!X775 -> 2640.1 | H28: =SUM(C28:F28) -> 4898.1 | L28: 15 | O28: =H28+H29-L28 -> 9915.3 | P28: 401.4 | Q28: =O28/P28 -> 24.701794
A29: 46036 | B29: E | C29: ='Nira-Bhima '!I774 -> 255.4 | D29: ='Bhodani Jalgaon ALephata'!I786 -> 1788.9 | E29: ='Gagargaon '!J776 -> 553.3 | F29: ='Indapur-Madha-Kandhar-Baramati'!X776 -> 2434.6 | H29: =SUM(C29:F29) -> 5032.2
B30: M | C30: ='Nira-Bhima '!I775 -> 247.2 | D30: ='Bhodani Jalgaon ALephata'!I787 -> 1677.9 | E30: ='Gagargaon '!J777 -> 434.9 | F30: ='Indapur-Madha-Kandhar-Baramati'!X777 -> 2678.7 | H30: =SUM(C30:F30) -> 5038.7 | L30: 15 | O30: =H30+H31-L30 -> 9990.7 | P30: 404.48 | Q30: =O30/P30 -> 24.700109
A31: 46037 | B31: E | C31: ='Nira-Bhima '!I776 -> 277 | D31: ='Bhodani Jalgaon ALephata'!I788 -> 1799 | E31: ='Gagargaon '!J778 -> 544.7 | F31: ='Indapur-Madha-Kandhar-Baramati'!X778 -> 2346.3 | H31: =SUM(C31:F31) -> 4967
B32: M | C32: ='Nira-Bhima '!I777 -> 242.9 | D32: ='Bhodani Jalgaon ALephata'!I789 -> 1740.7 | E32: ='Gagargaon '!J779 -> 450.5 | F32: ='Indapur-Madha-Kandhar-Baramati'!X779 -> 2648.5 | H32: =SUM(C32:F32) -> 5082.6 | L32: 15 | O32: =H32+H33-L32 -> 9924.1 | P32: 403.41 | Q32: =O32/P32 -> 24.60053
A33: 46038 | B33: E | C33: ='Nira-Bhima '!I778 -> 255 | D33: ='Bhodani Jalgaon ALephata'!I790 -> 1790 | E33: ='Gagargaon '!J780 -> 491.2 | F33: ='Indapur-Madha-Kandhar-Baramati'!X780 -> 2320.3 | H33: =SUM(C33:F33) -> 4856.5
B34: M | C34: ='Nira-Bhima '!I779 -> 231.1 | D34: ='Bhodani Jalgaon ALephata'!I791 -> 1569.7 | E34: ='Gagargaon '!J781 -> 380.8 | F34: ='Indapur-Madha-Kandhar-Baramati'!X781 -> 2479 | H34: =SUM(C34:F34) -> 4660.6 | L34: 15 | O34: =H34+H35-L34 -> 9594.4 | P34: 388.43 | Q34: =O34/P34 -> 24.700461
A35: 46039 | B35: E | C35: ='Nira-Bhima '!I780 -> 259.7 | D35: ='Bhodani Jalgaon ALephata'!I792 -> 1759.8 | E35: ='Gagargaon '!J782 -> 505.4 | F35: ='Indapur-Madha-Kandhar-Baramati'!X782 -> 2423.9 | H35: =SUM(C35:F35) -> 4948.8
B36: M | C36: ='Nira-Bhima '!I781 -> 235.4 | D36: ='Bhodani Jalgaon ALephata'!I793 -> 1679.3 | E36: ='Gagargaon '!J783 -> 441.6 | F36: ='Indapur-Madha-Kandhar-Baramati'!X783 -> 2611.7 | H36: =SUM(C36:F36) -> 4968 | L36: 15 | O36: =H36+H37-L36 -> 9775.5 | P36: 397.37 | Q36: =O36/P36 -> 24.600498
A37: 46040 | B37: E | C37: ='Nira-Bhima '!I782 -> 277.1 | D37: ='Bhodani Jalgaon ALephata'!I794 -> 1682.8 | E37: ='Gagargaon '!J784 -> 500.2 | F37: ='Indapur-Madha-Kandhar-Baramati'!X784 -> 2362.4 | H37: =SUM(C37:F37) -> 4822.5
B38: M | C38: ='Nira-Bhima '!I783 -> 251.4 | D38: ='Bhodani Jalgaon ALephata'!I795 -> 1733.4 | E38: ='Gagargaon '!J785 -> 420.7 | F38: ='Indapur-Madha-Kandhar-Baramati'!X785 -> 2635.8 | H38: =SUM(C38:F38) -> 5041.3 | L38: 15 | O38: =H38+H39-L38 -> 10105.7 | P38: 409.13 | Q38: =O38/P38 -> 24.700462
A39: 46041 | B39: E | C39: ='Nira-Bhima '!I784 -> 280.2 | D39: ='Bhodani Jalgaon ALephata'!I796 -> 1781.6 | E39: ='Gagargaon '!J786 -> 514.5 | F39: ='Indapur-Madha-Kandhar-Baramati'!X786 -> 2503.1 | H39: =SUM(C39:F39) -> 5079.4
B40: M | C40: ='Nira-Bhima '!I785 -> 252.8 | D40: ='Bhodani Jalgaon ALephata'!I797 -> 1706.4 | E40: ='Gagargaon '!J787 -> 430.8 | F40: ='Indapur-Madha-Kandhar-Baramati'!X787 -> 2669.2 | H40: =SUM(C40:F40) -> 5059.2 | L40: =15+125 -> 140 | O40: =H40+H41-L40 -> 9980.2 | P40: 405.69 | Q40: =O40/P40 -> 24.600557
A41: 46042 | B41: E | C41: ='Nira-Bhima '!I786 -> 287.5 | D41: ='Bhodani Jalgaon ALephata'!I798 -> 1776 | E41: ='Gagargaon '!J788 -> 509.7 | F41: ='Indapur-Madha-Kandhar-Baramati'!X788 -> 2487.8 | H41: =SUM(C41:F41) -> 5061
B42: M | C42: ='Nira-Bhima '!I787 -> 0 | D42: ='Bhodani Jalgaon ALephata'!I799 -> 1674 | E42: ='Gagargaon '!J789 -> 265.1 | F42: ='Indapur-Madha-Kandhar-Baramati'!X789 -> 0 | H42: =SUM(C42:F42) -> 1939.1 | L42: 15 | O42: =H42+H43-L42 -> 6977.6 | P42: 284.79 | Q42: =O42/P42 -> 24.50086
A43: 46043 | B43: M | C43: ='Nira-Bhima '!I795 -> 312.4 | D43: ='Bhodani Jalgaon ALephata'!I807 -> 1778.5 | E43: ='Gagargaon '!J797 -> 545.3 | F43: ='Indapur-Madha-Kandhar-Baramati'!X797 -> 2417.3 | H43: =SUM(C43:F43) -> 5053.5
B44: M | C44: ='Nira-Bhima '!I796 -> 274.6 | D44: ='Bhodani Jalgaon ALephata'!I808 -> 1694.4 | E44: ='Gagargaon '!J798 -> 344.8 | F44: ='Indapur-Madha-Kandhar-Baramati'!X798 -> 2462.4 | H44: =SUM(C44:F44) -> 4776.2 | L44: 15 | O44: =H44+H45-L44 -> 9756.5 | P44: 397 | Q44: =O44/P44 -> 24.575567
A45: 46044 | B45: E | C45: ='Nira-Bhima '!I797 -> 310.7 | D45: ='Bhodani Jalgaon ALephata'!I809 -> 1782.9 | E45: ='Gagargaon '!J799 -> 432.9 | F45: ='Indapur-Madha-Kandhar-Baramati'!X799 -> 2468.8 | H45: =SUM(C45:F45) -> 4995.3
B46: M | C46: ='Nira-Bhima '!I798 -> 262.7 | D46: ='Bhodani Jalgaon ALephata'!I810 -> 1622.6 | E46: ='Gagargaon '!J800 -> 459 | F46: ='Indapur-Madha-Kandhar-Baramati'!X800 -> 2591.4 | H46: =SUM(C46:F46) -> 4935.7 | L46: 15 | O46: =H46+H47-L46 -> 9864.6 | P46: 402.63 | Q46: =O46/P46 -> 24.50041
A47: 46045 | B47: E | C47: ='Nira-Bhima '!I799 -> 317.2 | D47: ='Bhodani Jalgaon ALephata'!I811 -> 1692.3 | E47: ='Gagargaon '!J801 -> 572.1 | F47: ='Indapur-Madha-Kandhar-Baramati'!X801 -> 2362.3 | H47: =SUM(C47:F47) -> 4943.9
B48: M | C48: ='Nira-Bhima '!I800 -> 277.5 | D48: ='Bhodani Jalgaon ALephata'!I812 -> 1716.3 | E48: ='Gagargaon '!J802 -> 433.7 | F48: ='Indapur-Madha-Kandhar-Baramati'!X802 -> 2566.4 | H48: =SUM(C48:F48) -> 4993.9 | L48: 15 | O48: =H48+H49-L48 -> 9646.6 | P48: 392.13 | Q48: =O48/P48 -> 24.600515
A49: 46046 | B49: E | C49: ='Nira-Bhima '!I801 -> 316 | D49: ='Bhodani Jalgaon ALephata'!I813 -> 1673.6 | E49: ='Gagargaon '!J803 -> 515.3 | F49: ='Indapur-Madha-Kandhar-Baramati'!X803 -> 2162.8 | H49: =SUM(C49:F49) -> 4667.7
B50: M | C50: ='Nira-Bhima '!I802 -> 262.7 | D50: ='Bhodani Jalgaon ALephata'!I814 -> 1657.1 | E50: ='Gagargaon '!J804 -> 452.6 | F50: ='Indapur-Madha-Kandhar-Baramati'!X804 -> 2744.8 | H50: =SUM(C50:F50) -> 5117.2 | L50: 15 | O50: =H50+H51-L50 -> 10050.1 | P50: 408.54 | Q50: =O50/P50 -> 24.600039
A51: 46047 | B51: E | C51: ='Nira-Bhima '!I803 -> 320.6 | D51: ='Bhodani Jalgaon ALephata'!I815 -> 1660.5 | E51: ='Gagargaon '!J805 -> 567.5 | F51: ='Indapur-Madha-Kandhar-Baramati'!X805 -> 2399.3 | H51: =SUM(C51:F51) -> 4947.9
B52: M | C52: ='Nira-Bhima '!I804 -> 287.2 | D52: ='Bhodani Jalgaon ALephata'!I816 -> 1714.2 | E52: ='Gagargaon '!J806 -> 444.7 | F52: ='Indapur-Madha-Kandhar-Baramati'!X806 -> 2776.2 | H52: =SUM(C52:F52) -> 5222.3 | L52: 15 | O52: =H52+H53-L52 -> 10291.1 | P52: 414.96 | Q52: =O52/P52 -> 24.800222
A53: 46048 | B53: E | C53: ='Nira-Bhima '!I805 -> 299.9 | D53: ='Bhodani Jalgaon ALephata'!I817 -> 1697 | E53: ='Gagargaon '!J807 -> 532.9 | F53: ='Indapur-Madha-Kandhar-Baramati'!X807 -> 2554 | H53: =SUM(C53:F53) -> 5083.8
B54: M | C54: ='Nira-Bhima '!I806 -> 284.8 | D54: ='Bhodani Jalgaon ALephata'!I818 -> 1664.4 | E54: ='Gagargaon '!J808 -> 418.6 | F54: ='Indapur-Madha-Kandhar-Baramati'!X808 -> 2769.6 | H54: =SUM(C54:F54) -> 5137.4 | L54: =15+125 -> 140 | O54: =H54+H55-L54 -> 10017.3 | P54: 405.55 | Q54: =O54/P54 -> 24.70053
A55: 46049 | B55: E | C55: ='Nira-Bhima '!I807 -> 317.2 | D55: ='Bhodani Jalgaon ALephata'!I819 -> 1750 | E55: ='Gagargaon '!J809 -> 444.2 | F55: ='Indapur-Madha-Kandhar-Baramati'!X809 -> 2508.5 | H55: =SUM(C55:F55) -> 5019.9
B56: M | C56: ='Nira-Bhima '!I808 -> 281.8 | D56: ='Bhodani Jalgaon ALephata'!I820 -> 1707.8 | E56: ='Gagargaon '!J810 -> 463.1 | F56: ='Indapur-Madha-Kandhar-Baramati'!X810 -> 2868.1 | H56: =SUM(C56:F56) -> 5320.8 | L56: 15 | O56: =H56+H57-L56 -> 10451.7 | P56: 423 | Q56: =O56/P56 -> 24.708511
A57: 46050 | B57: E | C57: ='Nira-Bhima '!I809 -> 301.2 | D57: ='Bhodani Jalgaon ALephata'!I821 -> 1751.6 | E57: ='Gagargaon '!J811 -> 512.1 | F57: ='Indapur-Madha-Kandhar-Baramati'!X811 -> 2581 | H57: =SUM(C57:F57) -> 5145.9
B58: M | C58: ='Nira-Bhima '!I810 -> 264.9 | D58: ='Bhodani Jalgaon ALephata'!I822 -> 1655.4 | E58: ='Gagargaon '!J812 -> 447.4 | F58: ='Indapur-Madha-Kandhar-Baramati'!X812 -> 2862.5 | H58: =SUM(C58:F58) -> 5230.2 | L58: 15 | O58: =H58+H59-L58 -> 10547.7 | P58: 422.61 | Q58: =O58/P58 -> 24.958472
A59: 46051 | B59: E | C59: ='Nira-Bhima '!I811 -> 303.7 | D59: ='Bhodani Jalgaon ALephata'!I823 -> 1745 | E59: ='Gagargaon '!J813 -> 537.2 | F59: ='Indapur-Madha-Kandhar-Baramati'!X813 -> 2746.6 | H59: =SUM(C59:F59) -> 5332.5
B60: M | C60: ='Nira-Bhima '!I812 -> 268.1 | D60: ='Bhodani Jalgaon ALephata'!I824 -> 1703 | E60: ='Gagargaon '!J814 -> 424.4 | F60: ='Indapur-Madha-Kandhar-Baramati'!X814 -> 2626.4 | H60: =SUM(C60:F60) -> 5021.9 | L60: 15 | O60: =H60+H61-L60 -> 9803.6 | P60: 398.5 | Q60: =O60/P60 -> 24.601255
A61: 46052 | B61: E | C61: ='Nira-Bhima '!I813 -> 302.4 | D61: ='Bhodani Jalgaon ALephata'!I825 -> 1737.9 | E61: ='Gagargaon '!J815 -> 546.9 | F61: ='Indapur-Madha-Kandhar-Baramati'!X815 -> 2209.5 | H61: =SUM(C61:F61) -> 4796.7
B62: M | C62: ='Nira-Bhima '!I814 -> 310.9 | D62: ='Bhodani Jalgaon ALephata'!I826 -> 1735.7 | E62: ='Gagargaon '!J816 -> 424.3 | F62: ='Indapur-Madha-Kandhar-Baramati'!X816 -> 2556.4 | H62: =SUM(C62:F62) -> 5027.3 | L62: =15+86.6 -> 101.6 | O62: =H62+H63-L62 -> 10407.6 | P62: 421.36 | Q62: =O62/P62 -> 24.700019
A63: 46053 | B63: E | C63: ='Nira-Bhima '!I815 -> 264.4 | D63: ='Bhodani Jalgaon ALephata'!I827 -> 1638.3 | E63: ='Gagargaon '!J817 -> 579.9 | F63: ='Indapur-Madha-Kandhar-Baramati'!X817 -> 2999.3 | H63: =SUM(C63:F63) -> 5481.9
B64: M | C64: ='Nira-Bhima '!I816 -> 280.7 | D64: ='Bhodani Jalgaon ALephata'!I828 -> 1610.3 | E64: ='Gagargaon '!J818 -> 474.2 | F64: ='Indapur-Madha-Kandhar-Baramati'!X818 -> 3620.4 | H64: =SUM(C64:F64) -> 5985.6 | L64: 15 | O64: =H64+H65-L64 -> 10977.8 | P64: 439.11 | Q64: =O64/P64 -> 25.000114
A65: 46054 | B65: M | C65: ='Nira-Bhima '!I664 -> 307.8 | D65: ='Bhodani Jalgaon ALephata'!I676 -> 1740.6 | E65: ='Gagargaon '!J666 -> 552.4 | F65: ='Indapur-Madha-Kandhar-Baramati'!X666 -> 2406.4 | H65: =SUM(C65:F65) -> 5007.2
B66: M | C66: ='Nira-Bhima '!I665 -> 293 | D66: ='Bhodani Jalgaon ALephata'!I677 -> 1720 | E66: ='Gagargaon '!J667 -> 447.3 | F66: ='Indapur-Madha-Kandhar-Baramati'!X667 -> 2748.8 | H66: =SUM(C66:F66) -> 5209.1 | L66: 15 | O66: =H66+H67-L66 -> 10253.1 | P66: 411.7 | Q66: =O66/P66 -> 24.904299
A67: 46055 | B67: E | C67: ='Nira-Bhima '!I666 -> 308.4 | D67: ='Bhodani Jalgaon ALephata'!I678 -> 1737.6 | E67: ='Gagargaon '!J668 -> 447 | F67: ='Indapur-Madha-Kandhar-Baramati'!X668 -> 2566 | H67: =SUM(C67:F67) -> 5059
B68: M | C68: ='Nira-Bhima '!I667 -> 289.1 | D68: ='Bhodani Jalgaon ALephata'!I679 -> 1727.2 | E68: ='Gagargaon '!J669 -> 442.7 | F68: ='Indapur-Madha-Kandhar-Baramati'!X669 -> 2590.8 | H68: =SUM(C68:F68) -> 5049.8 | L68: =15+125 -> 140 | O68: =H68+H69-L68 -> 10044.5 | P68: 405.74 | Q68: =O68/P68 -> 24.756001
A69: 46056 | B69: E | C69: ='Nira-Bhima '!I668 -> 318.9 | D69: ='Bhodani Jalgaon ALephata'!I680 -> 1744.5 | E69: ='Gagargaon '!J670 -> 498.1 | F69: ='Indapur-Madha-Kandhar-Baramati'!X670 -> 2573.2 | H69: =SUM(C69:F69) -> 5134.7
B70: M | C70: ='Nira-Bhima '!I669 -> 274.9 | D70: ='Bhodani Jalgaon ALephata'!I681 -> 1663.9 | E70: ='Gagargaon '!J671 -> 435.6 | F70: ='Indapur-Madha-Kandhar-Baramati'!X671 -> 2661.6 | H70: =SUM(C70:F70) -> 5036 | L70: 15 | O70: =H70+H71-L70 -> 10003.9 | P70: 380.95 | Q70: =O70/P70 -> 26.260402
A71: 46057 | B71: E | C71: ='Nira-Bhima '!I670 -> 324.8 | D71: ='Bhodani Jalgaon ALephata'!I682 -> 1758 | E71: ='Gagargaon '!J672 -> 586 | F71: ='Indapur-Madha-Kandhar-Baramati'!X672 -> 2314.1 | H71: =SUM(C71:F71) -> 4982.9
B72: M | C72: ='Nira-Bhima '!I671 -> 294.5 | D72: ='Bhodani Jalgaon ALephata'!I683 -> 1670 | E72: ='Gagargaon '!J673 -> 448.7 | F72: ='Indapur-Madha-Kandhar-Baramati'!X673 -> 2597.3 | H72: =SUM(C72:F72) -> 5010.5 | L72: 15 | O72: =H72+H73-L72 -> 9625.4 | P72: 385.94 | Q72: =O72/P72 -> 24.940146
A73: 46058 | B73: E | C73: ='Nira-Bhima '!I672 -> 302.3 | D73: ='Bhodani Jalgaon ALephata'!I684 -> 1704.7 | E73: ='Gagargaon '!J674 -> 539.8 | F73: ='Indapur-Madha-Kandhar-Baramati'!X674 -> 2083.1 | H73: =SUM(C73:F73) -> 4629.9
B74: M | C74: ='Nira-Bhima '!I673 -> 284.6 | D74: ='Bhodani Jalgaon ALephata'!I685 -> 1575.6 | E74: ='Gagargaon '!J675 -> 442.4 | F74: ='Indapur-Madha-Kandhar-Baramati'!X675 -> 2731.2 | H74: =SUM(C74:F74) -> 5033.8 | L74: 15 | O74: =H74+H75-L74 -> 10229 | P74: 409.16 | Q74: =O74/P74 -> 25
A75: 46059 | B75: E | C75: ='Nira-Bhima '!I674 -> 296.1 | D75: ='Bhodani Jalgaon ALephata'!I686 -> 1761.3 | E75: ='Gagargaon '!J676 -> 514.2 | F75: ='Indapur-Madha-Kandhar-Baramati'!X676 -> 2638.6 | H75: =SUM(C75:F75) -> 5210.2
B76: M | C76: ='Nira-Bhima '!I675 -> 295.6 | D76: ='Bhodani Jalgaon ALephata'!I687 -> 1641.2 | E76: ='Gagargaon '!J677 -> 472.2 | F76: ='Indapur-Madha-Kandhar-Baramati'!X677 -> 2698.4 | H76: =SUM(C76:F76) -> 5107.4 | L76: 15 | O76: =H76+H77-L76 -> 8487.7 | P76: 339.5 | Q76: =O76/P76 -> 25.000589
A77: 46060 | B77: E | C77: ='Nira-Bhima '!I676 -> 300.3 | D77: ='Bhodani Jalgaon ALephata'!I688 -> 90.5 | E77: ='Gagargaon '!J678 -> 550.2 | F77: ='Indapur-Madha-Kandhar-Baramati'!X678 -> 2454.3 | H77: =SUM(C77:F77) -> 3395.3
B78: M | C78: ='Nira-Bhima '!I677 -> 288.8 | D78: ='Bhodani Jalgaon ALephata'!I689 -> 3215.7 | E78: ='Gagargaon '!J679 -> 459.2 | F78: ='Indapur-Madha-Kandhar-Baramati'!X679 -> 2948.4 | H78: =SUM(C78:F78) -> 6912.1 | L78: 15 | O78: =H78+H79-L78 -> 10357.3 | P78: 415.95 | Q78: =O78/P78 -> 24.900349
A79: 46061 | B79: E | C79: ='Nira-Bhima '!I678 -> 293.3 | D79: ='Bhodani Jalgaon ALephata'!I690 -> 85.7 | E79: ='Gagargaon '!J680 -> 540.2 | F79: ='Indapur-Madha-Kandhar-Baramati'!X680 -> 2541 | H79: =SUM(C79:F79) -> 3460.2
B80: M | C80: ='Nira-Bhima '!I679 -> 280.3 | D80: ='Bhodani Jalgaon ALephata'!I691 -> 3301.5 | E80: ='Gagargaon '!J681 -> 443 | F80: ='Indapur-Madha-Kandhar-Baramati'!X681 -> 2842.7 | H80: =SUM(C80:F80) -> 6867.5 | L80: 15 | O80: =H80+H81-L80 -> 10456.5 | P80: 418.26 | Q80: =O80/P80 -> 25
A81: 46062 | B81: E | C81: ='Nira-Bhima '!I680 -> 301.9 | D81: ='Bhodani Jalgaon ALephata'!I692 -> 84.8 | E81: ='Gagargaon '!J682 -> 505.3 | F81: ='Indapur-Madha-Kandhar-Baramati'!X682 -> 2712 | H81: =SUM(C81:F81) -> 3604
B82: M | C82: ='Nira-Bhima '!I681 -> 248.1 | D82: ='Bhodani Jalgaon ALephata'!I693 -> 3304.6 | E82: ='Gagargaon '!J683 -> 420.2 | F82: ='Indapur-Madha-Kandhar-Baramati'!X683 -> 2952.6 | H82: =SUM(C82:F82) -> 6925.5 | L82: =15+150 -> 165 | O82: =H82+H83-L82 -> 10210.9 | P82: 405.19 | Q82: =O82/P82 -> 25.200276
A83: 46063 | B83: E | C83: ='Nira-Bhima '!I682 -> 297.9 | D83: ='Bhodani Jalgaon ALephata'!I694 -> 89.8 | E83: ='Gagargaon '!J684 -> 563.6 | F83: ='Indapur-Madha-Kandhar-Baramati'!X684 -> 2499.1 | H83: =SUM(C83:F83) -> 3450.4
B84: M | C84: ='Nira-Bhima '!I683 -> 273.8 | D84: ='Bhodani Jalgaon ALephata'!I695 -> 3262.1 | E84: ='Gagargaon '!J685 -> 438.2 | F84: ='Indapur-Madha-Kandhar-Baramati'!X685 -> 2897 | H84: =SUM(C84:F84) -> 6871.1 | L84: 15 | O84: =H84+H85-L84 -> 10249.3 | P84: 403.51 | Q84: =O84/P84 -> 25.400362
A85: 46064 | B85: M | C85: ='Nira-Bhima '!I691 -> 281.8 | D85: ='Bhodani Jalgaon ALephata'!I703 -> 92.2 | E85: ='Gagargaon '!J693 -> 488.7 | F85: ='Indapur-Madha-Kandhar-Baramati'!X693 -> 2530.5 | H85: =SUM(C85:F85) -> 3393.2
B86: M | C86: ='Nira-Bhima '!I692 -> 274.7 | D86: ='Bhodani Jalgaon ALephata'!I704 -> 3491.2 | E86: ='Gagargaon '!J694 -> 460.1 | F86: ='Indapur-Madha-Kandhar-Baramati'!X694 -> 2625.6 | H86: =SUM(C86:F86) -> 6851.6 | L86: 15 | O86: =H86+H87-L86 -> 10153.7 | P86: 401.33 | Q86: =O86/P86 -> 25.300127
A87: 46065 | B87: E | C87: ='Nira-Bhima '!I693 -> 300.1 | D87: ='Bhodani Jalgaon ALephata'!I705 -> 94.4 | E87: ='Gagargaon '!J695 -> 561.8 | F87: ='Indapur-Madha-Kandhar-Baramati'!X695 -> 2360.8 | H87: =SUM(C87:F87) -> 3317.1
B88: M | C88: ='Nira-Bhima '!I694 -> 274.2 | D88: ='Bhodani Jalgaon ALephata'!I706 -> 3677.3 | E88: ='Gagargaon '!J696 -> 414 | F88: ='Indapur-Madha-Kandhar-Baramati'!X696 -> 2813.2 | H88: =SUM(C88:F88) -> 7178.7 | L88: 15 | O88: =H88+H89-L88 -> 10436.6 | P88: 412.51 | Q88: =O88/P88 -> 25.300235
A89: 46066 | B89: E | C89: ='Nira-Bhima '!I695 -> 298.1 | D89: ='Bhodani Jalgaon ALephata'!I707 -> 87.4 | E89: ='Gagargaon '!J697 -> 465.1 | F89: ='Indapur-Madha-Kandhar-Baramati'!X697 -> 2422.3 | H89: =SUM(C89:F89) -> 3272.9
B90: M | C90: ='Nira-Bhima '!I696 -> 266.7 | D90: ='Bhodani Jalgaon ALephata'!I708 -> 3427.5 | E90: ='Gagargaon '!J698 -> 443 | F90: ='Indapur-Madha-Kandhar-Baramati'!X698 -> 2735.8 | H90: =SUM(C90:F90) -> 6873 | L90: 15 | O90: =H90+H91-L90 -> 10003.5 | P90: 396.96 | Q90: =O90/P90 -> 25.200272
A91: 46067 | B91: E | C91: ='Nira-Bhima '!I697 -> 303.5 | D91: ='Bhodani Jalgaon ALephata'!I709 -> 95.1 | E91: ='Gagargaon '!J699 -> 520.4 | F91: ='Indapur-Madha-Kandhar-Baramati'!X699 -> 2226.5 | H91: =SUM(C91:F91) -> 3145.5
B92: M | C92: ='Nira-Bhima '!I698 -> 276.9 | D92: ='Bhodani Jalgaon ALephata'!I710 -> 3532 | E92: ='Gagargaon '!J700 -> 382.9 | F92: ='Indapur-Madha-Kandhar-Baramati'!X700 -> 2599.2 | H92: =SUM(C92:F92) -> 6791 | L92: 15 | O92: =H92+H93-L92 -> 10011.9 | P92: 395.72 | Q92: =O92/P92 -> 25.300465
A93: 46068 | B93: E | C93: ='Nira-Bhima '!I699 -> 300.4 | D93: ='Bhodani Jalgaon ALephata'!I711 -> 92.3 | E93: ='Gagargaon '!J701 -> 495.4 | F93: ='Indapur-Madha-Kandhar-Baramati'!X701 -> 2347.8 | H93: =SUM(C93:F93) -> 3235.9
B94: M | C94: ='Nira-Bhima '!I700 -> 285.7 | D94: ='Bhodani Jalgaon ALephata'!I712 -> 3581.8 | E94: ='Gagargaon '!J702 -> 388.9 | F94: ='Indapur-Madha-Kandhar-Baramati'!X702 -> 2600 | H94: =SUM(C94:F94) -> 6856.4 | L94: 15 | O94: =H94+H95-L94 -> 9167.5 | P94: 366.7 | Q94: =O94/P94 -> 25
A95: 46069 | B95: E | C95: ='Nira-Bhima '!I701 -> 283.9 | D95: ='Bhodani Jalgaon ALephata'!I713 -> 96.9 | E95: ='Gagargaon '!J703 -> 491.7 | F95: ='Indapur-Madha-Kandhar-Baramati'!X703 -> 1453.6 | H95: =SUM(C95:F95) -> 2326.1
B96: M | C96: ='Nira-Bhima '!I702 -> 285.2 | D96: ='Bhodani Jalgaon ALephata'!I714 -> 3441 | E96: ='Gagargaon '!J704 -> 246.7 | F96: ='Indapur-Madha-Kandhar-Baramati'!X704 -> 2681.4 | H96: =SUM(C96:F96) -> 6654.3 | L96: =15+113 -> 128 | O96: =H96+H97-L96 -> 9998 | P96: 398.32 | Q96: =O96/P96 -> 25.100422
A97: 46070 | B97: E | C97: ='Nira-Bhima '!I703 -> 313.6 | D97: ='Bhodani Jalgaon ALephata'!I715 -> 83.3 | E97: ='Gagargaon '!J705 -> 482.7 | F97: ='Indapur-Madha-Kandhar-Baramati'!X705 -> 2592.1 | H97: =SUM(C97:F97) -> 3471.7
B98: M | C98: ='Nira-Bhima '!I704 -> 305 | D98: ='Bhodani Jalgaon ALephata'!I716 -> 4049.9 | E98: ='Gagargaon '!J706 -> 416.6 | F98: ='Indapur-Madha-Kandhar-Baramati'!X706 -> 2947.2 | H98: =SUM(C98:F98) -> 7718.7 | L98: 15 | O98: =H98+H99-L98 -> 11068.1 | P98: 427.33 | Q98: =O98/P98 -> 25.900592
A99: 46071 | B99: E | C99: ='Nira-Bhima '!I705 -> 313.2 | D99: ='Bhodani Jalgaon ALephata'!I717 -> 88.1 | E99: ='Gagargaon '!J707 -> 485.1 | F99: ='Indapur-Madha-Kandhar-Baramati'!X707 -> 2478 | H99: =SUM(C99:F99) -> 3364.4
B100: M | C100: ='Nira-Bhima '!I706 -> 286.4 | D100: ='Bhodani Jalgaon ALephata'!I718 -> 4143.2 | E100: ='Gagargaon '!J708 -> 431.1 | F100: ='Indapur-Madha-Kandhar-Baramati'!X708 -> 2610.9 | H100: =SUM(C100:F100) -> 7471.6 | L100: 15 | O100: =H100+H101-L100 -> 11126.1 | P100: 432.9 | Q100: =O100/P100 -> 25.701317
A101: 46072 | B101: E | C101: ='Nira-Bhima '!I707 -> 338.2 | D101: ='Bhodani Jalgaon ALephata'!I719 -> 83.3 | E101: ='Gagargaon '!J709 -> 534.9 | F101: ='Indapur-Madha-Kandhar-Baramati'!X709 -> 2713.1 | H101: =SUM(C101:F101) -> 3669.5
...

Sheet Last3avg
A2: {=_xlfn.LET( _xlpm.src, 'Ghee Avarage'!A3:Q10000, _xlpm.colA, _xlfn.CHOOSECOLS(_xlpm.src, 1), _xlpm.colB, _xlfn.CHOOSECOLS(_xlpm.src, 2), _xlpm.colC, _xlfn.CHOOSECOLS(_xlpm.src, 3), _xlpm.colD, _xlfn.CHOOSECOLS(_xlpm.src, 4), _xlpm.colE, _xlfn.CHOOSECOLS(_xlpm.src, 5), _xlpm.colF, _xlfn.CHOOSECOLS(_xlpm.src, 6), _xlpm.colG, _xlfn.CHOOSECOLS(_xlpm.src, 7), _xlpm.colH, _xlfn.CHOOSECOLS(_xlpm.src, 8), _xlpm.colL, _xlfn.CHOOSECOLS(_xlpm.src, 12), _xlpm.colO, _xlfn.CHOOSECOLS(_xlpm.src, 15), _xlpm.colP, _xlfn.CHOOSECOLS(_xlpm.src, 16), _xlpm.colQ, _xlfn.CHOOSECOLS(_xlpm.src, 17), _xlpm.last_p, _xlfn.XMATCH(TRUE, IFERROR(_xlpm.colP > 0, FALSE), 0, -1), _xlpm.last, MIN(_xlpm.last_p + 1, ROWS(_xlpm.src)), _xlpm.r_A, _xlfn.TAKE(_xlpm.colA, _xlpm.last), _xlpm.r_B, _xlfn.TAKE(_xlpm.colB, _xlpm.last), _xlpm.r_C, _xlfn.TAKE(_xlpm.colC, _xlpm.last), _xlpm.r_D, _xlfn.TAKE(_xlpm.colD, _xlpm.last), _xlpm.r_E, _xlfn.TAKE(_xlpm.colE, _xlpm.last), _xlpm.r_F, _xlfn.TAKE(_xlpm.colF, _xlpm.last), _xlpm.r_G, _xlfn.TAKE(_xlpm.colG, _xlpm.last), _xlpm.r_H, _xlfn.TAKE(_xlpm.colH, _xlpm.last), _xlpm.r_L, _xlfn.TAKE(_xlpm.colL, _xlpm.last), _xlpm.r_O, _xlfn.TAKE(_xlpm.colO, _xlpm.last), _xlpm.r_P, _xlfn.TAKE(_xlpm.colP, _xlpm.last), _xlpm.r_Q, _xlfn.TAKE(_xlpm.colQ, _xlpm.last), _xlpm.d, _xlfn.SCAN(0, _xlpm.r_A, _xlfn.LAMBDA(_xlpm.a,_xlpm.b, IF(OR(_xlpm.b = 0, _xlpm.b = ""), _xlpm.a, _xlpm.b))), _xlpm.o, _xlfn.SCAN(0, _xlpm.r_O, _xlfn.LAMBDA(_xlpm.a,_xlpm.b, IF(OR(_xlpm.b = 0, _xlpm.b = ""), _xlpm.a, _xlpm.b))), _xlpm.pos, _xlfn._xlws.FILTER(_xlfn.SEQUENCE(_xlpm.last_p), IFERROR(_xlfn.TAKE(_xlpm.colO, _xlpm.last_p) <> 0, FALSE)), _xlpm.start, MIN(_xlfn.TAKE(_xlpm.pos, -3)), _xlfn.DROP( _xlfn.HSTACK( _xlpm.d, _xlpm.r_B, _xlpm.r_C, _xlpm.r_D, _xlpm.r_E, _xlpm.r_F, _xlpm.r_G, _xlpm.r_H, IF(_xlpm.r_B = "M", 0, _xlpm.r_L), IF(_xlpm.r_B = "M", 0, _xlpm.o), IF(_xlpm.r_B = "M", 0, _xlpm.r_P), IF(_xlpm.r_B = "M", 0, _xlpm.r_Q) ), _xlpm.start - 1 ) )} -> 46302 | B2: E | C2: 181.4 | D2: 9415.3 | E2: 334.9 | F2: 325.2 | G2: 109.4 | H2: 10366.2 | I2: 20 | J2: 11368.5 | K2: 487.58 | L2: 23.316174
A3: 46303 | B3: M | C3: 189.6 | D3: 9.3 | E3: 364.6 | F3: 356 | G3: 102.8 | H3: 1022.3 | I3: 0 | J3: 0 | K3: 0 | L3: 0
A4: 46303 | B4: E | C4: 179.2 | D4: 8030.6 | E4: 321.4 | F4: 323.8 | G4: 108.6 | H4: 8963.6 | I4: 20 | J4: 9973.8 | K4: 405.41 | L4: 24.601761
A5: 46304 | B5: M | C5: 180.4 | D5: 18 | E5: 370.8 | F5: 359.7 | G5: 101.3 | H5: 1030.2 | I5: 0 | J5: 0 | K5: 0 | L5: 0
A6: 46304 | B6: E | C6: 170.7 | D6: 9929 | E6: 319.1 | F6: 287.2 | G6: 112.2 | H6: 10818.2 | I6: 20 | J6: 11772.1 | K6: 510.82 | L6: 23.045495
A7: 46305 | B7: M | C7: 142.9 | D7: 19.2 | E7: 359.7 | F7: 347.9 | G7: 104.2 | H7: 973.9 | I7: 0 | J7: 0 | K7: 0 | L7: 0

Sheet ICE 
B1: TWO BROTHERS ORGANIC FARM
B2: Bhodani Vakilwasti Road, Bhodani, Taluka-Indapur, District-Pune, Maharashtra-413103
B3: ICE PURCHASE
B4: Overall
A5: Sr No | B5: Date | C5: Received ICE Qty | D5: Rate | E5: Amount | F5: Debited ICE Block (Quatity)
A6: 1 | B6: 46296 | C6: 30 | D6: 225 | E6: =+C6*D6 -> 6750
A7: 2 | B7: 46297 | C7: 30 | D7: 225 | E7: =+C7*D7 -> 6750
A8: 3 | B8: 46298 | C8: 15 | D8: 225 | E8: =+C8*D8 -> 3375
A9: 4 | B9: 46299 | C9: 33 | D9: 225 | E9: =+C9*D9 -> 7425 | G9: 18 Loose
A10: 5 | B10: 46300 | C10: 35 | D10: 225 | E10: =+C10*D10 -> 7875
A11: 6 | B11: 46301 | C11: 30 | D11: 225 | E11: =+C11*D11 -> 6750 | G11: 4 loose
A12: 7 | B12: 46302 | C12: 40 | D12: 225 | E12: =+C12*D12 -> 9000
A13: 8 | B13: 46303 | C13: 35 | D13: 225 | E13: =+C13*D13 -> 7875
A14: 9 | B14: 46304 | C14: 45 | D14: 225 | E14: =+C14*D14 -> 10125
A15: 10 | B15: 46305 | C15: 20 | D15: 225 | E15: =+C15*D15 -> 4500
A16: 11 | B16: 46306 | C16: 15 | D16: 225 | E16: =+C16*D16 -> 3375
A17: 12 | B17: 46307 | C17: 35 | D17: 225 | E17: =+C17*D17 -> 7875
A18: 13 | B18: 46308 | C18: 30 | D18: 225 | E18: =+C18*D18 -> 6750
A19: 14 | B19: 46309 | D19: 225 | E19: =+C19*D19 -> 0
A20: 15 | B20: 46310 | D20: 225 | E20: =+C20*D20 -> 0
A21: 16 | B21: 46311 | D21: 225 | E21: =+C21*D21 -> 0
A22: 17 | B22: 46312 | D22: 225 | E22: =+C22*D22 -> 0
A23: 18 | B23: 46313 | D23: 225 | E23: =+C23*D23 -> 0
A24: 19 | B24: 46314 | D24: 225 | E24: =+C24*D24 -> 0
A25: 20 | B25: 46315 | D25: 225 | E25: =+C25*D25 -> 0
A26: 21 | B26: 46316 | D26: 225 | E26: =+C26*D26 -> 0
A27: 22 | B27: 46317 | D27: 225 | E27: =+C27*D27 -> 0
A28: 23 | B28: 46318 | D28: 225 | E28: =+C28*D28 -> 0
A29: 24 | B29: 46319 | D29: 225 | E29: =+C29*D29 -> 0
A30: 25 | B30: 46320 | D30: 225 | E30: =+C30*D30 -> 0
... A35: 30 | B35: 46325 | D35: 225 | E35: =+C35*D35 -> 0
A36: 31 | B36: 46326
B37: Total | C37: =SUM(C6:C36) -> 393 | E37: =SUM(E6:E36) -> 88425
A38: 1 | B38: 46266 | C38: 35 | D38: 225 | E38: =+C38*D38 -> 7875
A39: 2 | B39: 46267 | C39: 30 | D39: 225 | E39: =+C39*D39 -> 6750
A40: 3 | B40: 46268 | C40: 40 | D40: 225 | E40: =+C40*D40 -> 9000
A41: 4 | B41: 46269 | C41: 35 | D41: 225 | E41: =+C41*D41 -> 7875
A42: 5 | B42: 46270 | C42: 40 | D42: 225 | E42: =+C42*D42 -> 9000
A43: 6 | B43: 46271 | C43: 35 | D43: 225 | E43: =+C43*D43 -> 7875
A44: 7 | B44: 46272 | C44: 40 | D44: 225 | E44: =+C44*D44 -> 9000
A45: 8 | B45: 46273 | C45: 40 | D45: 225 | E45: =+C45*D45 -> 9000
A46: 9 | B46: 46274 | C46: 40 | D46: 225 | E46: =+C46*D46 -> 9000
A47: 10 | B47: 46275 | C47: 30 | D47: 225 | E47: =+C47*D47 -> 6750
A48: 11 | B48: 46276 | C48: 40 | D48: 225 | E48: =+C48*D48 -> 9000
A49: 12 | B49: 46277 | C49: 35 | D49: 225 | E49: =+C49*D49 -> 7875
... A55: 18 | B55: 46283 | C55: 32 | D55: 225 | E55: =+C55*D55 -> 7200
A56: 19 | B56: 46284 | C56: 0 | D56: 225 | E56: =+C56*D56 -> 0 | G56: Milk quantity low
A57: 20 | B57: 46285 | C57: 40 | D57: 225 | E57: =+C57*D57 -> 9000
A58: 21 | B58: 46286 | C58: 38 | D58: 225 | E58: =+C58*D58 -> 8550
A59: 22 | B59: 46287 | C59: 35 | D59: 225 | E59: =+C59*D59 -> 7875
A60: 23 | B60: 46288 | C60: 35 | D60: 225 | E60: =+C60*D60 -> 7875
A61: 24 | B61: 46289 | C61: 40 | D61: 225 | E61: =+C61*D61 -> 9000
A62: 25 | B62: 46290 | C62: 40 | D62: 225 | E62: =+C62*D62 -> 9000
A63: 26 | B63: 46291 | C63: 0 | D63: 225 | E63: =+C63*D63 -> 0
A64: 27 | B64: 46292 | C64: 40 | D64: 225 | E64: =+C64*D64 -> 9000
A65: 28 | B65: 46293 | C65: 35 | D65: 225 | E65: =+C65*D65 -> 7875
A66: 29 | B66: 46294 | C66: 35 | D66: 225 | E66: =+C66*D66 -> 7875
A67: 30 | B67: 46295 | C67: 30 | D67: 225 | E67: =+C67*D67 -> 6750
B69: Total | C69: =SUM(C38:C67) -> 1009 | E69: =SUM(E38:E67) -> 227025
A71: 1 | B71: 46235 | C71: 45 | D71: 225 | E71: =+C71*D71 -> 10125
A72: 2 | B72: 46236 | C72: 50 | D72: 225 | E72: =+C72*D72 -> 11250
A73: 3 | B73: 46237 | C73: 30 | D73: 225 | E73: =+C73*D73 -> 6750
A74: 4 | B74: 46238 | C74: 10 | D74: 225 | E74: =+C74*D74 -> 2250
A75: 5 | B75: 46239 | C75: 54 | D75: 225 | E75: =+C75*D75 -> 12150
A76: 6 | B76: 46240 | C76: 50 | D76: 225 | E76: =+C76*D76 -> 11250
A77: 7 | B77: 46241 | C77: 25 | D77: 225 | E77: =+C77*D77 -> 5625
A78: 8 | B78: 46242 | C78: 50 | D78: 225 | E78: =+C78*D78 -> 11250
A79: 9 | B79: 46243 | C79: 40 | D79: 225 | E79: =+C79*D79 -> 9000
A80: 10 | B80: 46244 | C80: 15 | D80: 225 | E80: =+C80*D80 -> 3375
A81: 11 | B81: 46245 | C81: 15 | D81: 225 | E81: =+C81*D81 -> 3375
A82: 12 | B82: 46246 | C82: 54 | D82: 225 | E82: =+C82*D82 -> 12150
... A98: 28 | B98: 46262 | C98: 60 | D98: 225 | E98: =+C98*D98 -> 13500
A99: 29 | B99: 46263 | C99: 70 | D99: 225 | E99: =+C99*D99 -> 15750 | F99: 20
A100: 30 | B100: 46264 | C100: 60 | D100: 225 | E100: =+C100*D100 -> 13500
A101: 31 | B101: 46265 | C101: 50 | D101: 225 | E101: =+C101*D101 -> 11250
C102: =SUM(C71) -> 45
C103: =SUM(C71:C102) -> 1385
A104: 46229 | B104: 2026.07.01 | C104: 45 | D104: 225 | E104: =C104*D104 -> 10125
B105: 2026.07.02 | C105: 36 | D105: 225 | E105: =C105*D105 -> 8100
B106: 2026.07.03 | C106: 43 | D106: 225 | E106: =C106*D106 -> 9675
B107: 2026.07.04 | C107: 40 | D107: 225 | E107: =C107*D107 -> 9000
B108: 2026.07.05 | C108: 40 | D108: 225 | E108: =C108*D108 -> 9000
B109: 2026.07.06 | C109: 30 | D109: 225 | E109: =C109*D109 -> 6750
B110: 2026.07.07 | C110: 42 | D110: 225 | E110: =C110*D110 -> 9450
B111: 2026.07.08 | C111: 30 | D111: 225 | E111: =C111*D111 -> 6750
B112: 2026.07.09 | C112: 32 | D112: 225 | E112: =C112*D112 -> 7200
B113: 2026.07.10 | C113: 30 | D113: 225 | E113: =C113*D113 -> 6750
B114: 2026.07.11 | C114: 41 | D114: 225 | E114: =C114*D114 -> 9225
B115: 2026.07.12 | C115: 47 | D115: 225 | E115: =C115*D115 -> 10575
B116: 2026.07.13 | C116: 46 | D116: 225 | E116: =C116*D116 -> 10350
... B134: 2026.07.31 | C134: 22 | D134: 225 | E134: =C134*D134 -> 4950
C135: =SUM(C104:C134) -> 1188 | D135: 225 | E135: =SUM(E104:E134) -> 267300
A137: 46199 | B137: 26.06.01 | C137: 30 | D137: 225 | E137: =C137*D137 -> 6750
B138: 26.06.02 | C138: 30 | D138: 225 | E138: =C138*D138 -> 6750
B139: 26.06.03 | C139: 30 | D139: 225 | E139: =C139*D139 -> 6750
B140: 26.06.04 | C140: 36 | D140: 225 | E140: =C140*D140 -> 8100
B141: 26.06.05 | C141: 30 | D141: 225 | E141: =C141*D141 -> 6750
B142: 26.06.06 | C142: 30 | D142: 225 | E142: =C142*D142 -> 6750
B143: 26.06.07 | C143: 35 | D143: 225 | E143: =C143*D143 -> 7875
B144: 26.06.08 | C144: 40 | D144: 225 | E144: =C144*D144 -> 9000
...
