Workbook

Sheet Dashboard
A1: ATTA PRODUCTION COMMAND CENTER
A3: ="Live production overview • "&TEXT(MIN(_xlfn.CHOOSECOLS(_xlfn.ANCHORARRAY(Automation!$B$2),2)),"dd-mmm-yy")&" to "&TEXT(MAX(_xlfn.CHOOSECOLS(_xlfn.ANCHORARRAY(Automation!$B$2),2)),"dd-mmm-yy")&" • "&COUNTA(Automation!$A$2:$A$50)&" registered source sheets" -> Live production overview • 02-Jan-26 to 12-Oct-26 • 18 registered source sheets
A5: TOTAL INPUT RM | D5: TOTAL OUTPUT | G5: WEIGHTED YIELD | J5: TOTAL WASTAGE | M5: VISIBLE RECORDS
A6: =SUBTOTAL(109,F42:F5000) -> 2126566.3 | D6: =SUBTOTAL(109,L42:L5000) -> 1975211.3 | G6: =IFERROR(D6/A6,0) -> 0.92882658 | J6: =SUBTOTAL(109,K42:K5000) -> 151632.7 | M6: =SUBTOTAL(103,A42:A5000) -> 586
A8: SORTING WASTE | D8: TOTAL BRAN | G8: FLOOR WASTE | J8: PROCESS LOSS | M8: WASTE RATE
A9: =SUBTOTAL(109,G42:G5000) -> 12158.8 | D9: =SUBTOTAL(109,H42:H5000) -> 55939.42 | G9: =SUBTOTAL(109,I42:I5000) -> 6014.68 | J9: =SUBTOTAL(109,J42:J5000) -> 77883.8 | M9: =IFERROR(J6/A6,0) -> 0.071304008
A10: MONTHLY PRODUCTION — 2026
A11: Month | B11: Input (kg) | C11: Output (kg) | D11: Wastage (kg) | E11: Yield
A12: 46023 | B12: {=SUM(_xlfn._xlws.FILTER(_xlfn.CHOOSECOLS(_xlfn.ANCHORARRAY(Automation!$B$2),6),(_xlfn.CHOOSECOLS(_xlfn.ANCHORARRAY(Automation!$B$2),2)>=A12)*(_xlfn.CHOOSECOLS(_xlfn.ANCHORARRAY(Automation!$B$2),2)<EDATE(A12,1)),0))} -> 222831.94 | C12: {=SUM(_xlfn._xlws.FILTER(_xlfn.CHOOSECOLS(_xlfn.ANCHORARRAY(Automation!$B$2),12),(_xlfn.CHOOSECOLS(_xlfn.ANCHORARRAY(Automation!$B$2),2)>=A12)*(_xlfn.CHOOSECOLS(_xlfn.ANCHORARRAY(Automation!$B$2),2)<EDATE(A12,1)),0))} -> 206866 | D12: {=SUM(_xlfn._xlws.FILTER(_xlfn.CHOOSECOLS(_xlfn.ANCHORARRAY(Automation!$B$2),11),(_xlfn.CHOOSECOLS(_xlfn.ANCHORARRAY(Automation!$B$2),2)>=A12)*(_xlfn.CHOOSECOLS(_xlfn.ANCHORARRAY(Automation!$B$2),2)<EDATE(A12,1)),0))} -> 16009.94 | E12: =IFERROR(C12/B12,0) -> 0.92834986
A13: 46054 | B13: {=SUM(_xlfn._xlws.FILTER(_xlfn.CHOOSECOLS(_xlfn.ANCHORARRAY(Automation!$B$2),6),(_xlfn.CHOOSECOLS(_xlfn.ANCHORARRAY(Automation!$B$2),2)>=A13)*(_xlfn.CHOOSECOLS(_xlfn.ANCHORARRAY(Automation!$B$2),2)<EDATE(A13,1)),0))} -> 203017.28 | C13: {=SUM(_xlfn._xlws.FILTER(_xlfn.CHOOSECOLS(_xlfn.ANCHORARRAY(Automation!$B$2),12),(_xlfn.CHOOSECOLS(_xlfn.ANCHORARRAY(Automation!$B$2),2)>=A13)*(_xlfn.CHOOSECOLS(_xlfn.ANCHORARRAY(Automation!$B$2),2)<EDATE(A13,1)),0))} -> 188374.3 | D13: {=SUM(_xlfn._xlws.FILTER(_xlfn.CHOOSECOLS(_xlfn.ANCHORARRAY(Automation!$B$2),11),(_xlfn.CHOOSECOLS(_xlfn.ANCHORARRAY(Automation!$B$2),2)>=A13)*(_xlfn.CHOOSECOLS(_xlfn.ANCHORARRAY(Automation!$B$2),2)<EDATE(A13,1)),0))} -> 14642.98 | E13: =IFERROR(C13/B13,0) -> 0.92787323
A14: 46082 | B14: {=SUM(_xlfn._xlws.FILTER(_xlfn.CHOOSECOLS(_xlfn.ANCHORARRAY(Automation!$B$2),6),(_xlfn.CHOOSECOLS(_xlfn.ANCHORARRAY(Automation!$B$2),2)>=A14)*(_xlfn.CHOOSECOLS(_xlfn.ANCHORARRAY(Automation!$B$2),2)<EDATE(A14,1)),0))} -> 127840 | C14: {=SUM(_xlfn._xlws.FILTER(_xlfn.CHOOSECOLS(_xlfn.ANCHORARRAY(Automation!$B$2),12),(_xlfn.CHOOSECOLS(_xlfn.ANCHORARRAY(Automation!$B$2),2)>=A14)*(_xlfn.CHOOSECOLS(_xlfn.ANCHORARRAY(Automation!$B$2),2)<EDATE(A14,1)),0))} -> 120427.6 | D14: {=SUM(_xlfn._xlws.FILTER(_xlfn.CHOOSECOLS(_xlfn.ANCHORARRAY(Automation!$B$2),11),(_xlfn.CHOOSECOLS(_xlfn.ANCHORARRAY(Automation!$B$2),2)>=A14)*(_xlfn.CHOOSECOLS(_xlfn.ANCHORARRAY(Automation!$B$2),2)<EDATE(A14,1)),0))} -> 7677.1 | E14: =IFERROR(C14/B14,0) -> 0.94201815
A15: 46113 | B15: {=SUM(_xlfn._xlws.FILTER(_xlfn.CHOOSECOLS(_xlfn.ANCHORARRAY(Automation!$B$2),6),(_xlfn.CHOOSECOLS(_xlfn.ANCHORARRAY(Automation!$B$2),2)>=A15)*(_xlfn.CHOOSECOLS(_xlfn.ANCHORARRAY(Automation!$B$2),2)<EDATE(A15,1)),0))} -> 212986 | C15: {=SUM(_xlfn._xlws.FILTER(_xlfn.CHOOSECOLS(_xlfn.ANCHORARRAY(Automation!$B$2),12),(_xlfn.CHOOSECOLS(_xlfn.ANCHORARRAY(Automation!$B$2),2)>=A15)*(_xlfn.CHOOSECOLS(_xlfn.ANCHORARRAY(Automation!$B$2),2)<EDATE(A15,1)),0))} -> 197138 | D15: {=SUM(_xlfn._xlws.FILTER(_xlfn.CHOOSECOLS(_xlfn.ANCHORARRAY(Automation!$B$2),11),(_xlfn.CHOOSECOLS(_xlfn.ANCHORARRAY(Automation!$B$2),2)>=A15)*(_xlfn.CHOOSECOLS(_xlfn.ANCHORARRAY(Automation!$B$2),2)<EDATE(A15,1)),0))} -> 15949 | E15: =IFERROR(C15/B15,0) -> 0.92559135
A16: 46143 | B16: {=SUM(_xlfn._xlws.FILTER(_xlfn.CHOOSECOLS(_xlfn.ANCHORARRAY(Automation!$B$2),6),(_xlfn.CHOOSECOLS(_xlfn.ANCHORARRAY(Automation!$B$2),2)>=A16)*(_xlfn.CHOOSECOLS(_xlfn.ANCHORARRAY(Automation!$B$2),2)<EDATE(A16,1)),0))} -> 194211 | C16: {=SUM(_xlfn._xlws.FILTER(_xlfn.CHOOSECOLS(_xlfn.ANCHORARRAY(Automation!$B$2),12),(_xlfn.CHOOSECOLS(_xlfn.ANCHORARRAY(Automation!$B$2),2)>=A16)*(_xlfn.CHOOSECOLS(_xlfn.ANCHORARRAY(Automation!$B$2),2)<EDATE(A16,1)),0))} -> 180921.4 | D16: {=SUM(_xlfn._xlws.FILTER(_xlfn.CHOOSECOLS(_xlfn.ANCHORARRAY(Automation!$B$2),11),(_xlfn.CHOOSECOLS(_xlfn.ANCHORARRAY(Automation!$B$2),2)>=A16)*(_xlfn.CHOOSECOLS(_xlfn.ANCHORARRAY(Automation!$B$2),2)<EDATE(A16,1)),0))} -> 13287.6 | E16: =IFERROR(C16/B16,0) -> 0.93157133
A17: 46174 | B17: {=SUM(_xlfn._xlws.FILTER(_xlfn.CHOOSECOLS(_xlfn.ANCHORARRAY(Automation!$B$2),6),(_xlfn.CHOOSECOLS(_xlfn.ANCHORARRAY(Automation!$B$2),2)>=A17)*(_xlfn.CHOOSECOLS(_xlfn.ANCHORARRAY(Automation!$B$2),2)<EDATE(A17,1)),0))} -> 170858.78 | C17: {=SUM(_xlfn._xlws.FILTER(_xlfn.CHOOSECOLS(_xlfn.ANCHORARRAY(Automation!$B$2),12),(_xlfn.CHOOSECOLS(_xlfn.ANCHORARRAY(Automation!$B$2),2)>=A17)*(_xlfn.CHOOSECOLS(_xlfn.ANCHORARRAY(Automation!$B$2),2)<EDATE(A17,1)),0))} -> 158518 | D17: {=SUM(_xlfn._xlws.FILTER(_xlfn.CHOOSECOLS(_xlfn.ANCHORARRAY(Automation!$B$2),11),(_xlfn.CHOOSECOLS(_xlfn.ANCHORARRAY(Automation!$B$2),2)>=A17)*(_xlfn.CHOOSECOLS(_xlfn.ANCHORARRAY(Automation!$B$2),2)<EDATE(A17,1)),0))} -> 12340.78 | E17: =IFERROR(C17/B17,0) -> 0.92777205
A18: 46204 | B18: {=SUM(_xlfn._xlws.FILTER(_xlfn.CHOOSECOLS(_xlfn.ANCHORARRAY(Automation!$B$2),6),(_xlfn.CHOOSECOLS(_xlfn.ANCHORARRAY(Automation!$B$2),2)>=A18)*(_xlfn.CHOOSECOLS(_xlfn.ANCHORARRAY(Automation!$B$2),2)<EDATE(A18,1)),0))} -> 224350.5 | C18: {=SUM(_xlfn._xlws.FILTER(_xlfn.CHOOSECOLS(_xlfn.ANCHORARRAY(Automation!$B$2),12),(_xlfn.CHOOSECOLS(_xlfn.ANCHORARRAY(Automation!$B$2),2)>=A18)*(_xlfn.CHOOSECOLS(_xlfn.ANCHORARRAY(Automation!$B$2),2)<EDATE(A18,1)),0))} -> 206773 | D18: {=SUM(_xlfn._xlws.FILTER(_xlfn.CHOOSECOLS(_xlfn.ANCHORARRAY(Automation!$B$2),11),(_xlfn.CHOOSECOLS(_xlfn.ANCHORARRAY(Automation!$B$2),2)>=A18)*(_xlfn.CHOOSECOLS(_xlfn.ANCHORARRAY(Automation!$B$2),2)<EDATE(A18,1)),0))} -> 17577.5 | E18: =IFERROR(C18/B18,0) -> 0.92165161
A19: 46235 | B19: {=SUM(_xlfn._xlws.FILTER(_xlfn.CHOOSECOLS(_xlfn.ANCHORARRAY(Automation!$B$2),6),(_xlfn.CHOOSECOLS(_xlfn.ANCHORARRAY(Automation!$B$2),2)>=A19)*(_xlfn.CHOOSECOLS(_xlfn.ANCHORARRAY(Automation!$B$2),2)<EDATE(A19,1)),0))} -> 299859 | C19: {=SUM(_xlfn._xlws.FILTER(_xlfn.CHOOSECOLS(_xlfn.ANCHORARRAY(Automation!$B$2),12),(_xlfn.CHOOSECOLS(_xlfn.ANCHORARRAY(Automation!$B$2),2)>=A19)*(_xlfn.CHOOSECOLS(_xlfn.ANCHORARRAY(Automation!$B$2),2)<EDATE(A19,1)),0))} -> 277493 | D19: {=SUM(_xlfn._xlws.FILTER(_xlfn.CHOOSECOLS(_xlfn.ANCHORARRAY(Automation!$B$2),11),(_xlfn.CHOOSECOLS(_xlfn.ANCHORARRAY(Automation!$B$2),2)>=A19)*(_xlfn.CHOOSECOLS(_xlfn.ANCHORARRAY(Automation!$B$2),2)<EDATE(A19,1)),0))} -> 22366 | E19: =IFERROR(C19/B19,0) -> 0.92541161
A20: 46266 | B20: {=SUM(_xlfn._xlws.FILTER(_xlfn.CHOOSECOLS(_xlfn.ANCHORARRAY(Automation!$B$2),6),(_xlfn.CHOOSECOLS(_xlfn.ANCHORARRAY(Automation!$B$2),2)>=A20)*(_xlfn.CHOOSECOLS(_xlfn.ANCHORARRAY(Automation!$B$2),2)<EDATE(A20,1)),0))} -> 342414.3 | C20: {=SUM(_xlfn._xlws.FILTER(_xlfn.CHOOSECOLS(_xlfn.ANCHORARRAY(Automation!$B$2),12),(_xlfn.CHOOSECOLS(_xlfn.ANCHORARRAY(Automation!$B$2),2)>=A20)*(_xlfn.CHOOSECOLS(_xlfn.ANCHORARRAY(Automation!$B$2),2)<EDATE(A20,1)),0))} -> 319559 | D20: {=SUM(_xlfn._xlws.FILTER(_xlfn.CHOOSECOLS(_xlfn.ANCHORARRAY(Automation!$B$2),11),(_xlfn.CHOOSECOLS(_xlfn.ANCHORARRAY(Automation!$B$2),2)>=A20)*(_xlfn.CHOOSECOLS(_xlfn.ANCHORARRAY(Automation!$B$2),2)<EDATE(A20,1)),0))} -> 22725.3 | E20: =IFERROR(C20/B20,0) -> 0.9332525
A21: 46296 | B21: {=SUM(_xlfn._xlws.FILTER(_xlfn.CHOOSECOLS(_xlfn.ANCHORARRAY(Automation!$B$2),6),(_xlfn.CHOOSECOLS(_xlfn.ANCHORARRAY(Automation!$B$2),2)>=A21)*(_xlfn.CHOOSECOLS(_xlfn.ANCHORARRAY(Automation!$B$2),2)<EDATE(A21,1)),0))} -> 128197.5 | C21: {=SUM(_xlfn._xlws.FILTER(_xlfn.CHOOSECOLS(_xlfn.ANCHORARRAY(Automation!$B$2),12),(_xlfn.CHOOSECOLS(_xlfn.ANCHORARRAY(Automation!$B$2),2)>=A21)*(_xlfn.CHOOSECOLS(_xlfn.ANCHORARRAY(Automation!$B$2),2)<EDATE(A21,1)),0))} -> 119141 | D21: {=SUM(_xlfn._xlws.FILTER(_xlfn.CHOOSECOLS(_xlfn.ANCHORARRAY(Automation!$B$2),11),(_xlfn.CHOOSECOLS(_xlfn.ANCHORARRAY(Automation!$B$2),2)>=A21)*(_xlfn.CHOOSECOLS(_xlfn.ANCHORARRAY(Automation!$B$2),2)<EDATE(A21,1)),0))} -> 9056.5 | E21: =IFERROR(C21/B21,0) -> 0.9293551
A22: 46327 | B22: {=SUM(_xlfn._xlws.FILTER(_xlfn.CHOOSECOLS(_xlfn.ANCHORARRAY(Automation!$B$2),6),(_xlfn.CHOOSECOLS(_xlfn.ANCHORARRAY(Automation!$B$2),2)>=A22)*(_xlfn.CHOOSECOLS(_xlfn.ANCHORARRAY(Automation!$B$2),2)<EDATE(A22,1)),0))} -> 0 | C22: {=SUM(_xlfn._xlws.FILTER(_xlfn.CHOOSECOLS(_xlfn.ANCHORARRAY(Automation!$B$2),12),(_xlfn.CHOOSECOLS(_xlfn.ANCHORARRAY(Automation!$B$2),2)>=A22)*(_xlfn.CHOOSECOLS(_xlfn.ANCHORARRAY(Automation!$B$2),2)<EDATE(A22,1)),0))} -> 0 | D22: {=SUM(_xlfn._xlws.FILTER(_xlfn.CHOOSECOLS(_xlfn.ANCHORARRAY(Automation!$B$2),11),(_xlfn.CHOOSECOLS(_xlfn.ANCHORARRAY(Automation!$B$2),2)>=A22)*(_xlfn.CHOOSECOLS(_xlfn.ANCHORARRAY(Automation!$B$2),2)<EDATE(A22,1)),0))} -> 0 | E22: =IFERROR(C22/B22,0) -> 0
A23: 46357 | B23: {=SUM(_xlfn._xlws.FILTER(_xlfn.CHOOSECOLS(_xlfn.ANCHORARRAY(Automation!$B$2),6),(_xlfn.CHOOSECOLS(_xlfn.ANCHORARRAY(Automation!$B$2),2)>=A23)*(_xlfn.CHOOSECOLS(_xlfn.ANCHORARRAY(Automation!$B$2),2)<EDATE(A23,1)),0))} -> 0 | C23: {=SUM(_xlfn._xlws.FILTER(_xlfn.CHOOSECOLS(_xlfn.ANCHORARRAY(Automation!$B$2),12),(_xlfn.CHOOSECOLS(_xlfn.ANCHORARRAY(Automation!$B$2),2)>=A23)*(_xlfn.CHOOSECOLS(_xlfn.ANCHORARRAY(Automation!$B$2),2)<EDATE(A23,1)),0))} -> 0 | D23: {=SUM(_xlfn._xlws.FILTER(_xlfn.CHOOSECOLS(_xlfn.ANCHORARRAY(Automation!$B$2),11),(_xlfn.CHOOSECOLS(_xlfn.ANCHORARRAY(Automation!$B$2),2)>=A23)*(_xlfn.CHOOSECOLS(_xlfn.ANCHORARRAY(Automation!$B$2),2)<EDATE(A23,1)),0))} -> 0 | E23: =IFERROR(C23/B23,0) -> 0
A25: PLANT GROUP PERFORMANCE
A26: Group | B26: Input (kg) | C26: Output (kg) | D26: Wastage (kg) | E26: Yield
A27: C6 | B27: {=SUM(_xlfn._xlws.FILTER(_xlfn.CHOOSECOLS(_xlfn.ANCHORARRAY(Automation!$B$2),6),ISNUMBER(SEARCH($A27,_xlfn.CHOOSECOLS(_xlfn.ANCHORARRAY(Automation!$B$2),1))),0))} -> 726377.58 | C27: {=SUM(_xlfn._xlws.FILTER(_xlfn.CHOOSECOLS(_xlfn.ANCHORARRAY(Automation!$B$2),12),ISNUMBER(SEARCH($A27,_xlfn.CHOOSECOLS(_xlfn.ANCHORARRAY(Automation!$B$2),1))),0))} -> 674041.3 | D27: {=SUM(_xlfn._xlws.FILTER(_xlfn.CHOOSECOLS(_xlfn.ANCHORARRAY(Automation!$B$2),11),ISNUMBER(SEARCH($A27,_xlfn.CHOOSECOLS(_xlfn.ANCHORARRAY(Automation!$B$2),1))),0))} -> 52472.28 | E27: =IFERROR(C27/B27,0) -> 0.92794893
A28: C39 | B28: {=SUM(_xlfn._xlws.FILTER(_xlfn.CHOOSECOLS(_xlfn.ANCHORARRAY(Automation!$B$2),6),ISNUMBER(SEARCH($A28,_xlfn.CHOOSECOLS(_xlfn.ANCHORARRAY(Automation!$B$2),1))),0))} -> 1400188.7 | C28: {=SUM(_xlfn._xlws.FILTER(_xlfn.CHOOSECOLS(_xlfn.ANCHORARRAY(Automation!$B$2),12),ISNUMBER(SEARCH($A28,_xlfn.CHOOSECOLS(_xlfn.ANCHORARRAY(Automation!$B$2),1))),0))} -> 1301170 | D28: {=SUM(_xlfn._xlws.FILTER(_xlfn.CHOOSECOLS(_xlfn.ANCHORARRAY(Automation!$B$2),11),ISNUMBER(SEARCH($A28,_xlfn.CHOOSECOLS(_xlfn.ANCHORARRAY(Automation!$B$2),1))),0))} -> 99160.42 | E28: =IFERROR(C28/B28,0) -> 0.92928188
A30: TOP PRODUCTS BY OUTPUT
A31: Product | B31: Output (kg)
A32: {=_xlfn.LET(_xlpm.raw,UPPER(TRIM(_xlfn.CHOOSECOLS(_xlfn.ANCHORARRAY(Automation!$B$2),5))),_xlpm.p,IF(_xlpm.raw="MULTGRAIN","MULTIGRAIN",_xlpm.raw),_xlpm.o,_xlfn.CHOOSECOLS(_xlfn.ANCHORARRAY(Automation!$B$2),12),_xlpm.u,_xlfn.UNIQUE(_xlfn._xlws.FILTER(_xlpm.p,_xlpm.p<>"")),_xlpm.z,_xlfn.MAP(_xlpm.u,_xlfn.LAMBDA(_xlpm.x,SUM(_xlfn._xlws.FILTER(_xlpm.o,_xlpm.p=_xlpm.x,0)))),_xlfn.TAKE(_xlfn.SORTBY(_xlfn.HSTACK(_xlpm.u,_xlpm.z),_xlpm.z,-1),7))} -> MULTIGRAIN | B32: 1029675.3
A33: KHAPLI | B33: 433252
A34: KHAPLI PROTEIN GRAINS | B34: 152813.5
A35: HIGH PROTEIN ATTA | B35: 88375.5
A36: KHAPLI GRAINS | B36: 50607
A37: KHAPLI WHEAT GRAINS | B37: 32338
A38: JOWAR GRAINS | B38: 30867.5
A40: ALL PRODUCTION RECORDS — USE HEADER DROPDOWNS TO FILTER DATE, PLANT, PRODUCT, SHIFT & MORE
A41: Source Sheet | B41: Date | C41: Machine | D41: Plant | E41: Product | F41: IN in Kg | G41: Sorting | H41: Bran | I41: Floor Atta | J41: Process Loss | K41: Total Wastage | L41: OUT in Kg | M41: Manpower | N41: Shift | O41: Yield % | P41: Mass Balance | Q41: Variance
A42: {=_xlfn.ANCHORARRAY(Automation!B2)} -> C6 JAN-FEB | B42: 46024 | C42: Chakki1,2&3 | D42: C6 | E42: Jowar | F42: 1900 | G42: 0 | H42: 18 | I42: 2 | J42: 132 | K42: 152 | L42: 1748 | M42: 0 | N42: 0 | O42: 0.92 | P42: 1900 | Q42: 0
A43: C6 JAN-FEB | B43: 46024 | C43: Chakki1,2&3 | D43: C6 | E43: Jowar | F43: 2450 | G43: 0 | H43: 104 | I43: 3 | J43: 163 | K43: 270 | L43: 2180 | M43: 0 | N43: 0 | O43: 0.88979592 | P43: 2450 | Q43: 0
A44: C6 JAN-FEB | B44: 46025 | C44: Chakki1,2&3 | D44: C6 | E44: Bajra | F44: 2850 | G44: 0 | H44: 67 | I44: 2 | J44: 183 | K44: 252 | L44: 2598 | M44: 0 | N44: 0 | O44: 0.91157895 | P44: 2850 | Q44: 0
A45: C6 JAN-FEB | B45: 46026 | C45: Chakki1,2&3 | D45: C6 | E45: Multigrain | F45: 1450 | G45: 0 | H45: 18 | I45: 1 | J45: 121 | K45: 140 | L45: 1310 | M45: 3 | N45: Day | O45: 0.90344828 | P45: 1450 | Q45: 0
A46: C6 JAN-FEB | B46: 46026 | C46: Chakki1,2&3 | D46: C6 | E46: Multigrain | F46: 2250 | G46: 0 | H46: 21 | I46: 2 | J46: 162 | K46: 185 | L46: 2065 | M46: 3 | N46: Night | O46: 0.91777778 | P46: 2250 | Q46: 0
A47: C6 JAN-FEB | B47: 46027 | C47: Chakki1,2&3 | D47: C6 | E47: Multigrain | F47: 1350 | G47: 0 | H47: 10 | I47: 3 | J47: 118 | K47: 131 | L47: 1219 | M47: 3 | N47: Day | O47: 0.90296296 | P47: 1350 | Q47: 0
A48: C6 JAN-FEB | B48: 46027 | C48: Chakki1,2&3 | D48: C6 | E48: Khapli | F48: 3019.5 | G48: 1 | H48: 120 | I48: 1 | J48: 179.5 | K48: 301.5 | L48: 2718 | M48: 3 | N48: Night | O48: 0.90014903 | P48: 3019.5 | Q48: 0
A49: C6 JAN-FEB | B49: 46028 | C49: Chakki1,2&3 | D49: C6 | E49: Khapli | F49: 2178 | G49: 0 | H49: 85 | I49: 2 | J49: 35 | K49: 122 | L49: 2056 | M49: 3 | N49: Day | O49: 0.94398531 | P49: 2178 | Q49: 0
A50: C6 JAN-FEB | B50: 46028 | C50: Chakki1,2&3 | D50: C6 | E50: Multigrain | F50: 3700 | G50: 0 | H50: 90 | I50: 2 | J50: 246 | K50: 338 | L50: 3362 | M50: 3 | N50: Night | O50: 0.90864865 | P50: 3700 | Q50: 0
A51: C6 JAN-FEB | B51: 46029 | C51: Chakki1,2&3 | D51: C6 | E51: Multigrain | F51: 2400 | G51: 0 | H51: 19 | I51: 3 | J51: 195 | K51: 217 | L51: 2183 | M51: 3 | N51: Day | O51: 0.90958333 | P51: 2400 | Q51: 0
A52: C6 JAN-FEB | B52: 46029 | C52: Chakki1,2&3 | D52: C6 | E52: Multigrain | F52: 3750 | G52: 0 | H52: 110 | I52: 4 | J52: 214 | K52: 328 | L52: 3422 | M52: 3 | N52: Night | O52: 0.91253333 | P52: 3750 | Q52: 0
A53: C6 JAN-FEB | B53: 46030 | C53: Chakki1,2 | D53: C6 | E53: Multigrain | F53: 600 | G53: 0 | H53: 2 | I53: 1 | J53: 16 | K53: 19 | L53: 581 | M53: 2 | N53: Day | O53: 0.96833333 | P53: 600 | Q53: 0
A54: C6 JAN-FEB | B54: 46030 | C54: Chakki1,2&3 | D54: C6 | E54: Multigrain | F54: 1150 | G54: 0 | H54: 23 | I54: 2 | J54: 87 | K54: 112 | L54: 1038 | M54: 4 | N54: Night | O54: 0.9026087 | P54: 1150 | Q54: 0
A55: C6 JAN-FEB | B55: 46031 | C55: Chakki1,2 | D55: C6 | E55: Multigrain | F55: 70 | G55: 0 | H55: 0 | I55: 0 | J55: 6 | K55: 6 | L55: 64 | M55: 0 | N55: Day | O55: 0.91428571 | P55: 70 | Q55: 0
A56: C6 JAN-FEB | B56: 46032 | C56: Chakki1,2&3 | D56: C6 | E56: Multigrain | F56: 1000 | G56: 0 | H56: 8 | I56: 0 | J56: 31 | K56: 39 | L56: 961 | M56: 2 | N56: Day | O56: 0.961 | P56: 1000 | Q56: 0
... A91: C6 JAN-FEB | B91: 46055 | C91: Chakki1,2&3 | D91: C6 | E91: Multigrain | F91: 1850 | G91: 0 | H91: 63 | I91: 4 | J91: 73 | K91: 140 | L91: 1710 | M91: 4 | N91: DAY | O91: 0.92432432 | P91: 1850 | Q91: 0
A92: C6 JAN-FEB | B92: 46055 | C92: 0 | D92: C6 | E92: Multigrain | F92: 150 | G92: 0 | H92: 0 | I92: 0 | J92: 35 | K92: 35 | L92: 115 | M92: 4 | N92: DAY | O92: 0.76666667 | P92: 150 | Q92: 0
A93: C6 JAN-FEB | B93: 46055 | C93: Chakki1,2&3 | D93: C6 | E93: Multigrain | F93: 2700 | G93: 0 | H93: 55 | I93: 2 | J93: 54 | K93: 111 | L93: 2589 | M93: 4 | N93: NIGHT | O93: 0.95888889 | P93: 2700 | Q93: 0
A94: C6 JAN-FEB | B94: 46056 | C94: Chakki1,2&3 | D94: C6 | E94: Multigrain | F94: 800 | G94: 0 | H94: 19 | I94: 1 | J94: 26 | K94: 46 | L94: 754 | M94: 4 | N94: NIGHT | O94: 0.9425 | P94: 800 | Q94: 0
A95: C6 JAN-FEB | B95: 46056 | C95: Chakki1,2&3 | D95: C6 | E95: Jowar | F95: 500 | G95: 0 | H95: 6 | I95: 2 | J95: 17 | K95: 25 | L95: 475 | M95: 4 | N95: NIGHT | O95: 0.95 | P95: 500 | Q95: 0
A96: C6 JAN-FEB | B96: 46057 | C96: Chakki1,2&3 | D96: C6 | E96: Bajra | F96: 490 | G96: 0 | H96: 5 | I96: 1 | J96: 11 | K96: 17 | L96: 473 | M96: 4 | N96: NIGHT | O96: 0.96530612 | P96: 490 | Q96: 0
A97: C6 JAN-FEB | B97: 46058 | C97: Chakki1,2&3 | D97: C6 | E97: Multigrain | F97: 1100 | G97: 0 | H97: 13 | I97: 1 | J97: 36 | K97: 50 | L97: 1050 | M97: 4 | N97: NIGHT | O97: 0.95454545 | P97: 1100 | Q97: 0
A98: C6 JAN-FEB | B98: 46058 | C98: Chakki1,2&3 | D98: C6 | E98: Bajra | F98: 1000 | G98: 0 | H98: 18 | I98: 3 | J98: 42 | K98: 63 | L98: 937 | M98: 4 | N98: NIGHT | O98: 0.937 | P98: 1000 | Q98: 0
A99: C6 JAN-FEB | B99: 46059 | C99: Chakki1,2&3 | D99: C6 | E99: Multigrain | F99: 1200 | G99: 0 | H99: 19 | I99: 1 | J99: 78 | K99: 98 | L99: 1102 | M99: 4 | N99: NIGHT | O99: 0.91833333 | P99: 1200 | Q99: 0
A100: C6 JAN-FEB | B100: 46062 | C100: Chakki1,2&3 | D100: C6 | E100: Multigrain | F100: 2500 | G100: 0 | H100: 17 | I100: 3 | J100: 87 | K100: 107 | L100: 2393 | M100: 4 | N100: DAY | O100: 0.9572 | P100: 2500 | Q100: 0
A101: C6 JAN-FEB | B101: 46062 | C101: Chakki1,2&3 | D101: C6 | E101: Multigrain | F101: 2300 | G101: 0 | H101: 28 | I101: 4 | J101: 141 | K101: 173 | L101: 2127 | M101: 4 | N101: NIGHT | O101: 0.92478261 | P101: 2300 | Q101: 0
A102: C6 JAN-FEB | B102: 46063 | C102: Chakki1,2&3 | D102: C6 | E102: Bajra | F102: 2550 | G102: 0 | H102: 35 | I102: 2 | J102: 105 | K102: 142 | L102: 2408 | M102: 4 | N102: DAY | O102: 0.94431373 | P102: 2550 | Q102: 0
A103: C6 JAN-FEB | B103: 46064 | C103: Chakki1,2&3 | D103: C6 | E103: Multigrain | F103: 1900 | G103: 0 | H103: 36 | I103: 4 | J103: 110 | K103: 150 | L103: 1750 | M103: 4 | N103: DAY | O103: 0.92105263 | P103: 1900 | Q103: 0
A104: C6 JAN-FEB | B104: 46064 | C104: Chakki1,2&3 | D104: C6 | E104: Multigrain | F104: 2600 | G104: 0 | H104: 74 | I104: 2 | J104: 185 | K104: 261 | L104: 2339 | M104: 4 | N104: NIGHT | O104: 0.89961538 | P104: 2600 | Q104: 0
... A181: C39 JAN-FEB | B181: 46056 | C181: 3&4 | D181: C39 | E181: Multigrain | F181: 3050 | G181: 4.6 | H181: 59 | I181: 6 | J181: 60.4 | K181: 130 | L181: 2920 | M181: 5 | N181: Day | O181: 0.95737705 | P181: 3050 | Q181: 0
A182: C6 MARCH | B182: 46078 | C182: Pulvriser | D182: C39 | E182: Besan | F182: 650 | G182: 0 | H182: 0 | I182: 0 | J182: 40 | K182: 40 | L182: 610 | M182: 4 | N182: 0 | O182: 0.93846154 | P182: 650 | Q182: 0
A183: C6 MARCH | B183: 46082 | C183: Chakki1,2,3 | D183: C6 | E183: Multigrain | F183: 2100 | G183: 30 | H183: 25 | I183: 2 | J183: 133 | K183: 190 | L183: 1910 | M183: 4 | N183: DAY | O183: 0.90952381 | P183: 2100 | Q183: 0
A184: C6 MARCH | B184: 46082 | C184: Chakki1,2,3 | D184: C6 | E184: Pearl Millet | F184: 1750 | G184: 28 | H184: 42 | I184: 2 | J184: 82.4 | K184: 154.4 | L184: 1595.6 | M184: 4 | N184: NIGHT | O184: 0.91177143 | P184: 1750 | Q184: 0
A185: C6 MARCH | B185: 46083 | C185: Chakki1,2,3 | D185: C6 | E185: Jowar | F185: 2400 | G185: 30 | H185: 56 | I185: 3 | J185: 132 | K185: 221 | L185: 2240 | M185: 4 | N185: DAY | O185: 0.93333333 | P185: 2461 | Q185: -61
A186: C6 MARCH | B186: 46085 | C186: Chakki1,2,3 | D186: C6 | E186: Multigrain | F186: 2100 | G186: 31 | H186: 30 | I186: 2 | J186: 110 | K186: 173 | L186: 1927 | M186: 4 | N186: DAY | O186: 0.91761905 | P186: 2100 | Q186: 0
A187: C6 MARCH | B187: 46085 | C187: Chakki1,2,3 | D187: C6 | E187: Multigrain | F187: 2900 | G187: 29 | H187: 40 | I187: 1 | J187: 120 | K187: 190 | L187: 2660 | M187: 4 | N187: NIGHT | O187: 0.91724138 | P187: 2850 | Q187: 50
A188: C6 MARCH | B188: 46086 | C188: Chakki1,2,3 | D188: C6 | E188: Multigrain | F188: 1750 | G188: 30 | H188: 14 | I188: 1 | J188: 105 | K188: 150 | L188: 1605 | M188: 4 | N188: DAY | O188: 0.91714286 | P188: 1755 | Q188: -5
A189: C6 MARCH | B189: 46086 | C189: Chakki1,2,3 | D189: C6 | E189: Multigrain | F189: 3250 | G189: 45 | H189: 68 | I189: 2 | J189: 130 | K189: 245 | L189: 3005 | M189: 4 | N189: NIGHT | O189: 0.92461538 | P189: 3250 | Q189: 0
A190: C6 MARCH | B190: 46087 | C190: Chakki1,2,3 | D190: C6 | E190: Khapli wheat | F190: 175 | G190: 10 | H190: 0.4 | I190: 0.2 | J190: 3.4 | K190: 14 | L190: 161 | M190: 4 | N190: DAY | O190: 0.92 | P190: 175 | Q190: 0
A191: C6 MARCH | B191: 46087 | C191: Chakki1,2,3 | D191: C6 | E191: Khapli wheat | F191: 3350 | G191: 42 | H191: 35 | I191: 4 | J191: 233 | K191: 314 | L191: 3111 | M191: 4 | N191: NIGHT | O191: 0.92865672 | P191: 3425 | Q191: -75
A192: C6 MARCH | B192: 46088 | C192: Chakki 1,2,3 | D192: C6 | E192: Khapli wheat | F192: 2200 | G192: 20 | H192: 4 | I192: 1 | J192: 134 | K192: 159 | L192: 2041 | M192: 4 | N192: DAY | O192: 0.92772727 | P192: 2200 | Q192: 0
A193: C39 MARCH | B193: 46082 | C193: 3&4 | D193: C39 | E193: Multigrain | F193: 5100 | G193: 3.8 | H193: 72 | I193: 15 | J193: 149.2 | K193: 240 | L193: 4860 | M193: 9 | N193: Day | O193: 0.95294118 | P193: 5100 | Q193: 0
A194: C39 MARCH | B194: 46082 | C194: 3&4 | D194: C39 | E194: Multigrain | F194: 720 | G194: 1.5 | H194: 12 | I194: 5 | J194: 21.5 | K194: 40 | L194: 680 | M194: 6 | N194: Night | O194: 0.94444444 | P194: 720 | Q194: 0
... A213: C39 MARCH | B213: 46108 | C213: 1,2,3&4 | D213: C39 | E213: multigrain | F213: 4850 | G213: 6 | H213: 104 | I213: 12 | J213: 128 | K213: 250 | L213: 4600 | M213: 4 | N213: day | O213: 0.94845361 | P213: 4850 | Q213: 0
A214: C39 MARCH | B214: 46109 | C214: 1,2,3&4 | D214: C39 | E214: multigrain | F214: 4500 | G214: 4 | H214: 112 | I214: 16 | J214: 168 | K214: 300 | L214: 4200 | M214: 4 | N214: 0 | O214: 0.93333333 | P214: 4500 | Q214: 0
A215: C39 MARCH | B215: 46110 | C215: 1,2,3&4 | D215: c39 | E215: multigrain | F215: 2050 | G215: 4 | H215: 45 | I215: 11 | J215: 72 | K215: 132 | L215: 1920 | M215: 4 | N215: Day | O215: 0.93658537 | P215: 2052 | Q215: -2
A216: C39 MARCH | B216: 46111 | C216: 1,2,3&4 | D216: c39 | E216: multigrain | F216: 4260 | G216: 7 | H216: 90 | I216: 10 | J216: 153 | K216: 260 | L216: 4000 | M216: 4 | N216: DAY | O216: 0.93896714 | P216: 4260 | Q216: 0
A217: C39 MARCH | B217: 46112 | C217: 1,2,3&4 | D217: c39 | E217: multigrain | F217: 8000 | G217: 8 | H217: 470 | I217: 16 | J217: 226 | K217: 720 | L217: 7280 | M217: 5 | N217: DAY | O217: 0.91 | P217: 8000 | Q217: 0
A218: C6 APRIL | B218: 46113 | C218: Chakki1,2,3 | D218: C6 | E218: Khapli wheat | F218: 1000 | G218: 6 | H218: 1 | I218: 1 | J218: 42 | K218: 50 | L218: 950 | M218: 3 | N218: Night | O218: 0.95 | P218: 1000 | Q218: 0
A219: C6 APRIL | B219: 46114 | C219: Chakki1,2,3 | D219: C6 | E219: Khapli wheat | F219: 1050 | G219: 0 | H219: 6 | I219: 1 | J219: 66 | K219: 73 | L219: 977 | M219: 3 | N219: Night | O219: 0.93047619 | P219: 1050 | Q219: 0
A220: C6 APRIL | B220: 46118 | C220: Chakki1,2,3 | D220: C6 | E220: Khapli wheat | F220: 1150 | G220: 7 | H220: 26 | I220: 1.5 | J220: 80.5 | K220: 115 | L220: 1035 | M220: 4 | N220: Night | O220: 0.9 | P220: 1150 | Q220: 0
A221: C6 APRIL | B221: 46116 | C221: Chakki 1 | D221: C6 | E221: Khapli wheat | F221: 720 | G221: 3 | H221: 10 | I221: 1 | J221: 45 | K221: 59 | L221: 661 | M221: 3 | N221: Day | O221: 0.91805556 | P221: 720 | Q221: 0
A222: C6 APRIL | B222: 46119 | C222: Chakki1,2,3 | D222: C6 | E222: Khapli wheat | F222: 720 | G222: 1 | H222: 10 | I222: 1 | J222: 28 | K222: 40 | L222: 680 | M222: 2 | N222: Day | O222: 0.94444444 | P222: 720 | Q222: 0
A223: C6 APRIL | B223: 46120 | C223: Chakki1,2,3 | D223: C6 | E223: Khapli wheat | F223: 850 | G223: 2.5 | H223: 15 | I223: 2 | J223: 40.5 | K223: 60 | L223: 790 | M223: 3 | N223: Night | O223: 0.92941176 | P223: 850 | Q223: 0
A224: C6 APRIL | B224: 46120 | C224: Chakki1,2,3 | D224: C6 | E224: Khapli wheat | F224: 1200 | G224: 3 | H224: 30 | I224: 2 | J224: 65 | K224: 100 | L224: 1100 | M224: 3 | N224: Day | O224: 0.91666667 | P224: 1200 | Q224: 0
A225: C6 APRIL | B225: 46121 | C225: Chakki1,2,3 | D225: C6 | E225: Khapli wheat | F225: 900 | G225: 2.5 | H225: 16 | I225: 2 | J225: 56.5 | K225: 77 | L225: 823 | M225: 3 | N225: Day | O225: 0.91444444 | P225: 900 | Q225: 0
A226: C6 APRIL | B226: 46121 | C226: Chakki1,2,3 | D226: C6 | E226: Bajra | F226: 720 | G226: 2 | H226: 5 | I226: 1 | J226: 62 | K226: 70 | L226: 650 | M226: 3 | N226: Night | O226: 0.90277778 | P226: 720 | Q226: 0
... A242: C6 APRIL | B242: 46133 | C242: Chakki1,2,3 | D242: C6 | E242: Multigrains | F242: 2550 | G242: 24 | H242: 18 | I242: 2 | J242: 180 | K242: 200 | L242: 2350 | M242: 3 | N242: Night | O242: 0.92156863 | P242: 2550 | Q242: 0
A243: C6 APRIL | B243: 46133 | C243: Chakki1,2,3 | D243: C6 | E243: Multigrains | F243: 2100 | G243: 17 | H243: 18 | I243: 3 | J243: 149 | K243: 170 | L243: 1930 | M243: 0 | N243: 0 | O243: 0.91904762 | P243: 2100 | Q243: 0
A244: C6 APRIL | B244: 46134 | C244: Chakki1,2,3 | D244: C6 | E244: Multigrains | F244: 3200 | G244: 27 | H244: 51 | I244: 3 | J244: 196 | K244: 250 | L244: 2950 | M244: 3 | N244: Day | O244: 0.921875 | P244: 3200 | Q244: 0
A245: C6 APRIL | B245: 46134 | C245: Chakki1,2,3 | D245: C6 | E245: Multigrains | F245: 2250 | G245: 13 | H245: 12 | I245: 2 | J245: 156 | K245: 170 | L245: 2080 | M245: 3 | N245: Night | O245: 0.92444444 | P245: 2250 | Q245: 0
A246: C6 APRIL | B246: 46135 | C246: Chakki1,2,3 | D246: C6 | E246: Multigrains | F246: 2000 | G246: 11 | H246: 10 | I246: 2 | J246: 160 | K246: 172 | L246: 1828 | M246: 3 | N246: Day | O246: 0.914 | P246: 2000 | Q246: 0
A247: C6 APRIL | B247: 46135 | C247: Chakki1,2,3 | D247: C6 | E247: Multigrains | F247: 2000 | G247: 10 | H247: 17 | I247: 2 | J247: 131 | K247: 150 | L247: 1850 | M247: 3 | N247: Night | O247: 0.925 | P247: 2000 | Q247: 0
A248: C6 APRIL | B248: 46135 | C248: Chakki1,2,3 | D248: C6 | E248: Protein Atta | F248: 1261 | G248: 0 | H248: 8 | I248: 8 | J248: 62 | K248: 78 | L248: 1183 | M248: 3 | N248: Night | O248: 0.93814433 | P248: 1261 | Q248: 0
A249: C6 APRIL | B249: 46136 | C249: Chakki1,2,3 | D249: C6 | E249: Multigrains | F249: 3100 | G249: 15 | H249: 55 | I249: 2 | J249: 173 | K249: 230 | L249: 2870 | M249: 3 | N249: Day | O249: 0.92580645 | P249: 3100 | Q249: 0
...

Sheet C6 JAN-FEB
A2: Atta Production Report
A3: Date | B3: Machine | C3: Plant | D3: Product | E3: IN in Kg | F3: Sorting | G3: Bran | H3: Floor Atta | I3: Process Loss | J3: Total Wastage | K3: OUT in Kg | L3: Manpower | M3: SHIFT | N3: Yield %
F4: Grader | G4: Sieve | H4: Floor | I4: Process Loss
A5: 46024 | B5: Chakki1,2&3 | C5: C6 | D5: Jowar | E5: 1900 | F5: 0 | G5: 18 | H5: 2 | I5: 132 | J5: =F5+G5+H5+I5 -> 152 | K5: 1748 | N5: =K5/E5*100 -> 92 | O5: =K5+J5 -> 1900 | P5: =E5-O5 -> 0
A6: 46024 | B6: Chakki1,2&3 | C6: C6 | D6: Jowar | E6: 2450 | F6: 0 | G6: 104 | H6: 3 | I6: 163 | J6: =F6+G6+H6+I6 -> 270 | K6: 2180 | N6: =K6/E6*100 -> 88.979592 | O6: =K6+J6 -> 2450 | P6: 0
A7: 46025 | B7: Chakki1,2&3 | C7: C6 | D7: Bajra | E7: 2850 | F7: 0 | G7: 67 | H7: 2 | I7: 183 | J7: =F7+G7+H7+I7 -> 252 | K7: =2585+13 -> 2598 | N7: =K7/E7*100 -> 91.157895 | O7: =K7+J7 -> 2850 | P7: =E7-O7 -> 0
B8: Chakki1,2&3 | C8: C6 | D8: Jowar | E8: =173.92+1138.7 -> 1312.62 | I8: 13.92 | J8: =F8+G8+H8+I8 -> 13.92 | K8: =160+1047.6 -> 1207.6 | N8: =K8/E8*100 -> 91.999208 | O8: =K8+J8 -> 1221.52 | P8: =E8-O8 -> 91.1
A9: 46026 | B9: Chakki1,2&3 | C9: C6 | D9: Multigrain | E9: 1450 | F9: 0 | G9: 18 | H9: 1 | I9: 121 | J9: =F9+G9+H9+I9 -> 140 | K9: 1310 | L9: 3 | M9: Day | N9: =K9/E9*100 -> 90.344828 | O9: =K9+J9 -> 1450 | P9: =E9-O9 -> 0
A10: 46026 | B10: Chakki1,2&3 | C10: C6 | D10: Multigrain | E10: 2250 | F10: 0 | G10: 21 | H10: 2 | I10: 162 | J10: =F10+G10+H10+I10 -> 185 | K10: 2065 | L10: 3 | M10: Night | N10: =K10/E10*100 -> 91.777778 | O10: =K10+J10 -> 2250 | P10: =E10-O10 -> 0
A11: 46027 | B11: Chakki1,2&3 | C11: C6 | D11: Multigrain | E11: 1350 | F11: 0 | G11: 10 | H11: 3 | I11: 118 | J11: =F11+G11+H11+I11 -> 131 | K11: 1219 | L11: 3 | M11: Day | N11: =K11/E11*100 -> 90.296296 | O11: =K11+J11 -> 1350 | P11: =E11-O11 -> 0
A12: 46027 | B12: Chakki1,2&3 | C12: C6 | D12: Khapli | E12: 3019.5 | F12: 1 | G12: 120 | H12: 1 | I12: 179.5 | J12: =F12+G12+H12+I12 -> 301.5 | K12: 2718 | L12: 3 | M12: Night | N12: =K12/E12*100 -> 90.014903 | O12: =K12+J12 -> 3019.5 | P12: =E12-O12 -> 0
A13: 46028 | B13: Chakki1,2&3 | C13: C6 | D13: Khapli | E13: 2178 | F13: 0 | G13: 85 | H13: 2 | I13: 35 | J13: =F13+G13+H13+I13 -> 122 | K13: 2056 | L13: 3 | M13: Day | N13: =K13/E13*100 -> 94.398531 | O13: =K13+J13 -> 2178 | P13: =E13-O13 -> 0
A14: 46028 | B14: Chakki1,2&3 | C14: C6 | D14: Multigrain | E14: 3700 | F14: 0 | G14: 90 | H14: 2 | I14: 246 | J14: =F14+G14+H14+I14 -> 338 | K14: 3362 | L14: 3 | M14: Night | N14: =K14/E14*100 -> 90.864865 | O14: =K14+J14 -> 3700 | P14: =E14-O14 -> 0
A15: 46029 | B15: Chakki1,2&3 | C15: C6 | D15: Multigrain | E15: 2400 | F15: 0 | G15: 19 | H15: 3 | I15: 195 | J15: =F15+G15+H15+I15 -> 217 | K15: 2183 | L15: 3 | M15: Day | N15: =K15/E15*100 -> 90.958333 | O15: =K15+J15 -> 2400 | P15: =E15-O15 -> 0
A16: 46029 | B16: Chakki1,2&3 | C16: C6 | D16: Multigrain | E16: 3750 | F16: 0 | G16: 110 | H16: 4 | I16: 214 | J16: =F16+G16+H16+I16 -> 328 | K16: 3422 | L16: 3 | M16: Night | N16: =K16/E16*100 -> 91.253333 | O16: =K16+J16 -> 3750 | P16: =E16-O16 -> 0
A17: 46030 | B17: Chakki1,2 | C17: C6 | D17: Multigrain | E17: 600 | F17: 0 | G17: 2 | H17: 1 | I17: 16 | J17: =F17+G17+H17+I17 -> 19 | K17: 581 | L17: 2 | M17: Day | N17: =K17/E17*100 -> 96.833333 | O17: =K17+J17 -> 600 | P17: =E17-O17 -> 0
A18: 46030 | B18: Chakki1,2&3 | C18: C6 | D18: Multigrain | E18: 1150 | F18: 0 | G18: 23 | H18: 2 | I18: 87 | J18: =F18+G18+H18+I18 -> 112 | K18: 1038 | L18: 4 | M18: Night | N18: =K18/E18*100 -> 90.26087 | O18: =K18+J18 -> 1150 | P18: =E18-O18 -> 0
A19: 46031 | B19: Chakki1,2 | C19: C6 | D19: Multigrain | E19: 70 | I19: 6 | J19: =F19+G19+H19+I19 -> 6 | K19: 64 | M19: Day | N19: =K19/E19*100 -> 91.428571 | O19: =K19+J19 -> 70 | P19: =E19-O19 -> 0
A20: 46032 | B20: Chakki1,2&3 | C20: C6 | D20: Multigrain | E20: 1000 | F20: 0 | G20: 8 | H20: 0 | I20: 31 | J20: =F20+G20+H20+I20 -> 39 | K20: 961 | L20: 2 | M20: Day | N20: =K20/E20*100 -> 96.1 | O20: =K20+J20 -> 1000 | P20: =E20-O20 -> 0
A21: 46033 | B21: Chakki1,2&3 | C21: C6 | D21: Multigrain | E21: 1600 | F21: 0 | G21: 12 | H21: 2 | I21: 46 | J21: =F21+G21+H21+I21 -> 60 | K21: 1540 | L21: 3 | M21: Day | N21: =K21/E21*100 -> 96.25 | O21: =K21+J21 -> 1600 | P21: =E21-O21 -> 0
A22: 46034 | B22: Chakki1,2&3 | C22: C6 | D22: Multigrain | E22: 1650 | F22: 0 | G22: 16 | H22: 2 | I22: 71 | J22: =F22+G22+H22+I22 -> 89 | K22: 1561 | L22: 3 | M22: Day | N22: =K22/E22*100 -> 94.606061 | O22: =K22+J22 -> 1650 | P22: =E22-O22 -> 0
A23: 46034 | B23: Chakki1,2&3 | C23: C6 | D23: Multigrain | E23: 1500 | F23: 0 | G23: 13 | H23: 3 | I23: 149 | J23: =F23+G23+H23+I23 -> 165 | K23: =1335-2 -> 1333 | L23: 4 | M23: Night | N23: =K23/E23*100 -> 88.866667 | O23: =K23+J23 -> 1498 | P23: =E23-O23 -> 2
A24: 46035 | B24: Chakki1,2&3 | C24: C6 | D24: Multigrain | E24: 2650 | F24: 0 | G24: 31 | H24: 4 | I24: 170 | J24: =F24+G24+H24+I24 -> 205 | K24: 2445 | L24: 3 | M24: Day | N24: =K24/E24*100 -> 92.264151 | O24: =K24+J24 -> 2650 | P24: =E24-O24 -> 0
A25: 46035 | B25: Chakki1,2&3 | C25: C6 | D25: Multigrain | E25: 2200 | F25: 0 | G25: 18 | H25: 1 | I25: 181 | J25: =F25+G25+H25+I25 -> 200 | K25: 2000 | L25: 4 | M25: Night | N25: =K25/E25*100 -> 90.909091 | O25: =K25+J25 -> 2200 | P25: =E25-O25 -> 0
A26: 46036 | B26: Chakki1,2&3 | C26: C6 | D26: Multigrain | E26: 3000 | F26: 0 | G26: 51 | H26: 4 | I26: 255 | J26: =F26+G26+H26+I26 -> 310 | K26: 2690 | L26: 4 | M26: Night | N26: =K26/E26*100 -> 89.666667 | O26: =K26+J26 -> 3000 | P26: =E26-O26 -> 0
A27: 46037 | B27: Chakki1,2&3 | C27: C6 | D27: Multigrain | E27: 2000 | F27: 0 | G27: 85 | H27: 2 | I27: 93 | J27: =F27+G27+H27+I27 -> 180 | K27: 1820 | L27: 4 | M27: Night | N27: =K27/E27*100 -> 91 | O27: =K27+J27 -> 2000 | P27: =E27-O27 -> 0
A28: 46038 | B28: Chakki1,2&3 | C28: C6 | D28: Multigrain | E28: 2100 | F28: 0 | G28: 18 | H28: 1 | I28: 80 | J28: =F28+G28+H28+I28 -> 99 | K28: 2001 | L28: 3 | M28: Day | N28: =K28/E28*100 -> 95.285714 | O28: =K28+J28 -> 2100 | P28: =E28-O28 -> 0
A29: 46038 | B29: Chakki1,2&3 | C29: C6 | D29: Multigrain | E29: 700 | F29: 0 | G29: 8 | H29: 2 | I29: 49 | J29: =F29+G29+H29+I29 -> 59 | K29: 641 | L29: 4 | M29: Night | N29: =K29/E29*100 -> 91.571429 | O29: =K29+J29 -> 700 | P29: =E29-O29 -> 0
A30: 46039 | B30: Chakki1,2&3 | C30: C6 | D30: Multigrain | E30: 2050 | F30: 0 | G30: 9 | H30: 2 | I30: 110 | J30: =F30+G30+H30+I30 -> 121 | K30: 1929 | L30: 3 | M30: Day | N30: =K30/E30*100 -> 94.097561 | O30: =K30+J30 -> 2050 | P30: =E30-O30 -> 0
A31: 46040 | B31: Chakki1,2&3 | C31: C6 | D31: Multigrain | E31: 1950 | F31: 0 | G31: 24 | H31: 2 | I31: 134 | J31: =F31+G31+H31+I31 -> 160 | K31: 1790 | L31: 4 | M31: Night | N31: =K31/E31*100 -> 91.794872 | O31: =K31+J31 -> 1950 | P31: =E31-O31 -> 0
A32: 46040 | B32: Chakki1,2&3 | C32: C6 | D32: Multigrain | E32: 2400 | F32: 0 | G32: 23 | H32: 3 | I32: 74 | J32: =F32+G32+H32+I32 -> 100 | K32: 2300 | L32: 4 | M32: Day | N32: =K32/E32*100 -> 95.833333 | O32: =K32+J32 -> 2400 | P32: =E32-O32 -> 0
A33: 46041 | B33: Chakki1,2&3 | C33: C6 | D33: Multigrain | E33: 2400 | F33: 0 | G33: 18 | H33: 5 | I33: 127 | J33: =F33+G33+H33+I33 -> 150 | K33: 2250 | L33: 3 | M33: DAY | N33: =K33/E33*100 -> 93.75 | O33: =K33+J33 -> 2400 | P33: =E33-O33 -> 0
A34: 46041 | B34: Chakki1,2&3 | C34: C6 | D34: Multigrain | E34: 2300 | F34: 0 | G34: 28 | H34: 1 | I34: 114 | J34: =F34+G34+H34+I34 -> 143 | K34: 2157 | L34: 4 | M34: NIGHT | N34: =K34/E34*100 -> 93.782609 | O34: =K34+J34 -> 2300 | P34: =E34-O34 -> 0
A35: 46042 | B35: Chakki1,2&3 | C35: C6 | D35: Multigrain | E35: 2250 | F35: 0 | G35: 20 | H35: 5 | I35: 137 | J35: =F35+G35+H35+I35 -> 162 | K35: 2088 | L35: 3 | M35: DAY | N35: =K35/E35*100 -> 92.8 | O35: =K35+J35 -> 2250 | P35: =E35-O35 -> 0
... A42: 46045 | B42: Chakki1,2 | C42: C6 | D42: Multigrain | E42: 3050 | F42: 0 | G42: 31 | H42: 5 | I42: 146 | J42: =F42+G42+H42+I42 -> 182 | K42: 2868 | L42: 4 | M42: NIGHT | N42: =K42/E42*100 -> 94.032787 | O42: =K42+J42 -> 3050 | P42: =E42-O42 -> 0
A43: 46046 | B43: Chakki1,2 | C43: C6 | D43: Multigrain | E43: 1450 | F43: 0 | G43: 14 | H43: 4 | J43: 115 | K43: 1335 | L43: 4 | M43: DAY | N43: =K43/E43*100 -> 92.068966 | O43: =K43+J43 -> 1450 | P43: =E43-O43 -> 0
A44: 46046 | B44: Chakki1,2 | C44: C6 | D44: Multigrain | E44: 3250 | F44: 0 | G44: 80 | H44: 2 | I44: 117 | J44: =F44+G44+H44+I44 -> 199 | K44: 3051 | L44: 4 | M44: NIGHT | N44: =K44/E44*100 -> 93.876923 | O44: =K44+J44 -> 3250 | P44: =E44-O44 -> 0
A45: 46047 | B45: Chakki1,2 | C45: C6 | D45: Multigrain | E45: 1850 | F45: 0 | G45: 37 | H45: 3 | I45: 105 | J45: =F45+G45+H45+I45 -> 145 | K45: 1722 | L45: 3 | M45: DAY | N45: =K45/E45*100 -> 93.081081 | O45: =K45+J45 -> 1867 | P45: =E45-O45 -> -17
A46: 46049 | B46: Chakki1,2 | C46: C6 | D46: Multigrain | E46: 2050 | F46: 0 | G46: 45 | H46: 4 | I46: 122 | J46: =F46+G46+H46+I46 -> 171 | K46: 1910 | L46: 3 | M46: DAY | N46: =K46/E46*100 -> 93.170732 | O46: =K46+J46 -> 2081 | P46: =E46-O46 -> -31
A47: 46049 | B47: Chakki1,2 | C47: C6 | D47: Jowar | E47: 550 | F47: 0 | G47: 42 | H47: 3 | I47: 42 | J47: =F47+G47+H47+I47 -> 87 | K47: =401+42+20 -> 463 | L47: 4 | M47: NIGHT | N47: =K47/E47*100 -> 84.181818 | O47: =K47+J47 -> 550 | P47: =E47-O47 -> 0
A48: 46049 | B48: Chakki1,2 | C48: C6 | D48: Multigrain | E48: 1150 | F48: 0 | G48: 27 | H48: 2 | I48: 69 | J48: =F48+G48+H48+I48 -> 98 | K48: 1052 | L48: 4 | M48: NIGHT | N48: =K48/E48*100 -> 91.478261 | O48: =K48+J48 -> 1150 | P48: =E48-O48 -> 0
A49: 46050 | B49: Chakki1,2&3 | C49: C6 | D49: Jowar | E49: 1400 | F49: 0 | G49: 34 | H49: 3 | I49: 83 | J49: =F49+G49+H49+I49 -> 120 | K49: 1280 | L49: 3 | M49: DAY | N49: =K49/E49*100 -> 91.428571 | O49: =K49+J49 -> 1400 | P49: =E49-O49 -> 0
A50: 46050 | B50: Chakki1,2&3 | C50: C6 | D50: Jowar | E50: 2050 | F50: 0 | G50: 50 | H50: 1 | I50: 89 | J50: =F50+G50+H50+I50 -> 140 | K50: 1910 | L50: 4 | M50: NIGHT | N50: =K50/E50*100 -> 93.170732 | O50: =K50+J50 -> 2050 | P50: =E50-O50 -> 0
A51: 46052 | B51: Chakki1,2&3 | C51: C6 | D51: Jowar | E51: =2000+22 -> 2022 | F51: 0 | G51: 61 | H51: 1 | I51: 98 | J51: =F51+G51+H51+I51 -> 160 | K51: =1840+20 -> 1860 | L51: 4 | M51: NIGHT | N51: =K51/E51*100 -> 91.988131 | O51: =K51+J51 -> 2020 | P51: =E51-O51 -> 2
A52: 46053 | B52: Chakki1,2&3 | C52: C6 | D52: Multigrain | E52: 1600 | F52: 0 | G52: 8 | H52: 3 | I52: 121 | J52: =F52+G52+H52+I52 -> 132 | K52: 1468 | L52: 3 | M52: DAY | N52: =K52/E52*100 -> 91.75 | O52: =K52+J52 -> 1600 | P52: =E52-O52 -> 0
A53: 46053 | B53: Chakki1,2&3 | C53: C6 | D53: Multigrain | E53: 3237 | F53: 0 | G53: 54 | H53: 2 | I53: 87 | J53: =F53+G53+H53+I53 -> 143 | K53: 3094 | L53: 4 | M53: NIGHT | N53: =K53/E53*100 -> 95.582329 | O53: =K53+J53 -> 3237 | P53: =E53-O53 -> 0
A54: 46054 | B54: Chakki1,2&3 | C54: C6 | D54: Multigrain | E54: 1650 | F54: 0 | G54: 30 | H54: 2 | I54: 75 | J54: =F54+G54+H54+I54 -> 107 | K54: 1543 | L54: 4 | M54: DAY | N54: =K54/E54*100 -> 93.515152 | O54: =K54+J54 -> 1650 | P54: =E54-O54 -> 0 | Q54: =1.2+1.5 -> 2.7 | R54: 3280 | S54: =Q54/R54 -> 0.00082317073
A55: 46055 | B55: Chakki1,2&3 | C55: C6 | D55: Multigrain | E55: 1850 | F55: 0 | G55: 63 | H55: 4 | I55: 73 | J55: =F55+G55+H55+I55 -> 140 | K55: 1710 | L55: 4 | M55: DAY | N55: =K55/E55*100 -> 92.432432 | O55: =K55+J55 -> 1850 | P55: =E55-O55 -> 0 | Q55: 4 | R55: 2300 | S55: =Q55/R55 -> 0.0017391304
A56: 46055 | C56: C6 | D56: Multigrain | E56: 150 | F56: 0 | I56: 35 | J56: =F56+G56+H56+I56 -> 35 | K56: 115 | L56: 4 | M56: DAY | N56: =K56/E56*100 -> 76.666667 | O56: =K56+J56 -> 150 | P56: =E56-O56 -> 0 | Q56: 11.7 | R56: 3600 | S56: =Q56/R56 -> 0.00325
A57: 46055 | B57: Chakki1,2&3 | C57: C6 | D57: Multigrain | E57: 2700 | F57: 0 | G57: 55 | H57: 2 | I57: 54 | J57: =F57+G57+H57+I57 -> 111 | K57: 2589 | L57: 4 | M57: NIGHT | N57: =K57/E57*100 -> 95.888889 | O57: =K57+J57 -> 2700 | P57: =E57-O57 -> 0 | Q57: 5.1 | R57: 2460 | S57: =Q57/R57 -> 0.0020731707
A58: 46056 | B58: Chakki1,2&3 | C58: C6 | D58: Multigrain | E58: 800 | F58: 0 | G58: 19 | H58: 1 | I58: 26 | J58: =F58+G58+H58+I58 -> 46 | K58: 754 | L58: 4 | M58: NIGHT | N58: =K58/E58*100 -> 94.25 | O58: =K58+J58 -> 800 | P58: =E58-O58 -> 0 | Q58: 0 | R58: 0 | S58: =Q58/R58 -> #DIV/0!
A59: 46056 | B59: Chakki1,2&3 | C59: C6 | D59: Jowar | E59: 500 | F59: 0 | G59: 6 | H59: 2 | I59: 17 | J59: =F59+G59+H59+I59 -> 25 | K59: 475 | L59: 4 | M59: NIGHT | N59: =K59/E59*100 -> 95 | O59: =K59+J59 -> 500 | P59: =E59-O59 -> 0 | Q59: 0 | R59: 0 | S59: =Q59/R59 -> #DIV/0!
A60: 46057 | B60: Chakki1,2&3 | C60: C6 | D60: Bajra | E60: 490 | F60: 0 | G60: 5 | H60: 1 | I60: 11 | J60: =F60+G60+H60+I60 -> 17 | K60: 473 | L60: 4 | M60: NIGHT | N60: =K60/E60*100 -> 96.530612 | O60: =K60+J60 -> 490 | P60: =E60-O60 -> 0 | Q60: 0 | R60: 0 | S60: =Q60/R60 -> #DIV/0!
A61: 46058 | B61: Chakki1,2&3 | C61: C6 | D61: Multigrain | E61: 1100 | F61: 0 | G61: 13 | H61: 1 | I61: 36 | J61: =F61+G61+H61+I61 -> 50 | K61: 1050 | L61: 4 | M61: NIGHT | N61: =K61/E61*100 -> 95.454545 | O61: =K61+J61 -> 1100 | P61: =E61-O61 -> 0 | Q61: 0 | R61: 0 | S61: =Q61/R61 -> #DIV/0!
A62: 46058 | B62: Chakki1,2&3 | C62: C6 | D62: Bajra | E62: 1000 | F62: 0 | G62: 18 | H62: 3 | I62: 42 | J62: =F62+G62+H62+I62 -> 63 | K62: 937 | L62: 4 | M62: NIGHT | N62: =K62/E62*100 -> 93.7 | O62: =K62+J62 -> 1000 | P62: =E62-O62 -> 0 | Q62: 0 | R62: 0 | S62: =Q62/R62 -> #DIV/0!
A63: 46059 | B63: Chakki1,2&3 | C63: C6 | D63: Multigrain | E63: 1200 | F63: 0 | G63: 19 | H63: 1 | I63: 78 | J63: =F63+G63+H63+I63 -> 98 | K63: 1102 | L63: 4 | M63: NIGHT | N63: =K63/E63*100 -> 91.833333 | O63: =K63+J63 -> 1200 | P63: =E63-O63 -> 0
A64: 46062 | B64: Chakki1,2&3 | C64: C6 | D64: Multigrain | E64: 2500 | F64: 0 | G64: 17 | H64: 3 | I64: 87 | J64: =F64+G64+H64+I64 -> 107 | K64: 2393 | L64: 4 | M64: DAY | N64: =K64/E64*100 -> 95.72 | O64: =K64+J64 -> 2500 | P64: =E64-O64 -> 0
A65: 46062 | B65: Chakki1,2&3 | C65: C6 | D65: Multigrain | E65: 2300 | F65: 0 | G65: 28 | H65: 4 | I65: 141 | J65: =F65+G65+H65+I65 -> 173 | K65: 2127 | L65: 4 | M65: NIGHT | N65: =K65/E65*100 -> 92.478261 | O65: =K65+J65 -> 2300 | P65: =E65-O65 -> 0
A66: 46063 | B66: Chakki1,2&3 | C66: C6 | D66: Bajra | E66: 2550 | F66: 0 | G66: 35 | H66: 2 | I66: 105 | J66: =F66+G66+H66+I66 -> 142 | K66: 2408 | L66: 4 | M66: DAY | N66: =K66/E66*100 -> 94.431373 | O66: =K66+J66 -> 2550 | P66: =E66-O66 -> 0
A67: 46064 | B67: Chakki1,2&3 | C67: C6 | D67: Multigrain | E67: 1900 | F67: 0 | G67: 36 | H67: 4 | I67: 110 | J67: =F67+G67+H67+I67 -> 150 | K67: 1750 | L67: 4 | M67: DAY | N67: =K67/E67*100 -> 92.105263 | O67: =K67+J67 -> 1900 | P67: =E67-O67 -> 0
A68: 46064 | B68: Chakki1,2&3 | C68: C6 | D68: Multigrain | E68: 2600 | F68: 0 | G68: 74 | H68: 2 | I68: 185 | J68: =F68+G68+H68+I68 -> 261 | K68: 2339 | L68: 4 | M68: NIGHT | N68: =K68/E68*100 -> 89.961538 | O68: =K68+J68 -> 2600 | P68: =E68-O68 -> 0
A69: 46065 | B69: Chakki1,2&3 | C69: C6 | D69: Multigrain | E69: 550 | F69: 0 | G69: 5 | H69: 1 | I69: 49 | J69: =F69+G69+H69+I69 -> 55 | K69: 495 | L69: 4 | M69: DAY | N69: =K69/E69*100 -> 90 | O69: =K69+J69 -> 550 | P69: =E69-O69 -> 0
A70: 46065 | B70: Chakki1,2&3 | C70: C6 | D70: Multigrain | E70: 3650 | F70: 0 | G70: 60 | H70: 3 | I70: 286 | J70: =F70+G70+H70+I70 -> 349 | K70: 3301 | L70: 4 | M70: NIGHT | N70: =K70/E70*100 -> 90.438356 | O70: =K70+J70 -> 3650 | P70: =E70-O70 -> 0
A71: 46066 | B71: Chakki1,2&3 | C71: C6 | D71: Multigrain | E71: 2100 | F71: 0 | G71: 15 | H71: 3 | I71: 69 | J71: =F71+G71+H71+I71 -> 87 | K71: 2013 | L71: 4 | M71: DAY | N71: =K71/E71*100 -> 95.857143 | O71: =K71+J71 -> 2100 | P71: =E71-O71 -> 0
A72: 46066 | B72: Chakki1,2&3 | C72: C6 | D72: Multigrain | E72: 4700 | F72: 0 | G72: 115 | H72: 3 | I72: 236.7 | J72: =F72+G72+H72+I72 -> 354.7 | K72: 4345.3 | L72: 4 | M72: NIGHT | N72: =K72/E72*100 -> 92.453191 | O72: =K72+J72 -> 4700 | P72: =E72-O72 -> 0
A73: 46067 | B73: Chakki1,2&3 | C73: C6 | D73: Multigrain | E73: 2700 | F73: 0 | G73: 68 | H73: 3 | I73: 139 | J73: =F73+G73+H73+I73 -> 210 | K73: 2490 | L73: 4 | M73: DAY | N73: =K73/E73*100 -> 92.222222 | O73: =K73+J73 -> 2700 | P73: =E73-O73 -> 0
A74: 46067 | B74: Chakki1,2&3 | C74: C6 | D74: Multigrain | E74: 3150 | F74: 0 | G74: 78 | H74: 5 | I74: 172 | J74: =F74+G74+H74+I74 -> 255 | K74: 2895 | L74: 4 | M74: NIGHT | N74: =K74/E74*100 -> 91.904762 | O74: =K74+J74 -> 3150 | P74: =E74-O74 -> 0
A75: 46068 | B75: Chakki1,2&3 | C75: C6 | D75: Multigrain | E75: 2250 | F75: 0 | G75: 25 | H75: 3 | I75: 149 | J75: =F75+G75+H75+I75 -> 177 | K75: =2165-92 -> 2073 | L75: 4 | M75: DAY | N75: =K75/E75*100 -> 92.133333 | O75: =K75+J75 -> 2250 | P75: =E75-O75 -> 0
A76: 46069 | B76: Chakki1,2&3 | C76: C6 | D76: Multigrain | E76: 2500 | F76: 15 | G76: 25 | H76: 3 | I76: 177 | J76: =F76+G76+H76+I76 -> 220 | K76: 2280 | L76: 4 | M76: DAY | N76: =K76/E76*100 -> 91.2 | O76: =K76+J76 -> 2500 | P76: =E76-O76 -> 0
A77: 46069 | B77: Chakki1,2&3 | C77: C6 | D77: Multigrain | E77: 4350 | F77: 45 | G77: 73 | H77: 5 | I77: 217 | J77: =F77+G77+H77+I77 -> 340 | K77: 4010 | L77: 4 | M77: NIGHT | N77: =K77/E77*100 -> 92.183908 | O77: =K77+J77 -> 4350 | P77: =E77-O77 -> 0
A78: 46070 | B78: Chakki1,2,3 | C78: C6 | D78: Multigrain | E78: 2350 | F78: 18 | G78: 19 | H78: 2 | I78: 171 | J78: =F78+G78+H78+I78 -> 210 | K78: 2140 | L78: 4 | M78: DAY | N78: =K78/E78*100 -> 91.06383 | O78: =K78+J78 -> 2350 | P78: =E78-O78 -> 0
A79: 46070 | B79: Chakki1,2,3 | C79: C6 | D79: Multigrain | E79: 3350 | F79: 28 | G79: 78 | H79: 3 | I79: 146 | J79: =F79+G79+H79+I79 -> 255 | K79: 3095 | L79: 4 | M79: NIGHT | N79: =K79/E79*100 -> 92.38806 | O79: =K79+J79 -> 3350 | P79: =E79-O79 -> 0
A80: 46071 | B80: Chakki1,2,3 | C80: C6 | D80: Multigrain | E80: 2500 | F80: 22 | G80: 45 | H80: 2 | I80: 151 | J80: =F80+G80+H80+I80 -> 220 | K80: 2280 | L80: 4 | M80: DAY | N80: =K80/E80*100 -> 91.2 | O80: =K80+J80 -> 2500 | P80: =E80-O80 -> 0
A81: 46071 | B81: Chakki1,2,3 | C81: C6 | D81: Multigrain | E81: 1800 | F81: 19 | G81: 38 | H81: 3 | I81: 109 | J81: =F81+G81+H81+I81 -> 169 | K81: 1631 | L81: 4 | M81: NIGHT | N81: =K81/E81*100 -> 90.611111 | O81: =K81+J81 -> 1800 | P81: =E81-O81 -> 0
A82: 46073 | B82: Chakki1,2,3 | C82: C6 | D82: Multigrain | E82: 2200 | F82: 15 | G82: 19 | H82: 2 | I82: 159 | J82: =F82+G82+H82+I82 -> 195 | K82: 2005 | L82: 3 | M82: DAY | N82: =K82/E82*100 -> 91.136364 | O82: =K82+J82 -> 2200 | P82: =E82-O82 -> 0
A83: 46073 | B83: Chakki1,2,3 | C83: C6 | D83: Multigrain | E83: 3100 | F83: 24 | G83: 26 | H83: 4 | I83: 216 | J83: =F83+G83+H83+I83 -> 270 | K83: 2830 | L83: 3 | M83: NIGHT | N83: =K83/E83*100 -> 91.290323 | O83: =K83+J83 -> 3100 | P83: =E83-O83 -> 0
A84: 46074 | B84: Chakki1,2,3 | C84: C6 | D84: Multigrain | E84: 3300 | F84: 28 | G84: 47 | H84: 5 | I84: 247 | J84: =F84+G84+H84+I84 -> 327 | K84: 2973 | L84: 3 | M84: DAY | N84: =K84/E84*100 -> 90.090909 | O84: =K84+J84 -> 3300 | P84: =E84-O84 -> 0
A85: 46075 | B85: Chakki1,2,3 | C85: C6 | D85: Multigrain | E85: 2100 | F85: 18 | G85: 32 | H85: 2 | I85: 143 | J85: =F85+G85+H85+I85 -> 195 | K85: 1905 | L85: 2 | M85: DAY | N85: =K85/E85*100 -> 90.714286 | O85: =K85+J85 -> 2100 | P85: =E85-O85 -> 0
A86: 46076 | B86: Chakki1,2,3 | C86: C6 | D86: Multigrain | E86: 3000 | F86: 31 | G86: 40 | H86: 4 | I86: 206 | J86: =I86+H86+G86 -> 250 | K86: 2750 | L86: 3 | M86: DAY | N86: =K86/E86*100 -> 91.666667 | O86: =K86+J86 -> 3000 | P86: =E86-O86 -> 0
A87: 46076 | B87: Chakki1,2,3 | C87: C6 | D87: Multigrain | E87: 4000 | F87: 35 | G87: 53 | H87: 3 | I87: 274 | J87: =I87+H87+G87 -> 330 | K87: 3670 | L87: 4 | M87: NIGHT | N87: =K87/E87*100 -> 91.75 | O87: =K87+J87 -> 4000 | P87: =E87-O87 -> 0
A88: 46077 | B88: chakki1,2,3 | C88: C6 | D88: Multigrain | E88: 3150 | F88: 33 | G88: 38 | H88: 4 | I88: 238 | J88: =I88+H88+G88 -> 280 | K88: 2870 | L88: 3 | M88: DAY | N88: =K88/E88*100 -> 91.111111 | O88: =K88+J88 -> 3150 | P88: =E88-O88 -> 0
A89: 46077 | B89: chakki1,2,3 | C89: C6 | D89: Multigrain | E89: 4000 | F89: 45 | G89: 51 | H89: 3 | I89: 296 | J89: =I89+H89+G89 -> 350 | K89: 3650 | L89: 4 | M89: NIGHT | N89: =K89/E89*100 -> 91.25 | O89: =K89+J89 -> 4000 | P89: =E89-O89 -> 0
A90: 46078 | B90: Chakki1,2,3 | C90: C6 | D90: Multigrain | E90: 2850 | F90: 35 | G90: 32 | H90: 5 | I90: 243 | J90: =I90+H90+G90 -> 280 | K90: 2570 | L90: 4 | M90: DAY | N90: =K90/E90*100 -> 90.175439 | O90: =K90+J90 -> 2850 | P90: =E90-O90 -> 0
A91: 46078 | B91: Chakki1,2,3 | C91: C6 | D91: Multigrain | E91: 4000 | F91: 51 | G91: 48 | H91: 3 | I91: 319 | J91: =I91+H91+G91 -> 370 | K91: 3630 | L91: 4 | M91: NIGHT | N91: =K91/E91*100 -> 90.75 | O91: =K91+J91 -> 4000 | P91: =E91-O91 -> 0
A92: 46079 | B92: Chakki1,2,3 | C92: C6 | D92: Multigrain | E92: 3250 | F92: 43 | G92: 27 | H92: 4 | I92: 259 | J92: =I92+H92+G92 -> 290 | K92: 2960 | L92: 4 | M92: NIGHT | N92: =K92/E92*100 -> 91.076923 | O92: =K92+J92 -> 3250 | P92: =E92-O92 -> 0
A93: 46080 | B93: Chakki1,2,3 | C93: C6 | D93: Multigrain | E93: 1850 | F93: 17 | G93: 20 | H93: 5 | I93: 128 | J93: =I93+H93+G93+F93 -> 170 | K93: 1680 | L93: 4 | M93: DAY | N93: =K93/E93*100 -> 90.810811 | O93: =K93+J93 -> 1850 | P93: =E93-O93 -> 0
A94: 46080 | B94: Chakki1,2,3 | C94: C6 | D94: Multigrain | E94: 3500 | F94: 42 | G94: 35 | H94: 4 | I94: 229 | J94: =I94+H94+G94+F94 -> 310 | K94: 3190 | L94: 4 | M94: NIGHT | N94: =K94/E94*100 -> 91.142857 | O94: =K94+J94 -> 3500 | P94: =E94-O94 -> 0
A95: 46081 | B95: Chakki1,2,3 | C95: C6 | D95: Multigrain | E95: 2100 | F95: 37 | G95: 23 | H95: 2 | I95: 133 | J95: =I95+H95+G95+F95 -> 195 | K95: 1905 | L95: 4 | M95: DAY | N95: =K95/E95*100 -> 90.714286 | O95: =K95+J95 -> 2100 | P95: =E95-O95 -> 0
A96: 46081 | B96: Chakki1,2,3 | C96: C6 | D96: Multigrain | E96: 3600 | F96: 38 | G96: 43 | H96: 3 | I96: 236 | J96: =I96+H96+G96+F96 -> 320 | K96: 3280 | L96: 4 | M96: NIGHT | N96: =K96/E96*100 -> 91.111111 | O96: =K96+J96 -> 3600 | P96: =E96-O96 -> 0
N108: =AVERAGE(N5:N107) -> 92.08438
I109: Total | N109: Avarage
I110: Total Cost
I111: Cost Per kg

Sheet  C39 JAN-FEB
A2: Atta Production Report
A3: Date | B3: Machine | C3: Plant | D3: Product | E3: IN in Kg | F3: Sorting | G3: Bran | H3: Floor Atta | I3: Process Loss | J3: Total Wastage | K3: OUT in Kg | L3: Manpower | M3: Shift | N3: Yield %
F4: Grader | G4: Sieve | H4: Floor | I4: Process Loss | Q4: Remark
A5: 46026 | B5: 3&4 | C5: C39 | D5: Khapli | E5: 5000 | F5: 130 | G5: 92 | H5: 6 | I5: 240 | J5: =F5+G5+H5+I5 -> 468 | K5: 4532 | L5: 9 | M5: Day | N5: =K5/E5*100 -> 90.64 | O5: =K5+J5 -> 5000 | P5: =E5-O5 -> 0
A6: 46027 | B6: 3&4 | C6: C39 | D6: Khapli | E6: 4450 | F6: 85 | G6: 72 | H6: 5.4 | I6: 156.6 | J6: =F6+G6+H6+I6 -> 319 | K6: 4131 | L6: 9 | M6: Day | N6: =K6/E6*100 -> 92.831461 | O6: =K6+J6 -> 4450 | P6: =E6-O6 -> 0
A7: 46028 | B7: 3&4 | C7: C39 | D7: Khapli | E7: 5550 | F7: 184 | G7: 152 | H7: 6 | I7: 202 | J7: =F7+G7+H7+I7 -> 544 | K7: 5006 | L7: 9 | M7: Day | N7: =K7/E7*100 -> 90.198198 | O7: =K7+J7 -> 5550 | P7: =E7-O7 -> 0
A8: 46029 | B8: 3&4 | C8: C39 | D8: Khapli | E8: 5700 | F8: 127 | G8: 85 | H8: 7 | I8: 156 | J8: =F8+G8+H8+I8 -> 375 | K8: 5325 | L8: 9 | M8: Day | N8: =K8/E8*100 -> 93.421053 | O8: =K8+J8 -> 5700 | P8: =E8-O8 -> 0
A9: 46030 | B9: 3&4 | C9: C39 | D9: Khapli | E9: 5000 | F9: 127 | G9: 78 | H9: 6 | I9: 169 | J9: =F9+G9+H9+I9 -> 380 | K9: 4620 | L9: 9 | M9: Day | N9: =K9/E9*100 -> 92.4 | O9: =K9+J9 -> 5000 | P9: =E9-O9 -> 0
A10: 46031 | B10: 3&4 | C10: C39 | D10: Khapli | E10: 5000 | F10: 133 | G10: 81 | H10: 6.6 | I10: 140.4 | J10: =F10+G10+H10+I10 -> 361 | K10: 4639 | L10: 9 | M10: Day | N10: =K10/E10*100 -> 92.78 | O10: =K10+J10 -> 5000 | P10: =E10-O10 -> 0
A11: 46032 | B11: 3&4 | C11: C39 | D11: Khapli | E11: 4500 | F11: 112 | G11: 65 | H11: 4 | I11: 129 | J11: =F11+G11+H11+I11 -> 310 | K11: 4190 | L11: 9 | M11: Day | N11: =K11/E11*100 -> 93.111111 | O11: =K11+J11 -> 4500 | P11: =E11-O11 -> 0
A12: 46033 | B12: 3&4 | C12: C39 | D12: Khapli | E12: 3150 | F12: 90 | G12: 46 | H12: 4 | I12: 100 | J12: =F12+G12+H12+I12 -> 240 | K12: 2910 | L12: 9 | M12: Day | N12: =K12/E12*100 -> 92.380952 | O12: =K12+J12 -> 3150 | P12: =E12-O12 -> 0
A13: 46034 | B13: 3&4 | C13: C39 | D13: Khapli | E13: 4500 | F13: 106 | G13: 50 | H13: 4.6 | I13: 118.4 | J13: =F13+G13+H13+I13 -> 279 | K13: 4221 | L13: 9 | M13: Day | N13: =K13/E13*100 -> 93.8 | O13: =K13+J13 -> 4500 | P13: =E13-O13 -> 0
A14: 46035 | B14: 3&4 | C14: C39 | D14: Khapli | E14: 5000 | F14: 111 | G14: 84 | H14: 6 | I14: 132 | J14: =F14+G14+H14+I14 -> 333 | K14: 4667 | L14: 9 | M14: Day | N14: =K14/E14*100 -> 93.34 | O14: =K14+J14 -> 5000 | P14: =E14-O14 -> 0
A15: 46038 | B15: 3&4 | C15: C39 | D15: Khapli | E15: 5000 | F15: 94 | G15: 62 | H15: 0 | I15: 129 | J15: =F15+G15+H15+I15 -> 285 | K15: 4715 | L15: 9 | M15: DAY | N15: =K15/E15*100 -> 94.3 | O15: =K15+J15 -> 5000 | P15: =E15-O15 -> 0
A16: 46039 | B16: 3&4 | C16: C39 | D16: Khapli | E16: 5000 | F16: 111 | G16: 71 | H16: 7 | I16: 140 | J16: =F16+G16+H16+I16 -> 329 | K16: 4671 | L16: 9 | M16: day | N16: =K16/E16*100 -> 93.42 | O16: =K16+J16 -> 5000 | P16: =E16-O16 -> 0
... A53: 46056 | B53: 3&4 | C53: C39 | D53: Multigrain | E53: 3050 | F53: 4.6 | G53: 59 | H53: 6 | I53: 60.4 | J53: =F53+G53+H53+I53 -> 130 | K53: 2920 | L53: 5 | M53: Day | N53: =K53/E53*100 -> 95.737705 | O53: =K53+J53 -> 3050 | P53: =E53-O53 -> 0
N56: =AVERAGE(#REF!) -> #REF!
I57: Total | N57: Avarage
I58: Total Cost
I59: Cost Per kg

Sheet C6 MARCH
A1: Atta Production Report
A2: Date | B2: Machine | C2: Plant | D2: Product | E2: IN in Kg | F2: Sorting | G2: Bran | H2: Floor Atta | I2: Process Loss | J2: Total Wastage | K2: OUT in Kg | L2: Manpower | M2: SHIFT | N2: Yield %
F3: Grader | G3: Sieve | H3: Floor | I3: Process Loss
A4: 46078 | B4: Pulvriser | C4: C39 | D4: Besan | E4: 650 | F4: 0 | G4: 0 | H4: 0 | I4: 40 | J4: 40 | K4: 610 | L4: 4 | N4: =K4/E4*100 -> 93.846154 | O4: =K4+J4 -> 650 | P4: =E4-O4 -> 0
A5: 46082 | B5: Chakki1,2,3 | C5: C6 | D5: Multigrain | E5: 2100 | F5: 30 | G5: 25 | H5: 2 | I5: 133 | J5: =I5+H5+G5+F5 -> 190 | K5: 1910 | L5: 4 | M5: DAY | N5: =K5/E5*100 -> 90.952381 | O5: =K5+J5 -> 2100 | P5: =E5-O5 -> 0
A6: 46082 | B6: Chakki1,2,3 | C6: C6 | D6: Pearl Millet | E6: 1750 | F6: 28 | G6: 42 | H6: 2 | I6: 82.4 | J6: =I6+H6+G6+F6 -> 154.4 | K6: =1580+15.6 -> 1595.6 | L6: 4 | M6: NIGHT | N6: =K6/E6*100 -> 91.177143 | O6: =K6+J6 -> 1750 | P6: =E6-O6 -> 0
A7: 46083 | B7: Chakki1,2,3 | C7: C6 | D7: Jowar | E7: 2400 | F7: 30 | G7: 56 | H7: 3 | I7: 132 | J7: =I7+H7+G7+F7 -> 221 | K7: 2240 | L7: 4 | M7: DAY | N7: =K7/E7*100 -> 93.333333 | O7: =K7+J7 -> 2461 | P7: =E7-O7 -> -61
A8: 46085 | B8: Chakki1,2,3 | C8: C6 | D8: Multigrain | E8: 2100 | F8: 31 | G8: 30 | H8: 2 | I8: 110 | J8: =I8+H8+G8+F8 -> 173 | K8: 1927 | L8: 4 | M8: DAY | N8: =K8/E8*100 -> 91.761905 | O8: =K8+J8 -> 2100 | P8: =E8-O8 -> 0
A9: 46085 | B9: Chakki1,2,3 | C9: C6 | D9: Multigrain | E9: 2900 | F9: 29 | G9: 40 | H9: 1 | I9: 120 | J9: =I9+H9+G9+F9 -> 190 | K9: 2660 | L9: 4 | M9: NIGHT | N9: =K9/E9*100 -> 91.724138 | O9: =K9+J9 -> 2850 | P9: =E9-O9 -> 50
A10: 46086 | B10: Chakki1,2,3 | C10: C6 | D10: Multigrain | E10: 1750 | F10: 30 | G10: 14 | H10: 1 | I10: 105 | J10: =I10+H10+G10+F10 -> 150 | K10: 1605 | L10: 4 | M10: DAY | N10: =K10/E10*100 -> 91.714286 | O10: =K10+J10 -> 1755 | P10: =E10-O10 -> -5
A11: 46086 | B11: Chakki1,2,3 | C11: C6 | D11: Multigrain | E11: 3250 | F11: 45 | G11: 68 | H11: 2 | I11: 130 | J11: =I11+H11+G11+F11 -> 245 | K11: 3005 | L11: 4 | M11: NIGHT | N11: =K11/E11*100 -> 92.461538 | O11: =K11+J11 -> 3250 | P11: =E11-O11 -> 0
A12: 46087 | B12: Chakki1,2,3 | C12: C6 | D12: Khapli wheat | E12: 175 | F12: 10 | G12: 0.4 | H12: 0.2 | I12: 3.4 | J12: =I12+H12+G12+F12 -> 14 | K12: 161 | L12: 4 | M12: DAY | N12: =K12/E12*100 -> 92 | O12: =K12+J12 -> 175 | P12: =E12-O12 -> 0
A13: 46087 | B13: Chakki1,2,3 | C13: C6 | D13: Khapli wheat | E13: 3350 | F13: 42 | G13: 35 | H13: 4 | I13: 233 | J13: =I13+H13+G13+F13 -> 314 | K13: 3111 | L13: 4 | M13: NIGHT | N13: =K13/E13*100 -> 92.865672 | O13: =K13+J13 -> 3425 | P13: =E13-O13 -> -75
A14: 46088 | B14: Chakki 1,2,3 | C14: C6 | D14: Khapli wheat | E14: 2200 | F14: 20 | G14: 4 | H14: 1 | I14: 134 | J14: =I14+H14+G14+F14 -> 159 | K14: 2041 | L14: 4 | M14: DAY | N14: =K14/E14*100 -> 92.772727 | O14: =K14+J14 -> 2200 | P14: =E14-O14 -> 0
A15: 07.03.26 | B15: Chakki 1,2,3 | C15: C6 | D15: Khapli wheat | E15: =2200+300 -> 2500 | F15: 25 | G15: 23 | H15: 5 | I15: 130 | J15: =I15+H15+G15+F15 -> 183 | K15: =2010+300 -> 2310 | L15: 4 | M15: NIGHT | N15: =K15/E15*100 -> 92.4 | O15: =K15+J15 -> 2493 | P15: =E15-O15 -> 7
A16: 08.02.26 | B16: Chakki1,2,3 | C16: C6 | D16: Khapli wheat | E16: 2000 | F16: 30 | G16: 15 | H16: 1 | I16: 105 | J16: =I16+H16+G16+F16 -> 151 | K16: 1849 | L16: 3 | M16: DAY | N16: =K16/E16*100 -> 92.45 | O16: =K16+J16 -> 2000 | P16: =E16-O16 -> 0
A17: 09.03.26 | B17: Chakki1,2,3 | C17: C6 | D17: Khapli wheat | E17: 2550 | F17: 35 | G17: 11 | H17: 2 | I17: 122 | J17: =I17+H17+G17+F17 -> 170 | K17: 2380 | L17: 4 | M17: DAY | N17: =K17/E17*100 -> 93.333333 | O17: =K17+J17 -> 2550 | P17: =E17-O17 -> 0
A18: 09.03.26 | B18: Chakki1,2,3 | C18: C6 | D18: Khapli wheat | E18: 3400 | F18: 49 | G18: 17 | H18: 2 | I18: 122 | J18: =I18+H18+G18+F18 -> 190 | K18: 3210 | L18: 4 | M18: NIGHT | N18: =K18/E18*100 -> 94.411765 | O18: =K18+J18 -> 3400 | P18: =E18-O18 -> 0
A19: 10.03.26 | B19: Chakki1,2,3 | C19: C6 | D19: Khapli wheat | E19: 2600 | F19: 30 | G19: 5 | H19: 1 | I19: 114 | J19: =I19+H19+G19+F19 -> 150 | K19: 2450 | L19: 4 | M19: DAY | N19: =K19/E19*100 -> 94.230769 | O19: =K19+J19 -> 2600 | P19: =E19-O19 -> 0
A20: 11.03.26 | B20: Chakki1,2,3 | C20: C6 | D20: Khapli wheat | E20: 2750 | F20: 10 | G20: 10 | H20: 1 | I20: 129 | J20: =I20+H20+G20+F20 -> 150 | K20: 2600 | L20: 4 | M20: DAY | N20: =K20/E20*100 -> 94.545455 | O20: =K20+J20 -> 2750 | P20: =E20-O20 -> 0
A21: 11.03.26 | B21: Chakki1,2,3 | C21: C6 | D21: jowar | E21: 1139 | F21: 30 | G21: 25 | H21: 1.5 | I21: 67.5 | J21: =I21+H21+G21+F21 -> 124 | K21: 1015 | L21: 4 | M21: NIGHT | N21: =K21/E21*100 -> 89.113257 | O21: =K21+J21 -> 1139 | P21: =E21-O21 -> 0
A22: 12.03.26 | B22: Chakki1,2,3 | C22: C6 | D22: jowar | E22: 1861 | F22: 21 | G22: 28 | H22: 1 | I22: 106 | J22: 201 | K22: 1660 | L22: 4 | M22: DAY | N22: =K22/E22*100 -> 89.199355 | O22: =K22+J22 -> 1861 | P22: =E22-O22 -> 0
A23: 12.03.26 | B23: Chakki1,2,3 | D23: Khapli wheat | E23: 2250 | F23: 27 | G23: 6 | H23: 2 | I23: 144 | J23: =I23+H23+G23+F23 -> 179 | K23: 2071 | L23: 3 | M23: NIGHT | N23: =K23/E23*100 -> 92.044444 | O23: =K23+J23 -> 2250 | P23: =E23-O23 -> 0
A24: 13.03.26 | B24: Chakki1,2,3 | C24: C6 | D24: Khapli wheat | E24: 2250 | F24: 17 | G24: 10 | H24: 2 | I24: 99 | J24: =I24+H24+G24+F24 -> 128 | K24: 2122 | L24: 3 | M24: DAY | N24: =K24/E24*100 -> 94.311111 | O24: =K24+J24 -> 2250 | P24: =E24-O24 -> 0
A25: 13.03.26 | B25: Chakki1,2,3 | C25: C6 | D25: Multigrain | E25: 2700 | F25: 25 | G25: 31 | H25: 2 | I25: 135 | J25: =I25+H25+G25+F25 -> 193 | K25: 2507 | L25: 4 | M25: Night | N25: =K25/E25*100 -> 92.851852 | O25: =K25+J25 -> 2700 | P25: =E25-O25 -> 0
A26: 13.03.26 | B26: Chakki1,2,3 | C26: C6 | D26: Khapli wheat | E26: 425 | F26: 4 | G26: 2 | H26: 1 | I26: 23 | J26: =I26+H26+G26+F26 -> 30 | K26: 395 | L26: 4 | M26: Night | N26: =K26/E26*100 -> 92.941176 | O26: =K26+J26 -> 425 | P26: =E26-O26 -> 0
A27: 14.03.26 | B27: Chakki1,2,3 | C27: C6 | D27: Multigrain | E27: 2700 | F27: 28 | G27: 45 | H27: 2 | I27: 65 | J27: =I27+H27+G27+F27 -> 140 | K27: 2560 | L27: 4 | M27: DAY | N27: =K27/E27*100 -> 94.814815 | O27: =K27+J27 -> 2700 | P27: =E27-O27 -> 0
A28: 14.03.26 | B28: Chakki1,2,3 | C28: C6 | D28: Multigrain | E28: 2300 | F28: 12 | G28: 30 | H28: 6 | I28: 99 | J28: =I28+H28+G28+F28 -> 147 | K28: 2153 | L28: 4 | M28: Night | N28: =K28/E28*100 -> 93.608696 | O28: =K28+J28 -> 2300 | P28: =E28-O28 -> 0
A29: 17.03.26 | B29: Chakki 1 | C29: C6 | D29: Multigrain | E29: 900 | F29: 22 | G29: 5 | H29: 1 | I29: 27 | J29: =I29+H29+G29+F29 -> 55 | K29: 845 | L29: 3 | M29: DAY | N29: =K29/E29*100 -> 93.888889 | O29: =K29+J29 -> 900 | P29: =E29-O29 -> 0
A30: 17.03.26 | B30: Chakki1,2,3 | C30: C6 | D30: Multigrain | E30: =2300+550 -> 2850 | F30: 30 | G30: 20 | H30: 3 | I30: 122 | J30: =I30+H30+G30+F30 -> 175 | K30: =2150+525 -> 2675 | L30: 4 | M30: Night | N30: =K30/E30*100 -> 93.859649 | O30: =K30+J30 -> 2850 | P30: =E30-O30 -> 0
A31: 18.03.26 | B31: Chakki1,2,3 | C31: C6 | D31: Jowar | E31: 1429 | F31: 26 | G31: 23 | H31: 1 | I31: 65 | J31: =I31+H31+G31+F31 -> 115 | K31: 1310 | L31: 3 | M31: DAY | N31: =K31/E31*100 -> 91.672498 | O31: =K31+J31 -> 1425 | P31: =E31-O31 -> 4
A32: 18.03.26 | B32: Chakki1,2,3 | C32: C6 | D32: Jowar | E32: 1500 | F32: 30 | G32: 25 | H32: 1 | I32: 74 | J32: =I32+H32+G32+F32 -> 130 | K32: 1370 | L32: 4 | M32: Night | N32: =K32/E32*100 -> 91.333333 | O32: =K32+J32 -> 1500 | P32: =E32-O32 -> 0
A33: 20.03.26 | B33: Chakki1,2,3 | C33: C6 | D33: Bajra | E33: 980 | F33: 15 | G33: 9 | H33: 1 | I33: 50 | J33: =I33+H33+G33+F33 -> 75 | K33: 905 | L33: 3 | M33: DAY | N33: =K33/E33*100 -> 92.346939 | O33: =K33+J33 -> 980 | P33: =E33-O33 -> 0
A34: 21.03.26 | B34: Chakki1,2,3 | C34: C6 | D34: Bajra | E34: 310 | F34: 5 | G34: 6 | H34: 3 | I34: 16 | J34: =I34+H34+G34+F34 -> 30 | K34: 280 | L34: 2 | M34: DAY | N34: =K34/E34*100 -> 90.322581 | O34: =K34+J34 -> 310 | P34: =E34-O34 -> 0
A35: 28.03.26 | B35: Chakki1,2,3 | C35: C6 | D35: Jowar | E35: 491 | F35: 0 | G35: 7 | H35: 2 | I35: 30 | J35: =I35+H35+G35+F35 -> 39 | K35: 447 | L35: 3 | M35: DAY | N35: =K35/E35*100 -> 91.038697 | O35: =K35+J35 -> 486 | P35: =E35-O35 -> 5
A36: 28.03.26 | B36: Pulveriser | C36: C39 | D36: Besan | E36: 55 | F36: 0 | G36: 0 | H36: 0 | I36: 5 | J36: =I36+H36+G36+F36 -> 5 | K36: 50 | N36: =K36/E36*100 -> 90.909091 | O36: =K36+J36 -> 55 | P36: =E36-O36 -> 0
A37: 28.03.26 | B37: Pulveriser | C37: C39 | D37: Besan | E37: 145 | F37: 0 | G37: 0 | H37: 0 | I37: 10 | J37: =I37+H37+G37+F37 -> 10 | K37: 135 | N37: =K37/E37*100 -> 93.103448 | O37: =K37+J37 -> 145 | P37: =E37-O37 -> 0
A38: 30.03.26 | B38: Chakki1,2,3 | C38: C6 | D38: Jowar | E38: 2750 | F38: 35 | G38: 39 | H38: 2 | I38: 46 | J38: =I38+H38+G38+F38 -> 122 | K38: 2628 | L38: 4 | M38: Night | N38: =K38/E38*100 -> 95.563636 | O38: =K38+J38 -> 2750 | P38: =E38-O38 -> 0
A39: 31.03.26 | B39: Chakki1,2,3 | C39: C6 | D39: Jowar | E39: 1550 | F39: 22 | G39: 22 | H39: 2 | I39: 64 | J39: =I39+H39+G39+F39 -> 110 | K39: 1440 | L39: 3 | M39: Night | N39: =K39/E39*100 -> 92.903226 | O39: =K39+J39 -> 1550 | P39: =E39-O39 -> 0
N42: =AVERAGE(#REF!) -> #REF!
I43: Total | N43: Avarage
I44: Total Cost
I45: Cost Per kg
Q53: =1.2+1.5 -> 2.7 | R53: 3280 | S53: =Q53/R53 -> 0.00082317073
Q54: 4 | R54: 2300 | S54: =Q54/R54 -> 0.0017391304
Q55: 11.7 | R55: 3600 | S55: =Q55/R55 -> 0.00325
Q56: 5.1 | R56: 2460 | S56: =Q56/R56 -> 0.0020731707
Q57: 0 | R57: 0 | S57: =Q57/R57 -> #DIV/0!
Q58: 0 | R58: 0 | S58: =Q58/R58 -> #DIV/0!
Q59: 0 | R59: 0 | S59: =Q59/R59 -> #DIV/0!
Q60: 0 | R60: 0 | S60: =Q60/R60 -> #DIV/0!
Q61: 0 | R61: 0 | S61: =Q61/R61 -> #DIV/0!

Sheet C39 MARCH
A1: Atta Production Report
A2: Date | B2: Machine | C2: Plant | D2: Product | E2: IN in Kg | F2: Sorting | G2: Bran | H2: Floor Atta | I2: Process Loss | J2: Total Wastage | K2: OUT in Kg | L2: Manpower | M2: Shift | N2: Yield %
F3: Grader | G3: Sieve | H3: Floor | I3: Process Loss
A4: 46082 | B4: 3&4 | C4: C39 | D4: Multigrain | E4: 5100 | F4: 3.8 | G4: 72 | H4: 15 | I4: 149.2 | J4: =F4+G4+H4+I4 -> 240 | K4: 4860 | L4: 9 | M4: Day | N4: =K4/E4*100 -> 95.294118 | O4: =K4+J4 -> 5100 | P4: =E4-O4 -> 0
A5: 46082 | B5: 3&4 | C5: C39 | D5: Multigrain | E5: 720 | F5: 1.5 | G5: 12 | H5: 5 | I5: 21.5 | J5: =F5+G5+H5+I5 -> 40 | K5: 680 | L5: 6 | M5: Night | N5: =K5/E5*100 -> 94.444444 | O5: =K5+J5 -> 720 | P5: =E5-O5 -> 0
A6: 46083 | B6: 3&4 | C6: C39 | D6: Multigrain | E6: 3050 | F6: 4.6 | G6: 59 | H6: 6 | I6: 60.4 | J6: =F6+G6+H6+I6 -> 130 | K6: 2920 | L6: 5 | M6: Day | N6: =K6/E6*100 -> 95.737705 | O6: =K6+J6 -> 3050 | P6: =E6-O6 -> 0
A7: 46087 | B7: 3&4 | C7: C39 | D7: Multigrain | E7: 4800 | F7: 2 | G7: 97 | H7: 6 | I7: 105 | J7: =F7+G7+H7+I7 -> 210 | K7: 4590 | L7: 5 | M7: Day | N7: =K7/E7*100 -> 95.625 | O7: =K7+J7 -> 4800 | P7: =E7-O7 -> 0
A8: 46089 | B8: 3&4 | C8: C39 | D8: Multigrain | E8: 5200 | F8: 10 | G8: 95 | H8: 15 | I8: 130 | J8: =F8+G8+H8+I8 -> 250 | K8: 4950 | L8: 6 | M8: DAY | N8: =K8/E8*100 -> 95.192308 | O8: =K8+J8 -> 5200 | P8: =E8-O8 -> 0
A9: 46091 | B9: 3&4 | C9: C39 | D9: Multigrain | E9: 2680 | F9: 20 | G9: 20 | H9: 15.8 | I9: 64.2 | J9: =F9+G9+H9+I9 -> 120 | K9: 2560 | L9: 7 | M9: DAY | N9: =K9/E9*100 -> 95.522388 | O9: =K9+J9 -> 2680 | P9: =E9-O9 -> 0
A10: 46091 | B10: 3&4 | C10: C39 | D10: Multigrain | E10: 1920 | F10: 15 | G10: 15 | H10: 3 | I10: 47 | J10: =F10+G10+H10+I10 -> 80 | K10: 1840 | L10: 4 | M10: Night | N10: =K10/E10*100 -> 95.833333 | O10: =K10+J10 -> 1920 | P10: =E10-O10 -> 0
A11: 46092 | B11: 3&4 | C11: C39 | D11: Multigrain | E11: 2830 | F11: 12 | G11: 55 | H11: 7 | I11: 56 | J11: =F11+G11+H11+I11 -> 130 | K11: 2700 | L11: 4 | M11: Day | N11: 95.4 | O11: =K11+J11 -> 2830 | P11: =E11-O11 -> 0
A12: 46094 | B12: Pulveriser | C12: C39 | D12: Besan atta | E12: 255 | F12: 0 | G12: 0 | H12: 1.2 | I12: 4 | J12: =F12+G12+H12+I12 -> 5.2 | K12: 250 | L12: 1 | M12: DAY | N12: =K12/E12*100 -> 98.039216 | O12: =K12+J12 -> 255.2 | P12: =E12-O12 -> -0.2
A13: 46094 | B13: Pulveriser | C13: C39 | D13: Besan | E13: =500+200 -> 700 | F13: 0 | G13: 0 | H13: 3.5 | I13: 0 | J13: =F13+G13+H13+I13 -> 3.5 | K13: =460+186 -> 646 | L13: 1 | M13: DAY | N13: 92 | O13: =K13+J13 -> 649.5 | P13: =E13-O13 -> 50.5
A14: 46094 | B14: 1,3&4 | C14: C39 | D14: khapli | E14: 4150 | F14: 42 | G14: 56 | H14: 12 | I14: 120 | J14: =F14+G14+H14+I14 -> 230 | K14: 3920 | L14: 5 | M14: Day | N14: =K14/E14*100 -> 94.457831 | O14: =K14+J14 -> 4150 | P14: =E14-O14 -> 0
A15: 46095 | B15: 1,3&4 | C15: C39 | D15: khapli | E15: 6600 | F15: 43 | G15: 89 | H15: 16 | I15: 196 | J15: =F15+G15+H15+I15 -> 344 | K15: 6256 | L15: 4 | M15: Day | N15: =K15/E15*100 -> 94.787879 | O15: =K15+J15 -> 6600 | P15: =E15-O15 -> 0
A16: 46096 | B16: 1&3&4 | C16: C39 | D16: Khapli | E16: 6300 | F16: 46 | G16: 84 | H16: 140 | I16: 160 | J16: =F16+G16+H16+I16 -> 430 | K16: 6000 | L16: 4 | M16: DAY | N16: =K16/E16*100 -> 95.238095 | O16: =K16+J16 -> 6430 | P16: =E16-O16 -> -130
A17: 46097 | B17: 1&3&4 | C17: C39 | D17: khapli | E17: 4300 | F17: 30 | G17: 54 | H17: 94 | I17: 86 | J17: =F17+G17+H17+I17 -> 264 | K17: 4120 | L17: 4 | M17: DAY | N17: =K17/E17*100 -> 95.813953 | O17: =K17+J17 -> 4384 | P17: =E17-O17 -> -84
A18: 46099 | B18: 1,2,3&4 | C18: C39 | D18: khapli | E18: 6400 | F18: 32 | G18: 58 | H18: 16 | I18: 94 | J18: =F18+G18+H18+I18 -> 200 | K18: 6200 | L18: 5 | M18: Day | N18: =K18/E18*100 -> 96.875 | O18: =K18+J18 -> 6400 | P18: =E18-O18 -> 0
A19: 46101 | B19: 1,2,3&4 | C19: C39 | D19: multigrain | E19: 5500 | F19: 4 | G19: 110 | H19: 15 | I19: 179 | J19: =F19+G19+H19+I19 -> 308 | K19: 5200 | L19: 5 | M19: Day | N19: =K19/E19*100 -> 94.545455 | O19: =K19+J19 -> 5508 | P19: =E19-O19 -> -8
A20: 46102 | B20: 1,2,3&4 | C20: C39 | D20: multigrain | E20: 6500 | F20: 6 | G20: 127 | H20: 15 | I20: 192 | J20: =F20+G20+H20+I20 -> 340 | K20: 6160 | L20: 5 | M20: Day | N20: =K20/E20*100 -> 94.769231 | O20: =K20+J20 -> 6500 | P20: =E20-O20 -> 0
A21: 46103 | B21: 1,2,3&4 | C21: C39 | D21: multigrain | E21: 3600 | F21: 4.5 | G21: 67 | H21: 9 | I21: 159.5 | J21: =F21+G21+H21+I21 -> 240 | K21: 3360 | L21: 4 | M21: day | N21: 93.33 | O21: =K21+J21 -> 3600 | P21: =E21-O21 -> 0
A22: 46105 | B22: 1,2,3&4 | C22: C39 | D22: multigrain | E22: 5900 | F22: 6 | G22: 135 | H22: 15 | I22: 144 | J22: =F22+G22+H22+I22 -> 300 | K22: 5600 | L22: 4 | M22: day | N22: =K22/E22*100 -> 94.915254 | O22: =K22+J22 -> 5900 | P22: =E22-O22 -> 0
A23: 46106 | B23: 1,2,3&4 | C23: C39 | D23: multigrain | E23: 5700 | F23: 7 | G23: 156 | H23: 15 | I23: 162 | J23: =F23+G23+H23+I23 -> 340 | K23: 5360 | L23: 4 | M23: day | N23: =K23/E23*100 -> 94.035088 | O23: =K23+J23 -> 5700 | P23: =E23-O23 -> 0
A24: 46108 | B24: 1,2,3&4 | C24: C39 | D24: multigrain | E24: 4850 | F24: 6 | G24: 104 | H24: 12 | I24: 128 | J24: =F24+G24+H24+I24 -> 250 | K24: 4600 | L24: 4 | M24: day | N24: =K24/E24*100 -> 94.845361 | O24: =K24+J24 -> 4850 | P24: =E24-O24 -> 0
A25: 46109 | B25: 1,2,3&4 | C25: C39 | D25: multigrain | E25: 4500 | F25: 4 | G25: 112 | H25: 16 | I25: 168 | J25: =F25+G25+H25+I25 -> 300 | K25: 4200 | L25: 4 | N25: =K25/E25*100 -> 93.333333 | O25: =K25+J25 -> 4500 | P25: =E25-O25 -> 0
A26: 46110 | B26: 1,2,3&4 | C26: c39 | D26: multigrain | E26: 2050 | F26: 4 | G26: 45 | H26: 11 | I26: 72 | J26: =4+45+11+72 -> 132 | K26: 1920 | L26: 4 | M26: Day | N26: =K26/E26*100 -> 93.658537 | O26: =K26+J26 -> 2052 | P26: =E26-O26 -> -2
A27: 46111 | B27: 1,2,3&4 | C27: c39 | D27: multigrain | E27: 4260 | F27: 7 | G27: 90 | H27: 10 | I27: 153 | J27: 260 | K27: 4000 | L27: 4 | M27: DAY | N27: =K27/E27*100 -> 93.896714 | O27: =K27+J27 -> 4260 | P27: =E27-O27 -> 0
A28: 46112 | B28: 1,2,3&4 | C28: c39 | D28: multigrain | E28: 8000 | F28: 8 | G28: 470 | H28: 16 | I28: 226 | J28: =F28+G28+H28+I28 -> 720 | K28: 7280 | L28: 5 | M28: DAY | N28: =K28/E28*100 -> 91 | O28: =K28+J28 -> 8000 | P28: =E28-O28 -> 0

Sheet C6 APRIL
A1: Atta Production Report
A2: Date | B2: Machine | C2: Plant | D2: Product | E2: IN in Kg | F2: Sorting | G2: Bran | H2: Floor Atta | I2: Process Loss | J2: Total Wastage | K2: OUT in Kg | L2: Manpower | M2: SHIFT | N2: Yield % | O2: Cross Verification
F3: Grader | G3: Sieve | H3: Floor | I3: Process Loss
A4: 46113 | B4: Chakki1,2,3 | C4: C6 | D4: Khapli wheat | E4: 1000 | F4: 6 | G4: 1 | H4: 1 | I4: 42 | J4: =I4+H4+G4+F4 -> 50 | K4: 950 | L4: 3 | M4: Night | N4: =K4/E4*100 -> 95 | O4: =K4+J4 -> 1000 | P4: =E4-O4 -> 0
A5: 46114 | B5: Chakki1,2,3 | C5: C6 | D5: Khapli wheat | E5: 1050 | F5: 0 | G5: 6 | H5: 1 | I5: 66 | J5: =I5+H5+G5+F5 -> 73 | K5: 977 | L5: 3 | M5: Night | N5: =K5/E5*100 -> 93.047619 | O5: =K5+J5 -> 1050 | P5: =E5-O5 -> 0
A6: 46118 | B6: Chakki1,2,3 | C6: C6 | D6: Khapli wheat | E6: 1150 | F6: 7 | G6: 26 | H6: 1.5 | I6: 80.5 | J6: =I6+H6+G6+F6 -> 115 | K6: 1035 | L6: 4 | M6: Night | N6: =K6/E6*100 -> 90 | O6: =K6+J6 -> 1150 | P6: =E6-O6 -> 0
A7: 46116 | B7: Chakki 1 | C7: C6 | D7: Khapli wheat | E7: 720 | F7: 3 | G7: 10 | H7: 1 | I7: 45 | J7: =I7+H7+G7+F7 -> 59 | K7: 661 | L7: 3 | M7: Day | N7: =K7/E7*100 -> 91.805556 | O7: =K7+J7 -> 720 | P7: =E7-O7 -> 0
A8: 46119 | B8: Chakki1,2,3 | C8: C6 | D8: Khapli wheat | E8: 720 | F8: 1 | G8: 10 | H8: 1 | I8: 28 | J8: =I8+H8+G8+F8 -> 40 | K8: 680 | L8: 2 | M8: Day | N8: =K8/E8*100 -> 94.444444 | O8: =K8+J8 -> 720 | P8: =E8-O8 -> 0
A9: 46120 | B9: Chakki1,2,3 | C9: C6 | D9: Khapli wheat | E9: 850 | F9: 2.5 | G9: 15 | H9: 2 | I9: 40.5 | J9: =I9+H9+G9+F9 -> 60 | K9: 790 | L9: 3 | M9: Night | N9: =K9/E9*100 -> 92.941176 | O9: =K9+J9 -> 850 | P9: =E9-O9 -> 0
A10: 46120 | B10: Chakki1,2,3 | C10: C6 | D10: Khapli wheat | E10: 1200 | F10: 3 | G10: 30 | H10: 2 | I10: 65 | J10: =I10+H10+G10+F10 -> 100 | K10: 1100 | L10: 3 | M10: Day | N10: =K10/E10*100 -> 91.666667 | O10: =K10+J10 -> 1200 | P10: =E10-O10 -> 0
A11: 46121 | B11: Chakki1,2,3 | C11: C6 | D11: Khapli wheat | E11: 900 | F11: 2.5 | G11: 16 | H11: 2 | I11: 56.5 | J11: =I11+H11+G11+F11 -> 77 | K11: 823 | L11: 3 | M11: Day | N11: =K11/E11*100 -> 91.444444 | O11: =K11+J11 -> 900 | P11: =E11-O11 -> 0
A12: 46121 | B12: Chakki1,2,3 | C12: C6 | D12: Bajra | E12: 720 | F12: 2 | G12: 5 | H12: 1 | I12: 62 | J12: =I12+H12+G12+F12 -> 70 | K12: 650 | L12: 3 | M12: Night | N12: =K12/E12*100 -> 90.277778 | O12: =K12+J12 -> 720 | P12: =E12-O12 -> 0
A13: 46122 | B13: Chakki1,2,3 | C13: C6 | D13: Bajra | E13: 1500 | F13: 4.5 | G13: 15 | H13: 2 | I13: 108.5 | J13: =I13+H13+G13+F13 -> 130 | K13: 1370 | L13: 3 | M13: Night | N13: =K13/E13*100 -> 91.333333 | O13: =K13+J13 -> 1500 | P13: =E13-O13 -> 0
A14: 46123 | B14: Chakki1,2,3 | C14: C6 | D14: Bajra | E14: 1200 | F14: 4 | G14: 29 | H14: 2 | I14: 69 | J14: =G14+H14+I14 -> 100 | K14: 1100 | L14: 2 | M14: Day | N14: =K14/E14*100 -> 91.666667 | O14: =K14+J14 -> 1200 | P14: =E14-O14 -> 0
A15: 46123 | B15: Chakki1,2,3 | C15: C6 | D15: Bajra | E15: 420 | F15: 3 | G15: 8 | H15: 1 | I15: 31 | J15: =I15+H15+G15 -> 40 | K15: 380 | L15: 2 | M15: Night | N15: =K15/E15*100 -> 90.47619 | O15: =K15+J15 -> 420 | P15: =E15-O15 -> 0
A16: 46123 | B16: Chakki1,2,3 | C16: C6 | D16: jowar | E16: 944 | F16: 0 | G16: 20 | H16: 1 | I16: 56 | J16: =I16+H16+G16 -> 77 | K16: 867 | L16: 2 | M16: Night | N16: =K16/E16*100 -> 91.84322 | O16: =K16+J16 -> 944 | P16: =E16-O16 -> 0
A17: 46125 | B17: Chakki1,2,3 | C17: C6 | D17: Jowar | E17: 1800 | F17: 7 | G17: 36 | H17: 1 | I17: 113 | J17: =I17+H17+G17 -> 150 | K17: 1650 | L17: 2 | M17: Day | N17: =K17/E17*100 -> 91.666667 | O17: =K17+J17 -> 1800 | P17: =E17-O17 -> 0
A18: 46125 | B18: Chakki1,2,3 | C18: C6 | D18: Jowar | E18: 1420 | F18: 5 | G18: 15 | H18: 1 | I18: 84 | J18: =I18+H18+G18 -> 100 | K18: 1320 | L18: 2 | M18: Night | N18: =K18/E18*100 -> 92.957746 | O18: =K18+J18 -> 1420 | P18: =E18-O18 -> 0
A19: 46126 | B19: Chakki1,2,3 | C19: C6 | D19: Jowar | E19: 1450 | F19: 6 | G19: 60 | H19: 3 | I19: 38 | J19: =I19+H19+G19 -> 101 | K19: 1349 | L19: 2 | M19: Day | N19: =K19/E19*100 -> 93.034483 | O19: =K19+J19 -> 1450 | P19: =E19-O19 -> 0
A20: 46127 | B20: Chakki1,2,3 | C20: C6 | D20: Jowar | E20: 195 | F20: 1 | G20: 3 | H20: 1 | I20: 16 | J20: =I20+H20+G20 -> 20 | K20: 175 | L20: 2 | M20: Day | N20: =K20/E20*100 -> 89.74359 | O20: =K20+J20 -> 195 | P20: =E20-O20 -> 0
A21: 46128 | B21: Chakki1,2,3 | C21: C6 | D21: Khapli wheat | E21: 1450 | F21: 5 | G21: 32 | H21: 2 | I21: 86 | J21: =I21+H21+G21 -> 120 | K21: 1330 | L21: 2 | M21: Night | N21: =K21/E21*100 -> 91.724138 | O21: =K21+J21 -> 1450 | P21: =E21-O21 -> 0
A22: 46129 | B22: Chakki1,2,3 | C22: C6 | D22: Khapli wheat | E22: 2000 | F22: 9 | G22: 21 | H22: 2 | I22: 81 | J22: =I22+H22+G22 -> 104 | K22: 1896 | L22: 2 | M22: Day | N22: =K22/E22*100 -> 94.8 | O22: =K22+J22 -> 2000 | P22: =E22-O22 -> 0
A23: 46129 | B23: Chakki1,2,3 | C23: C6 | D23: Khapli wheat | E23: 1570 | F23: 0 | G23: 10 | H23: 2 | I23: 123 | J23: =I23+H23+G23 -> 135 | K23: 1435 | L23: 3 | M23: Night | N23: =K23/E23*100 -> 91.401274 | O23: =K23+J23 -> 1570 | P23: =E23-O23 -> 0
A24: 46130 | B24: Chakki1,2,3 | C24: C6 | D24: Khapli wheat | E24: 2550 | F24: 15 | G24: 12 | H24: 4 | I24: 207 | J24: =I24+H24+G24 -> 223 | K24: 2327 | L24: 2 | M24: Day | N24: =K24/E24*100 -> 91.254902 | O24: =K24+J24 -> 2550 | P24: =E24-O24 -> 0
A25: 46130 | B25: Chakki1,2,3 | C25: C6 | D25: Khapli wheat | E25: 2300 | F25: 0 | G25: 10 | H25: 2 | I25: 177 | J25: =I25+H25+G25 -> 189 | K25: 2111 | L25: 3 | M25: Night | N25: =K25/E25*100 -> 91.782609 | O25: =K25+J25 -> 2300 | P25: =E25-O25 -> 0
A26: 46128 | B26: Chakki 1&2 | C26: C6 | D26: Protein Atta | E26: 2425 | F26: 15 | G26: 18 | H26: 3 | I26: 124 | J26: =I26+H26+G26 -> 145 | K26: 2280 | L26: 3 | M26: Day | N26: =K26/E26*100 -> 94.020619 | O26: =K26+J26 -> 2425 | P26: =E26-O26 -> 0
... A28: 46133 | B28: Chakki1,2,3 | C28: C6 | D28: Multigrains | E28: 2550 | F28: 24 | G28: 18 | H28: 2 | I28: 180 | J28: =I28+H28+G28 -> 200 | K28: 2350 | L28: 3 | M28: Night | N28: =K28/E28*100 -> 92.156863 | O28: =K28+J28 -> 2550 | P28: =E28-O28 -> 0
A29: 46133 | B29: Chakki1,2,3 | C29: C6 | D29: Multigrains | E29: 2100 | F29: 17 | G29: 18 | H29: 3 | I29: 149 | J29: =I29+H29+G29 -> 170 | K29: 1930 | N29: =K29/E29*100 -> 91.904762 | O29: =K29+J29 -> 2100 | P29: =E29-O29 -> 0
A30: 46134 | B30: Chakki1,2,3 | C30: C6 | D30: Multigrains | E30: 3200 | F30: 27 | G30: 51 | H30: 3 | I30: 196 | J30: =I30+H30+G30 -> 250 | K30: 2950 | L30: 3 | M30: Day | N30: =K30/E30*100 -> 92.1875 | O30: =K30+J30 -> 3200 | P30: =E30-O30 -> 0
A31: 46134 | B31: Chakki1,2,3 | C31: C6 | D31: Multigrains | E31: 2250 | F31: 13 | G31: 12 | H31: 2 | I31: 156 | J31: =I31+H31+G31 -> 170 | K31: 2080 | L31: 3 | M31: Night | N31: =K31/E31*100 -> 92.444444 | O31: =K31+J31 -> 2250 | P31: =E31-O31 -> 0
A32: 46135 | B32: Chakki1,2,3 | C32: C6 | D32: Multigrains | E32: 2000 | F32: 11 | G32: 10 | H32: 2 | I32: 160 | J32: =I32+H32+G32 -> 172 | K32: 1828 | L32: 3 | M32: Day | N32: =K32/E32*100 -> 91.4 | O32: =K32+J32 -> 2000 | P32: =E32-O32 -> 0
A33: 46135 | B33: Chakki1,2,3 | C33: C6 | D33: Multigrains | E33: 2000 | F33: 10 | G33: 17 | H33: 2 | I33: 131 | J33: =I33+H33+G33 -> 150 | K33: 1850 | L33: 3 | M33: Night | N33: =K33/E33*100 -> 92.5 | O33: =K33+J33 -> 2000 | P33: =E33-O33 -> 0
A34: 46135 | B34: Chakki1,2,3 | C34: C6 | D34: Protein Atta | E34: 1261 | F34: 0 | G34: 8 | H34: 8 | I34: 62 | J34: =I34+H34+G34 -> 78 | K34: 1183 | L34: 3 | M34: Night | N34: =K34/E34*100 -> 93.814433 | O34: =K34+J34 -> 1261 | P34: =E34-O34 -> 0
A35: 46136 | B35: Chakki1,2,3 | C35: C6 | D35: Multigrains | E35: 3100 | F35: 15 | G35: 55 | H35: 2 | I35: 173 | J35: =I35+H35+G35 -> 230 | K35: 2870 | L35: 3 | M35: Day | N35: =K35/E35*100 -> 92.580645 | O35: =K35+J35 -> 3100 | P35: =E35-O35 -> 0
A36: 46136 | B36: Chakki1,2,3 | C36: C6 | D36: Multigrains | E36: 2850 | F36: 17 | G36: 48 | H36: 2 | I36: 170 | J36: =I36+H36+G36 -> 220 | K36: 2630 | L36: 3 | M36: Night | N36: =K36/E36*100 -> 92.280702 | O36: =K36+J36 -> 2850 | P36: =E36-O36 -> 0
A37: 46139 | B37: Chakki1,2,3 | C37: C6 | D37: Multigrains | E37: 2100 | F37: 14 | G37: 24 | H37: 2 | I37: 134 | J37: =I37+H37+G37 -> 160 | K37: 1940 | L37: 3 | M37: Day | N37: =K37/E37*100 -> 92.380952 | O37: =K37+J37 -> 2100 | P37: =E37-O37 -> 0
A38: 46140 | B38: Chakki1,2,3 | C38: C6 | D38: Bajra | E38: 535 | F38: 1 | G38: 3 | H38: 10 | I38: 37 | J38: =I38+H38+G38 -> 50 | K38: 485 | L38: 3 | M38: Day | N38: =K38/E38*100 -> 90.654206 | O38: =K38+J38 -> 535 | P38: =E38-O38 -> 0
A39: 46141 | B39: Chakki1,2,3 | C39: C6 | D39: Jowar | E39: 2870 | F39: 14 | G39: 39 | H39: 2 | I39: 193 | J39: =I39+H39+G39 -> 234 | K39: 2636 | L39: 3 | M39: Night | N39: =K39/E39*100 -> 91.84669 | O39: =K39+J39 -> 2870 | P39: =E39-O39 -> 0
A40: 46142 | B40: Chakki1,2,3 | C40: C6 | D40: Bajra | E40: 225 | F40: 1 | G40: 8 | H40: 2 | I40: 11 | J40: =I40+H40+G40 -> 21 | K40: 204 | L40: 3 | M40: Day | N40: =K40/E40*100 -> 90.666667 | O40: =K40+J40 -> 225 | P40: =E40-O40 -> 0
A41: 46142 | B41: Chakki1,2,3 | C41: C6 | D41: Jowar | E41: 340 | F41: 1 | G41: 15 | H41: 2 | I41: 18 | J41: =SUM(F41:I41) -> 36 | K41: 305 | L41: 3 | M41: Day | N41: =K41/E41*100 -> 89.705882 | O41: =K41+J41 -> 341 | P41: =E41-O41 -> -1
A42: 46142 | B42: Chakki1,2,3 | C42: C6 | D42: Jowar | E42: 2940 | F42: 9 | G42: 31 | H42: 2 | I42: 173 | J42: =SUM(F42:I42) -> 215 | K42: 2725 | L42: 3 | M42: NIGHT | N42: =K42/E42*100 -> 92.687075 | O42: =K42+J42 -> 2940 | P42: =E42-O42 -> 0
N45: =AVERAGE(#REF!) -> #REF!
I46: Total | N46: Avarage
I47: Total Cost
I48: Cost Per kg
Q56: =1.2+1.5 -> 2.7 | R56: 3280 | S56: =Q56/R56 -> 0.00082317073
Q57: 4 | R57: 2300 | S57: =Q57/R57 -> 0.0017391304
Q58: 11.7 | R58: 3600 | S58: =Q58/R58 -> 0.00325
Q59: 5.1 | R59: 2460 | S59: =Q59/R59 -> 0.0020731707
Q60: 0 | R60: 0 | S60: =Q60/R60 -> #DIV/0!
Q61: 0 | R61: 0 | S61: =Q61/R61 -> #DIV/0!
Q62: 0 | R62: 0 | S62: =Q62/R62 -> #DIV/0!
Q63: 0 | R63: 0 | S63: =Q63/R63 -> #DIV/0!
Q64: 0 | R64: 0 | S64: =Q64/R64 -> #DIV/0!

Sheet C39 APRIL
A1: Atta Production Report
A2: Date | B2: Machine | C2: Plant | D2: Product | E2: IN in Kg | F2: Sorting | G2: Bran | H2: Floor Atta | I2: Process Loss | J2: Total Wastage | K2: OUT in Kg | L2: Manpower | M2: Shift | N2: Yield % | O2: Cross Verification
F3: Grader | G3: Sieve | H3: Floor | I3: Process Loss
A4: 46113 | B4: 1,2,3&4 | C4: C39 | D4: multigrain | E4: 7600 | F4: 7 | G4: 463 | H4: 12 | I4: 272 | J4: 754 | K4: 6846 | L4: 5 | M4: Day | N4: =K4/E4*100 -> 90.078947 | O4: =K4+J4 -> 7600 | P4: =E4-O4 -> 0
A5: 46114 | B5: 1,2,3&4 | C5: C39 | D5: multigrain | E5: 6500 | F5: 8 | G5: 420 | H5: 16 | I5: 189 | J5: =I5+H5+G5+F5 -> 633 | K5: 5867 | L5: 5 | M5: Day | N5: =K5/E5*100 -> 90.261538 | O5: =K5+J5 -> 6500 | P5: =E5-O5 -> 0
A6: 46115 | B6: 123&4 | C6: C39 | D6: multigrain | E6: 6800 | F6: 9 | G6: 310 | H6: 22 | I6: 119 | J6: 560 | K6: 6340 | L6: 5 | M6: Day | N6: =K6/E6*100 -> 93.235294 | O6: 6800 | P6: =E6-O6 -> 0
A7: 46116 | B7: 123&4 | C7: C39 | D7: multigrain | E7: 4750 | F7: 6 | G7: 300 | H7: 18 | I7: 91 | J7: =6+300+18+91 -> 415 | K7: 4335 | L7: 5 | M7: Day | N7: =K7/E7*100 -> 91.263158 | O7: =K7+J7 -> 4750 | P7: =E7-O7 -> 0
A8: 46117 | B8: 123&4 | C8: C39 | D8: multigrain | E8: 5500 | F8: 6 | G8: 280 | H8: 18 | I8: 96 | J8: =SUM(F8:I8) -> 400 | K8: 5100 | L8: 5 | M8: Day | N8: =K8/E8*100 -> 92.727273 | O8: =K8+J8 -> 5500 | P8: =E8-O8 -> 0
A9: 46118 | B9: 123&4 | C9: C39 | D9: multigrain | E9: 5000 | F9: 6 | G9: 240 | H9: 22 | I9: 82 | J9: =SUM(F9:I9) -> 350 | K9: 4650 | L9: 6 | M9: Day | N9: =K9/E9*100 -> 93 | O9: =K9+J9 -> 5000 | P9: =E9-O9 -> 0
A10: 46119 | B10: 123&4 | C10: C39 | D10: multigrain | E10: 4650 | F10: 9 | G10: 160 | H10: 10 | I10: 141 | J10: =SUM(F10:I10) -> 320 | K10: 4330 | L10: 7 | M10: Day | N10: =K10/E10*100 -> 93.11828 | O10: =K10+J10 -> 4650 | P10: =E10-O10 -> 0
A11: 46120 | B11: 123&4 | C11: C39 | D11: multigrain | E11: 5400 | F11: 8 | G11: 240 | H11: 12 | I11: 165 | J11: =SUM(F11:I11) -> 425 | K11: 4975 | L11: 6 | M11: Day | N11: =K11/E11*100 -> 92.12963 | O11: =K11+J11 -> 5400 | P11: =E11-O11 -> 0
A12: 46121 | B12: 123&4 | C12: C39 | D12: multigrain | E12: 7600 | F12: 12 | G12: 230 | H12: 18 | I12: 290 | J12: =SUM(F12:I12) -> 550 | K12: 7050 | L12: 6 | M12: Day | N12: =K12/E12*100 -> 92.763158 | O12: =K12+J12 -> 7600 | P12: =E12-O12 -> 0
A13: 46122 | B13: 123&4 | C13: C39 | D13: multigrain | E13: 7000 | F13: 9 | G13: 210 | H13: 12 | I13: 254 | J13: =SUM(F13:I13) -> 485 | K13: 6515 | L13: 6 | M13: Day | N13: =K13/E13*100 -> 93.071429 | O13: =K13+J13 -> 7000 | P13: =E13-O13 -> 0
A14: 46123 | B14: 123&4 | C14: C39 | D14: multigrain | E14: 7400 | F14: 12 | G14: 175 | H14: 18 | I14: 175 | J14: =SUM(F14:I14) -> 380 | K14: 7020 | L14: 6 | M14: Day | N14: =K14/E14*100 -> 94.864865 | O14: =K14+J14 -> 7400 | P14: =E14-O14 -> 0
A15: 46124 | B15: 123&4 | C15: C39 | D15: multigrain | E15: 5900 | F15: 10 | G15: 160 | H15: 19 | I15: 181 | J15: =SUM(F15:I15) -> 370 | K15: 5530 | L15: 6 | M15: Day | N15: =K15/E15*100 -> 93.728814 | O15: =K15+J15 -> 5900 | P15: =E15-O15 -> 0
A16: 46125 | B16: 123&4 | C16: C39 | D16: multigrain | E16: 3000 | F16: 8 | G16: 98 | H16: 28 | I16: 66 | J16: =SUM(F16:I16) -> 200 | K16: 2800 | L16: 6 | M16: day | N16: =K16/E16*100 -> 93.333333 | O16: =K16+J16 -> 3000 | P16: =E16-O16 -> 0
A17: 46126 | B17: 123&4 | C17: C39 | D17: multigrain | E17: 7000 | F17: 10 | G17: 198 | H17: 16 | I17: 236 | J17: =SUM(F17:I17) -> 460 | K17: 6540 | L17: 6 | M17: day | N17: =K17/E17*100 -> 93.428571 | O17: =K17+J17 -> 7000 | P17: =E17-O17 -> 0
A18: 46127 | B18: 123&4 | C18: C39 | D18: multigrain | E18: 2150 | F18: 16 | G18: 55 | H18: 15 | I18: 64 | J18: =SUM(F18:I18) -> 150 | K18: 2000 | L18: 6 | M18: Day | N18: =K18/E18*100 -> 93.023256 | O18: =K18+J18 -> 2150 | P18: =E18-O18 -> 0
A19: 46129 | B19: 123&4 | C19: C39 | D19: multigrain | E19: 5000 | F19: 5 | G19: 137 | H19: 18 | I19: 140 | J19: =SUM(F19:I19) -> 300 | K19: 4700 | L19: 5 | M19: day | N19: =K19/E19*100 -> 94 | O19: =K19+J19 -> 5000 | P19: =E19-O19 -> 0
A20: 46132 | B20: 123&4 | C20: C39 | D20: khapli Grains | E20: 950 | F20: 12 | G20: 40 | H20: 15 | I20: 33 | J20: 100 | K20: 850 | L20: 4 | M20: Day | N20: =K20/E20*100 -> 89.473684 | O20: =K20+J20 -> 950 | P20: =E20-O20 -> 0
A21: 46133 | B21: 123&4 | C21: C39 | D21: khapli Grains | E21: 8600 | F21: 90 | G21: 142 | H21: 38 | I21: 330 | J21: 600 | K21: 8000 | L21: 4 | M21: Day | N21: =K21/E21*100 -> 93.023256 | O21: =K21+J21 -> 8600 | P21: =E21-O21 -> 0
A22: 46134 | B22: 123&4 | C22: C39 | D22: khapli Grains | E22: 6512 | F22: 84 | G22: 106 | H22: 25 | I22: 297 | J22: 512 | K22: 6000 | L22: 4 | M22: Day | N22: =K22/E22*100 -> 92.137592 | O22: =K22+J22 -> 6512 | P22: =E22-O22 -> 0
A23: 46135 | B23: 123&4 | C23: C39 | D23: khapli Grains | E23: 7000 | F23: 70 | G23: 128 | H23: 22 | I23: 280 | J23: 500 | K23: 6500 | L23: 4 | M23: Day | N23: =K23/E23*100 -> 92.857143 | O23: =K23+J23 -> 7000 | P23: =E23-O23 -> 0
A24: 46136 | B24: 123&4 | C24: C39 | D24: khapli Grains | E24: 8600 | F24: 95 | G24: 160 | H24: 28 | I24: 355 | J24: 638 | K24: 7962 | L24: 4 | M24: Day | N24: =K24/E24*100 -> 92.581395 | O24: =K24+J24 -> 8600 | P24: =E24-O24 -> 0
A25: 46137 | B25: 123&4 | C25: C39 | D25: khapli Grains | E25: 4900 | F25: 51 | G25: 98 | H25: 25 | I25: 190 | J25: 364 | K25: 4536 | L25: 4 | M25: Day | N25: =K25/E25*100 -> 92.571429 | O25: =K25+J25 -> 4900 | P25: =E25-O25 -> 0
A26: 46139 | B26: 123&4 | C26: C39 | D26: MULTIGRAIN | E26: 7000 | F26: 45 | G26: 265 | H26: 30 | I26: 195 | J26: 530 | K26: 6470 | L26: 4 | M26: Day | N26: =K26/E26*100 -> 92.428571 | O26: =K26+J26 -> 7000 | P26: =E26-O26 -> 0
A27: 46140 | B27: 123&4 | C27: C39 | D27: MULTIGRAIN | E27: 7449 | F27: 52 | G27: 270 | H27: 20 | I27: 215 | J27: 557 | K27: 6892 | L27: 4 | M27: day | N27: 92.4 | O27: =K27+J27 -> 7449 | P27: =E27-O27 -> 0
A28: 46141 | B28: 123&4 | C28: C39 | D28: MULTIGRAIN | E28: 7900 | F28: 85 | G28: 235 | H28: 25 | I28: 222 | J28: =85+235+25+222 -> 567 | K28: 7333 | L28: 4 | M28: DAY | N28: 92.82 | O28: 7900 | P28: =E28-O28 -> 0
A29: 46142 | B29: 123&4 | C29: C39 | D29: MULTIGRAIN | E29: 2000 | F29: 15 | G29: 75 | H29: 15 | I29: 83 | J29: 125 | K29: 1875 | L29: 4 | M29: DAY | N29: 93.75 | O29: 2000 | P29: =E29-O29 -> 0
N32: =AVERAGE(#REF!) -> #REF!
I33: Total | N33: Avarage
I34: Total Cost
I35: Cost Per kg

Sheet C6-MAY
A1: Atta Production Report
A2: Date | B2: Machine | C2: Plant | D2: Product | E2: IN in Kg | F2: Sorting | G2: Bran | H2: Floor Atta | I2: Process Loss | J2: Total Wastage | K2: OUT in Kg | L2: Manpower | M2: Shift | N2: Yield %
F3: Grader | G3: Sieve | H3: Floor | I3: Process Loss | Q3: Remark
A4: 46144 | B4: chakki1,2,3 | C4: C6 | D4: jowar | E4: 1850 | F4: 0 | G4: 41 | H4: 4 | I4: 82.1 | J4: =I4+H4+G4 -> 127.1 | K4: 1722.9 | L4: 3 | M4: DAY | N4: =K4/E4*100 -> 93.12973 | O4: =K4+J4 -> 1850 | P4: =O4-E4 -> 0
A5: 46144 | B5: chakki1,2,3 | C5: C6 | D5: khapli | E5: 1200 | F5: 0 | G5: 48 | H5: 5 | I5: 59 | J5: =I5+H5+G5 -> 112 | K5: 1088 | L5: 3 | M5: DAY | N5: =K5/E5*100 -> 90.666667 | O5: =K5+J5 -> 1200 | P5: =O5-E5 -> 0
A6: 46146 | B6: chakki1,2,3 | C6: C6 | D6: khapli | E6: 3100 | F6: 25 | G6: 70 | H6: 5 | I6: 100 | J6: =I6+H6+G6+F6 -> 200 | K6: 2900 | L6: 4 | M6: DAY | N6: =K6/E6*100 -> 93.548387 | O6: =K6+J6 -> 3100 | P6: =O6-E6 -> 0
A7: 46147 | B7: chakki1,2,3 | C7: C6 | D7: khapli | E7: 2450 | F7: 10 | G7: 105 | H7: 16 | I7: 99 | J7: =I7+H7+G7+F7 -> 230 | K7: 2220 | L7: 3 | M7: DAY | N7: =K7/E7*100 -> 90.612245 | O7: =K7+J7 -> 2450 | P7: =O7-E7 -> 0
A8: 46148 | B8: chakki1,2,3 | C8: C6 | D8: khapli | E8: 2650 | F8: 12 | G8: 35 | H8: 6 | I8: 89 | J8: =F8+G8+H8+I8 -> 142 | K8: 2508 | L8: 3 | M8: DAY | N8: =K8/E8*100 -> 94.641509 | O8: =K8+J8 -> 2650 | P8: =O8-E8 -> 0
A9: 46149 | B9: chakki1,2,3 | C9: C6 | D9: khapli | E9: 750 | F9: 7 | G9: 10 | H9: 3 | I9: 30 | J9: =F9+G9+H9+I9 -> 50 | K9: 700 | L9: 4 | M9: DAY | N9: =K9/E9*100 -> 93.333333 | O9: =K9+J9 -> 750 | P9: =O9-E9 -> 0
A10: 46150 | B10: chakki1,2,3 | C10: C6 | D10: khapli Multigrain | E10: 2700 | F10: 20 | G10: 35 | H10: 5 | I10: 110 | J10: =F10+G10+H10+I10 -> 170 | K10: 2530 | L10: 3 | M10: DAY | N10: =K10/E10*100 -> 93.703704 | O10: =K10+J10 -> 2700 | P10: =O10-E10 -> 0
A11: 46151 | B11: chakki1,2,3 | C11: C6 | D11: khapli Multigrain | E11: 300 | F11: 5 | G11: 4 | H11: 1 | I11: 10 | J11: =F11+G11+H11+I11 -> 20 | K11: 280 | L11: 4 | M11: DAY | N11: =K11/E11*100 -> 93.333333 | O11: =K11+J11 -> 300 | P11: =O11-E11 -> 0
A12: 46151 | B12: chakki1,2,3 | C12: NEW PLANT | D12: HIGH PROTEIN ATTA | E12: 1455 | F12: 2 | G12: 30 | H12: 7 | I12: 70 | J12: =F12+G12+H12+I12 -> 109 | K12: 1346 | L12: 4 | M12: DAY | N12: =K12/E12*100 -> 92.508591 | O12: =K12+J12 -> 1455 | P12: =O12-E12 -> 0
A13: 46153 | B13: chakki1,2,3 | C13: NEW PLANT | D13: HIGH PROTEIN ATTA | E13: 1649 | F13: 0 | G13: 43 | H13: 3 | I13: 75 | J13: =G13+H13+I13 -> 121 | K13: 1528 | L13: 3 | M13: DAY | N13: =K13/E13*100 -> 92.66222 | O13: =K13+J13 -> 1649 | P13: =O13-E13 -> 0
A14: 46154 | B14: chakki1,2,3 | C14: NEW PLANT | D14: HIGH PROTEIN ATTA | E14: 2122 | F14: 15 | G14: 35 | H14: 5 | I14: 112 | J14: =SUM(F14:I14) -> 167 | K14: 1955 | L14: 3 | M14: DAY | N14: =K14/E14*100 -> 92.130066 | O14: =K14+J14 -> 2122 | P14: =O14-E14 -> 0
A15: 46154 | B15: chakki1,2,3 | C15: C6 | D15: khapli Multigrain | E15: 1500 | F15: 15 | G15: 25 | H15: 5 | I15: 105 | J15: =SUM(F15:I15) -> 150 | K15: 1350 | L15: 3 | M15: DAY | N15: =K15/E15*100 -> 90 | O15: =K15+J15 -> 1500 | P15: =O15-E15 -> 0
A16: 46155 | B16: chakki1,2,3 | C16: C6 | D16: HIGH PROTEIN ATTA | E16: 2095 | F16: 5 | G16: 34 | H16: 5 | I16: 90 | J16: 135 | K16: 1960 | L16: 4 | M16: DAY | N16: =K16/E16*100 -> 93.556086 | O16: =K16+J16 -> 2095 | P16: =O16-E16 -> 0
A17: 46156 | B17: chakki1,2,3 | C17: C6 | D17: khapli | E17: 2400 | F17: 10 | G17: 40 | H17: 2 | I17: 85 | J17: =SUM(F17:I17) -> 137 | K17: 2263 | L17: 3 | M17: DAY | N17: =K17/E17*100 -> 94.291667 | O17: =K17+J17 -> 2400 | P17: =O17-E17 -> 0
A18: 46157 | B18: chakki1,2,3 | C18: C6 | D18: khapli | E18: 2400 | F18: 4 | G18: 40 | H18: 2 | I18: 79 | J18: =SUM(F18:I18) -> 125 | K18: 2275 | L18: 3 | M18: DAY | N18: =K18/E18*100 -> 94.791667 | O18: =K18+J18 -> 2400 | P18: =O18-E18 -> 0
A19: 46158 | B19: chakki1,2,3 | C19: C6 | D19: jowar grains | E19: 1030 | F19: 10 | G19: 14 | H19: 1 | I19: 50 | J19: 76 | K19: 954 | L19: 6 | M19: DAY | N19: =K19/E19*100 -> 92.621359 | O19: =K19+J19 -> 1030 | P19: =O19-E19 -> 0
A20: 46158 | B20: chakki1,2,3 | C20: NEW PLANT | D20: khapli Multigrain | E20: 2350 | F20: 0 | G20: 60 | H20: 2 | I20: 86 | J20: =SUM(F20:I20) -> 148 | K20: 2202 | L20: 6 | M20: DAY | N20: =K20/E20*100 -> 93.702128 | O20: =K20+J20 -> 2350 | P20: =O20-E20 -> 0
A21: 46160 | B21: chakki1,2,3 | C21: NEW PLANT | D21: khapli Multigrain | E21: 3450 | F21: 0 | G21: 77 | H21: 3 | I21: 150 | J21: =SUM(F21:I21) -> 230 | K21: 3220 | L21: 3 | M21: DAY | N21: =K21/E21*100 -> 93.333333 | O21: =K21+J21 -> 3450 | P21: =O21-E21 -> 0
A22: 46160 | B22: chakki1,2,3 | C22: NEW PLANT | D22: HIGH PROTEIN ATTA | E22: 1450 | F22: 0 | G22: 19 | H22: 2 | I22: 55.5 | J22: =SUM(F22:I22) -> 76.5 | K22: 1373.5 | N22: =K22/E22*100 -> 94.724138 | O22: =K22+J22 -> 1450 | P22: =O22-E22 -> 0
A23: 46161 | B23: chakki1,2,3 | C23: NEW PLANT | D23: khapli Multigrain | E23: 1800 | F23: 0 | G23: 45 | H23: 2 | I23: 79 | J23: =SUM(F23:I23) -> 126 | K23: 1674 | L23: 4 | M23: DAY | N23: =K23/E23*100 -> 93 | O23: =K23+J23 -> 1800 | P23: =O23-E23 -> 0
A24: 46161 | B24: chakki1,2,3 | C24: OLD PLANT | D24: KHAPLI | E24: 1050 | F24: 6 | G24: 15 | H24: 1 | I24: 68 | J24: =SUM(F24:I24) -> 90 | K24: 960 | L24: 4 | M24: DAY | N24: =K24/E24*100 -> 91.428571 | O24: =K24+J24 -> 1050 | P24: =O24-E24 -> 0
A25: 46162 | B25: chakki1,2,3 | C25: OLD PLANT | D25: KHAPLI | E25: 820 | F25: 5 | G25: 15 | H25: 1 | I25: 45 | J25: =SUM(F25:I25) -> 66 | K25: 754 | L25: 3 | M25: DAY | N25: =K25/E25*100 -> 91.95122 | O25: =K25+J25 -> 820 | P25: =O25-E25 -> 0
A26: 46162 | B26: chakki1,2,3 | C26: OLD PLANT | D26: JOWAR | E26: 1650 | F26: 0 | G26: 39 | H26: 1 | I26: 90 | J26: =SUM(F26:I26) -> 130 | K26: 1520 | L26: 3 | M26: DAY | N26: =K26/E26*100 -> 92.121212 | O26: =K26+J26 -> 1650 | P26: =O26-E26 -> 0
A27: 46163 | B27: chakki1,2,3 | C27: OLD PLANT | D27: jowar | E27: 350 | F27: 5 | G27: 7 | H27: 1 | I27: 67 | J27: =SUM(F27:I27) -> 80 | K27: 270 | L27: 2 | M27: DAY | N27: =K27/E27*100 -> 77.142857 | O27: =K27+J27 -> 350 | P27: =O27-E27 -> 0
A28: 46163 | B28: chakki1,2,3 | C28: OLD PLANT | D28: HIGH PROTEIN ATTA | E28: 339.5 | F28: 0 | G28: 9 | H28: 0.5 | I28: 21 | J28: =SUM(F28:I28) -> 30.5 | K28: 309 | L28: 2 | M28: DAY | N28: =K28/E28*100 -> 91.0162 | O28: =K28+J28 -> 339.5 | P28: =O28-E28 -> 0
A29: 46164 | B29: chakki1,2,3 | C29: NEW PLANT | D29: HIGH PROTEIN ATTA | E29: 3346.5 | F29: 0 | G29: 54 | H29: 2 | I29: 140.5 | J29: =SUM(F29:I29) -> 196.5 | K29: 3150 | L29: 4 | M29: DAY | N29: =K29/E29*100 -> 94.128194 | O29: =K29+J29 -> 3346.5 | P29: =O29-E29 -> 0
A30: 46165 | B30: chakki1,2,3 | C30: OLD PLANT | D30: HIGH PROTEIN ATTA | E30: 2279.5 | F30: 10 | G30: 54 | H30: 1 | I30: 89.5 | J30: =I30+G30+H30 -> 144.5 | K30: 2135 | L30: 3 | M30: DAY | N30: =K30/E30*100 -> 93.660891 | O30: =K30+J30 -> 2279.5 | P30: =O30-E30 -> 0
A31: 46167 | B31: chakki1,2,3 | C31: NEW PLANT | D31: HIGH PROTEIN ATTA | E31: 2958.5 | F31: 0 | G31: 75 | H31: 2 | I31: 161.5 | J31: =SUM(F31:I31) -> 238.5 | K31: 2720 | L31: 3 | M31: DAY | N31: =K31/E31*100 -> 91.938482 | O31: =K31+J31 -> 2958.5 | P31: =O31-E31 -> 0
A32: 46168 | B32: chakki1,2,3 | C32: NEW PLANT | D32: HIGH PROTEIN ATTA | E32: 990 | F32: 0 | G32: 15 | H32: 1 | I32: 59 | J32: =SUM(F32:I32) -> 75 | K32: 915 | L32: 3 | M32: DAY | N32: =K32/E32*100 -> 92.424242 | O32: =K32+J32 -> 990 | P32: =O32-E32 -> 0
A33: 46169 | B33: chakki1,2,3 | C33: OLD PLANT | D33: jowar grains | E33: 400 | F33: 4 | G33: 9 | H33: 2 | I33: 15 | J33: =SUM(F33:I33) -> 30 | K33: 370 | L33: 3 | M33: DAY | N33: =K33/E33*100 -> 92.5 | O33: =K33+J33 -> 400 | P33: =O33-E33 -> 0
A34: 46169 | B34: chakki1,2,3 | C34: NEW PLANT | D34: HIGH PROTEIN ATTA | E34: 1649 | F34: 0 | G34: 40 | H34: 2 | I34: 67 | J34: =SUM(F34:I34) -> 109 | K34: 1540 | L34: 3 | M34: DAY | N34: =K34/E34*100 -> 93.389933 | O34: =K34+J34 -> 1649 | P34: =O34-E34 -> 0 | Q34: change over & wheat not available
A35: 46170 | B35: chakki1,2,3 | C35: OLD PLANT | D35: jowar grains | E35: 3100 | F35: 0 | G35: 63 | H35: 2 | I35: 101 | J35: =SUM(F35:I35) -> 166 | K35: 2934 | L35: 3 | M35: DAY | N35: =K35/E35*100 -> 94.645161 | O35: =K35+J35 -> 3100 | P35: =O35-E35 -> 0
A36: 46171 | B36: chakki1,2,3 | C36: NEW PLANT | D36: HIGH PROTEIN ATTA | E36: 2813 | F36: 10 | G36: 46 | H36: 2 | I36: 142 | J36: =SUM(F36:I36) -> 200 | K36: 2613 | L36: 3 | M36: DAY | N36: =K36/E36*100 -> 92.890153 | O36: =K36+J36 -> 2813 | P36: =O36-E36 -> 0
A37: 46171 | B37: chakki1,2,3 | C37: NEW PLANT | D37: jowar grains | E37: 500 | F37: 0 | G37: 12 | H37: 1 | I37: 27 | J37: =SUM(F37:I37) -> 40 | K37: 460 | L37: 3 | M37: DAY | N37: =K37/E37*100 -> 92 | O37: =K37+J37 -> 500 | P37: =O37-E37 -> 0
A38: 46172 | B38: chakki1,2,3 | C38: OLD PLANT | D38: jowar grains | E38: 2550 | F38: 5 | G38: 58 | H38: 2 | I38: 105 | J38: =SUM(F38:I38) -> 170 | K38: 2380 | L38: 3 | M38: DAY | N38: =K38/E38*100 -> 93.333333 | O38: =K38+J38 -> 2550 | P38: =O38-E38 -> 0
E39: =SUM(E12:E36) -> 45447 | K39: =SUM(K12:K36) -> 42290.5
I43: Total | N43: Avarage
I44: Total Cost
I45: Cost Per kg
D49: Product | E49: Input | F49: Output | G49: Loss in kg | H49: Loss In % | I49: yield %
D50: high protien | E50: 23147 | F50: 21544.5 | G50: =E50-F50 -> 1602.5 | H50: =G50/E50% -> 6.9231434
D51: jowar | E51: 3835 | F51: 3512.9 | G51: =E51-F51 -> 322.1 | H51: =G51/E51% -> 8.398957
D52: Khapli | E52: 16820 | F52: 15668 | G52: =E52-F52 -> 1152 | H52: =G52/E52% -> 6.8489893
D53: multigrain | E53: 12100 | F53: 11256 | G53: =E53-F53 -> 844 | H53: =G53/E53% -> 6.9752066
K55: =75049+20150 -> 95199 | L55: =69798+18696 -> 88494
L56: =L55/K55 -> 0.92956859
K58: =93843-88494 -> 5349
E1010: 16820 | F1010: 15668 | G1010: =F1010/E1010*100 -> 93.151011
I1014: =85106-70431 -> 14675

Sheet C39-MAY
A1: Atta Production Report
A2: Date | B2: Machine | C2: Plant | D2: Product | E2: IN in Kg | F2: Sorting | G2: Bran | H2: Floor Atta | I2: Process Loss | J2: Total Wastage | K2: OUT in Kg | L2: Manpower | M2: Shift | N2: Yield % | O2: \
F3: Grader | G3: Sieve | H3: Floor | I3: Process Loss
A4: 46144 | B4: 123&4 | C4: C39 | D4: khapli | E4: 7500 | F4: 80 | G4: 190 | H4: 35 | I4: 235 | J4: =SUM(F4:I4) -> 540 | K4: 6960 | L4: 4 | M4: Day | N4: =6960/7500*100 -> 92.8 | O4: =K4+J4 -> 7500 | P4: =O4-E4 -> 0
A5: 46144 | B5: Blender | C5: C39 | D5: chana dal | E5: 330 | F5: 0 | G5: 0 | H5: 3 | I5: 7 | J5: =SUM(F5:I5) -> 10 | K5: 320 | L5: 1 | M5: NIGH | N5: =320/330*100 -> 96.969697 | O5: =K5+J5 -> 330 | P5: =O5-E5 -> 0
A6: 46146 | B6: 123&4 | C6: C39 | D6: khapli | E6: 8300 | F6: 85 | G6: 187 | H6: 25 | I6: 283 | J6: =SUM(F6:I6) -> 580 | K6: 7720 | L6: 5 | M6: DAY | N6: =7720/8300*100 -> 93.012048 | O6: =K6+J6 -> 8300 | P6: =O6-E6 -> 0
A7: 46146 | B7: 123&4 | C7: C39 | D7: Khapli | E7: 3534 | F7: 20 | G7: 43 | H7: 14 | I7: 190 | J7: =SUM(F7:I7) -> 267 | K7: 3267 | L7: 4 | M7: day | N7: =3267/3500*100 -> 93.342857 | O7: =K7+J7 -> 3534 | P7: =O7-E7 -> 0
A8: 46146 | B8: Blender | C8: C39 | D8: chana dal | E8: 200 | F8: 0 | G8: 0 | H8: 3 | I8: 7 | J8: =SUM(F8:I8) -> 10 | K8: 190 | L8: 1 | M8: night | N8: =190/200*100 -> 95 | O8: =K8+J8 -> 200 | P8: =O8-E8 -> 0
A9: 46148 | B9: 123&4 | C9: C39 | D9: Khapli | E9: 8200 | F9: 95 | G9: 140 | H9: 25 | I9: 260 | J9: =SUM(F9:I9) -> 520 | K9: 7680 | L9: 4 | M9: Day | N9: 93.5 | O9: =K9+J9 -> 8200 | P9: =O9-E9 -> 0
A10: 46148 | B10: bender | C10: C39 | D10: chana dal | E10: 550 | F10: 0 | G10: 0 | H10: 10 | I10: 17 | J10: =SUM(F10:I10) -> 27 | K10: 523 | L10: 1 | M10: Night | N10: 95.09 | O10: =K10+J10 -> 550 | P10: =O10-E10 -> 0
A11: 46149 | B11: 1,2,3,4 | C11: C39 | D11: Khapli | E11: 8600 | F11: 110 | G11: 190 | H11: 20 | I11: 260 | J11: =SUM(F11:I11) -> 580 | K11: 8020 | L11: 4 | M11: Day | N11: =8020/8600*100 -> 93.255814 | O11: =K11+J11 -> 8600 | P11: =O11-E11 -> 0
A12: 46150 | B12: 1234 | C12: C39 | D12: Multigrain | E12: 7000 | F12: 12 | G12: 188 | H12: 25 | I12: 235 | J12: =SUM(F12:I12) -> 460 | K12: 6540 | L12: 4 | M12: Day | N12: 93.4 | O12: =K12+J12 -> 7000 | P12: =O12-E12 -> 0
A13: 46151 | B13: 1,2,3&4 | C13: C39 | D13: Multigrain | E13: 6700 | F13: 42 | G13: 183 | H13: 20 | I13: 198 | J13: =SUM(F13:I13) -> 443 | K13: 6257 | L13: 4 | M13: Day | N13: 93.3 | O13: =K13+J13 -> 6700 | P13: =O13-E13 -> 0
A14: 46154 | B14: 1,2,3&4 | C14: C39 | D14: Multigrain | E14: 7000 | F14: 40 | G14: 197 | H14: 25 | I14: 168 | J14: =SUM(F14:I14) -> 430 | K14: 6570 | L14: 7 | M14: day | N14: =6570/7000*100 -> 93.857143 | O14: =K14+J14 -> 7000 | P14: =O14-E14 -> 0
A15: 46155 | B15: 1,2,3,4 | C15: C39 | D15: Multigrain | E15: 7000 | F15: 43 | G15: 332 | H15: 35 | I15: 120 | J15: =SUM(F15:I15) -> 530 | K15: 6470 | L15: 6 | M15: Day | N15: 92.4 | O15: =K15+J15 -> 7000 | P15: =O15-E15 -> 0
A16: 46156 | B16: 1234 | C16: C39 | D16: Multigrain | E16: 2250 | F16: 45 | G16: 94 | H16: 11 | I16: 74 | J16: =SUM(F16:I16) -> 224 | K16: 2026 | L16: 6 | M16: dAY | N16: =K16/E16*100 -> 90.044444 | O16: =K16+J16 -> 2250 | P16: =O16-E16 -> 0
A17: 46157 | B17: 1,2,3,4 | C17: C39 | D17: Khapli | E17: 2000 | F17: 0 | G17: 89 | H17: 40 | I17: 41 | J17: =SUM(F17:I17) -> 170 | K17: 1830 | L17: 6 | M17: Day | N17: =K17/E17*100 -> 91.5 | O17: =K17+J17 -> 2000 | P17: =O17-E17 -> 0
A18: 46158 | B18: 1,2,3,4 | C18: C39 | D18: Khapli | E18: 7000 | F18: 40 | G18: 288 | H18: 30 | I18: 146 | J18: =SUM(F18:I18) -> 504 | K18: 6500 | L18: 6 | M18: day | N18: =K18/E18*100 -> 92.857143 | O18: =K18+J18 -> 7004 | P18: =O18-E18 -> 4
A19: 46160 | B19: 1,2,3,4 | C19: C39 | D19: Khapli | E19: 8790 | F19: 47 | G19: 320 | H19: 35 | I19: 132 | J19: =SUM(F19:I19) -> 534 | K19: 8250 | L19: 6 | M19: DAy | N19: =K19/E19*100 -> 93.856655 | O19: =K19+J19 -> 8784 | P19: =O19-E19 -> -6
A20: 46161 | B20: 1,23,4 | C20: C39 | D20: Multigrain | E20: 2300 | F20: 23 | G20: 70 | H20: 17 | I20: 40 | J20: =SUM(F20:I20) -> 150 | K20: 2150 | L20: 6 | M20: dAY | N20: =K20/E20*100 -> 93.478261 | O20: =K20+J20 -> 2300 | P20: =O20-E20 -> 0
A21: 46162 | B21: 1,2,3,4 | C21: C39 | D21: Multigrain | E21: 5800 | F21: 69 | G21: 210 | H21: 31 | I21: 90 | J21: =SUM(F21:I21) -> 400 | K21: 5400 | L21: 6 | M21: Day | N21: =K21/E21*100 -> 93.103448 | O21: =K21+J21 -> 5800 | P21: =O21-E21 -> 0
A22: 46164 | B22: 1234 | C22: C39 | D22: Multigrain | E22: 6650 | F22: 70 | G22: 205 | H22: 30 | I22: 145 | J22: =SUM(F22:I22) -> 450 | K22: 6200 | L22: 6 | M22: Day | N22: =K22/E22*100 -> 93.233083 | O22: =K22+J22 -> 6650 | P22: =O22-E22 -> 0
A23: 46165 | B23: 1234 | C23: C39 | D23: Multigrain | E23: 6000 | F23: 75 | G23: =197-15 -> 182 | H23: 20 | I23: 108 | J23: =SUM(F23:I23) -> 385 | K23: 5615 | L23: 6 | M23: Day | N23: =K23/E23*100 -> 93.583333 | O23: =K23+J23 -> 6000 | P23: =O23-E23 -> 0
A24: 46167 | B24: 1234 | C24: C39 | D24: Multigrain | E24: 2000 | F24: 2 | G24: 37 | H24: 10 | I24: 69 | J24: 118 | K24: 1882 | L24: 5 | M24: Day | N24: =K24/E24*100 -> 94.1 | O24: =K24+J24 -> 2000 | P24: =O24-E24 -> 0
A25: 46168 | B25: 1234 | C25: C39 | D25: Multigrain | E25: 4100 | F25: 40 | G25: 82 | H25: 20 | I25: 108 | J25: =SUM(F25:I25) -> 250 | K25: 3850 | L25: 5 | M25: dAY | N25: =K25/E25*100 -> 93.902439 | O25: =K25+J25 -> 4100 | P25: =O25-E25 -> 0
A26: 46169 | B26: 1234 | C26: C39 | D26: Multigrain | E26: 6500 | F26: 38 | G26: 186 | H26: 30 | I26: 196 | J26: =SUM(F26:I26) -> 450 | K26: 6050 | L26: 5 | M26: Day | N26: =K26/E26*100 -> 93.076923 | O26: =K26+J26 -> 6500 | P26: =O26-E26 -> 0
A27: 46170 | B27: 1234 | C27: C39 | D27: Multigrain | E27: 6850 | F27: 85 | G27: 109 | H27: 91 | I27: 207 | J27: =SUM(F27:I27) -> 492 | K27: 6358 | L27: 5 | M27: Day | N27: =K27/E27*100 -> 92.817518 | O27: =K27+J27 -> 6850 | P27: =O27-E27 -> 0
A28: 46171 | B28: 1234 | C28: C39 | D28: Multigrain | E28: 2650 | F28: 30 | G28: 35 | H28: 33 | I28: 75 | J28: =SUM(F28:I28) -> 173 | K28: 2477 | L28: 5 | M28: Day | N28: =K28/E28*100 -> 93.471698 | O28: =K28+J28 -> 2650 | P28: =O28-E28 -> 0
N30: =AVERAGE(#REF!) -> #REF!
I31: Total | N31: Avarage
I32: Total Cost
B33: =16820+E33 -> 70744 | C33: =15868+F33 -> 66095 | D33: =C33/B33*100 -> 93.428418 | E33: 53924 | F33: 50227 | G33: =F33/E33*100 -> 93.144055 | I33: Cost Per kg
C36: C39 | D36: Product | E36: Input | F36: Output | G36: Loss in kg | H36: Loss In %
D37: Khapli | E37: 53924 | F37: 50227 | G37: =E37-F37 -> 3697 | H37: =G37/E37% -> 6.8559454
D38: multigrain | E38: 72800 | F38: 67845 | G38: =E38-F38 -> 4955 | H38: =G38/E38% -> 6.8063187
K39: =24349+50700 -> 75049 | L39: =22570+47228 -> 69798
C40: C6 | D40: Product | E40: Input | F40: Output | G40: Loss in kg | H40: Loss In %
D41: high protien | E41: 23147 | F41: 21544.5 | G41: =E41-F41 -> 1602.5 | H41: =G41/E41% -> 6.9231434 | K41: =L39/K39 -> 0.93003238
D42: jowar | E42: 3835 | F42: 3512.9 | G42: =E42-F42 -> 322.1 | H42: =G42/E42% -> 8.398957
D43: Khapli | E43: 16820 | F43: 15668 | G43: =E43-F43 -> 1152 | H43: =G43/E43% -> 6.8489893
D44: multigrain | E44: 12100 | F44: 11256 | G44: =E44-F44 -> 844 | H44: =G44/E44% -> 6.9752066
C47: Summery report

Sheet C6-JUNE
A1: Atta Production Report
A2: Date | B2: Machine | C2: Plant | D2: Product | E2: IN in Kg | F2: Sorting | G2: Bran | H2: Floor Atta | I2: Process Loss | J2: Total Wastage | K2: OUT in Kg | L2: Manpower | M2: Shift | N2: Yield %
F3: Grader | G3: Sieve | H3: Floor
A4: 46174 | B4: Chakki1,2,3 | C4: old plant | D4: Jowar Grains | E4: 1450 | F4: 5 | G4: 18 | H4: 1 | I4: 46 | J4: =SUM(F4:I4) -> 70 | K4: 1380 | L4: 3 | M4: DAY | N4: =K4/E4 -> 0.95172414 | O4: =J4+K4 -> 1450 | P4: =O4-E4 -> 0
A5: 46174 | B5: Chakki1,2,3 | C5: New Plant | D5: High Protein Atta | E5: 727.5 | F5: 4 | G5: 12 | H5: 0.5 | I5: 31 | J5: =SUM(F5:I5) -> 47.5 | K5: 680 | L5: 3 | M5: DAY | N5: =K5/E5 -> 0.9347079 | O5: =J5+K5 -> 727.5 | P5: =O5-E5 -> 0
A6: 46144 | B6: Chakki1,2,3 | C6: New Plant | D6: High Protein Atta | E6: 2910 | F6: 0 | G6: 47 | H6: 3 | I6: 123 | J6: =SUM(F6:I6) -> 173 | K6: 2737 | L6: 3 | M6: DAY | N6: =K6/E6 -> 0.94054983 | O6: =J6+K6 -> 2910 | P6: =O6-E6 -> 0
A7: 46176 | B7: Chakki1,2,3 | C7: New Plant | D7: High Protein Atta | E7: 2958.5 | F7: 0 | G7: 73 | H7: 2 | I7: 100.5 | J7: =SUM(F7:I7) -> 175.5 | K7: 2783 | L7: 3 | M7: DAY | N7: =K7/E7 -> 0.9406794 | O7: =J7+K7 -> 2958.5 | P7: =O7-E7 -> 0
A8: 46176 | B8: Chakki1,2,3 | C8: old plant | D8: Khapli Grains | E8: 500 | F8: 0 | G8: 0.5 | H8: 0.5 | I8: 31 | J8: =SUM(F8:I8) -> 32 | K8: 468 | L8: 3 | M8: DAY | N8: =K8/E8 -> 0.936 | O8: =J8+K8 -> 500 | P8: =O8-E8 -> 0
A9: 46176 | B9: Chakki1,2,3 | C9: old plant | D9: Jowar Grains | E9: 510 | F9: 0 | G9: 15 | H9: 0.5 | I9: 18.5 | J9: =SUM(F9:I9) -> 34 | K9: 476 | L9: 3 | M9: DAY | N9: =K9/E9 -> 0.93333333 | O9: =J9+K9 -> 510 | P9: =O9-E9 -> 0
A10: 46177 | B10: Chakki1,2,3 | C10: old plant | D10: High Protein Atta | E10: 2522 | F10: 5 | G10: 30 | H10: 2 | I10: 120 | J10: =SUM(F10:I10) -> 157 | K10: 2365 | L10: 3 | M10: DAY | N10: =K10/E10 -> 0.93774782 | O10: =J10+K10 -> 2522 | P10: =O10-E10 -> 0
A11: 46177 | B11: Chakki1,2,3 | C11: New Plant | D11: High Protein Atta | E11: 2958.5 | F11: 8 | G11: 106 | H11: 2 | I11: 67.5 | J11: =SUM(F11:I11) -> 183.5 | K11: 2775 | L11: 3 | M11: DAY | N11: =K11/E11 -> 0.93797533 | O11: =J11+K11 -> 2958.5 | P11: =O11-E11 -> 0
A12: 46178 | B12: Chakki1,2,3 | C12: New Plant | D12: High Protein Atta | E12: 2667.5 | F12: 0 | G12: 80 | H12: 2 | I12: 122.5 | J12: =SUM(F12:I12) -> 204.5 | K12: 2463 | L12: 3 | M12: DAY | N12: =K12/E12 -> 0.92333646 | O12: =J12+K12 -> 2667.5 | P12: =O12-E12 -> 0
A13: 46178 | B13: Chakki1,2,3 | C13: old plant | D13: High Protein Atta | E13: 1309.5 | F13: 0 | G13: 10 | H13: 1 | I13: 79.5 | J13: =SUM(F13:I13) -> 90.5 | K13: 1219 | L13: 3 | M13: DAY | N13: =K13/E13 -> 0.93088965 | O13: =J13+K13 -> 1309.5 | P13: =O13-E13 -> 0
A14: 46179 | B14: Chakki1,2,3 | C14: New Plant | D14: High Protein Atta | E14: 2764.5 | F14: 5 | G14: 64 | H14: 2 | I14: 98.5 | J14: =SUM(F14:I14) -> 169.5 | K14: 2595 | L14: 3 | M14: DAY | N14: =K14/E14 -> 0.93868692 | O14: =J14+K14 -> 2764.5 | P14: =O14-E14 -> 0
A15: 46181 | B15: Chakki1,2,3 | C15: New Plant | D15: High Protein Atta | E15: 2279.5 | F15: 3 | G15: 75 | H15: 2 | I15: 74.5 | J15: =SUM(F15:I15) -> 154.5 | K15: 2125 | L15: 3 | M15: DAY | N15: =SUM(K15:K16)/SUM(E15:E16) -> 0.92060047 | O15: =J15+K15 -> 2279.5 | P15: =O15-E15 -> 0 | Q15: The regular operator was absent, and the ground atta was misplaced Therefore, the final stock count of RM and SFG was taken on the morning of the 9th, resulting in a second entry.
A16: 46181 | B16: Chakki1,2,3 | C16: New Plant | D16: High Protein Atta | E16: 485 | F16: 0 | G16: 3 | H16: 2 | I16: 60 | J16: =SUM(F16:I16) -> 65 | K16: 420 | L16: 3 | M16: DAY | N16: =SUM(K15:K16)/SUM(E15:E16) -> 0.92060047 | O16: =J16+K16 -> 485 | P16: =O16-E16 -> 0 | Q16: The regular operator was absent, and the ground atta was misplaced Therefore, the final stock count of RM and SFG was taken on the morning of the 9th, resulting in a second entry.
A17: 46182 | B17: Chakki1,2,3 | C17: old plant | D17: High Protein Atta | E17: 2619 | F17: 5 | G17: 85 | H17: 2 | I17: 92 | J17: =SUM(F17:I17) -> 184 | K17: 2435 | L17: 5 | M17: DAY | N17: =K17/E17 -> 0.92974418 | O17: =J17+K17 -> 2619 | P17: =O17-E17 -> 0
A18: 46182 | B18: Chakki1,2,3 | C18: New Plant | D18: High Protein Atta | E18: 2667.5 | F18: 5 | G18: 105 | H18: 2 | I18: 84.5 | J18: =SUM(F18:I18) -> 196.5 | K18: 2471 | L18: 5 | M18: DAY | N18: =K18/E18 -> 0.92633552 | O18: =J18+K18 -> 2667.5 | P18: =O18-E18 -> 0
A19: 46183 | B19: Chakki1,2,3 | C19: New Plant | D19: High Protein Atta | E19: 2570.28 | F19: 2 | G19: 104 | H19: 1.78 | I19: 108.5 | J19: =SUM(F19:I19) -> 216.28 | K19: 2354 | L19: 3 | M19: DAY | N19: =K19/E19 -> 0.91585353 | O19: =J19+K19 -> 2570.28 | P19: =O19-E19 -> 0
A20: 46183 | B20: Chakki1,2,3 | C20: old plant | D20: High Protein Atta | E20: 2619 | F20: 5 | G20: 45 | H20: 2 | I20: 107 | J20: =SUM(F20:I20) -> 159 | K20: 2460 | L20: 3 | M20: DAY | N20: =K20/E20 -> 0.93928981 | O20: =J20+K20 -> 2619 | P20: =O20-E20 -> 0
A21: 46184 | B21: Chakki1,2,3 | C21: old plant | D21: High Protein Atta | E21: 2085.5 | F21: 2 | G21: 35 | H21: 2 | I21: 96.5 | J21: =SUM(F21:I21) -> 135.5 | K21: 1950 | L21: 3 | M21: DAY | N21: =K21/E21 -> 0.93502757 | O21: =J21+K21 -> 2085.5 | P21: =O21-E21 -> 0
A22: 46185 | B22: Chakki1,2,3 | C22: old plant | D22: High Protein Atta | E22: 2619 | F22: 5 | G22: 40 | H22: 2 | I22: 112 | J22: =SUM(F22:I22) -> 159 | K22: 2460 | L22: 3 | M22: DAY | N22: =K22/E22 -> 0.93928981 | O22: =J22+K22 -> 2619 | P22: =O22-E22 -> 0
A23: 46186 | B23: Chakki1,2,3 | C23: old plant | D23: High Protein Atta | E23: 650 | F23: 2 | G23: 15 | H23: 1 | I23: 37 | J23: =SUM(F23:I23) -> 55 | K23: 595 | L23: 3 | M23: DAY | N23: =K23/E23 -> 0.91538462 | O23: =J23+K23 -> 650 | P23: =O23-E23 -> 0
A24: 46186 | B24: Chakki1,2,3 | C24: New Plant | D24: Khapli Grains | E24: 420 | F24: 3 | G24: 8 | H24: 1 | I24: 25 | J24: =SUM(F24:I24) -> 37 | K24: 383 | L24: 3 | M24: DAY | N24: =K24/$E$24 -> 0.91190476 | O24: =J24+K24 -> 420 | P24: =O24-E24 -> 0
A25: 46188 | B25: Chakki1,2,3 | C25: New Plant | D25: Bajra Grains | E25: 580 | F25: 0 | G25: 26 | H25: 1 | I25: 33 | J25: =SUM(F25:I25) -> 60 | K25: 520 | L25: 3 | M25: DAY | N25: =K25/E25 -> 0.89655172 | O25: =J25+K25 -> 580 | P25: =O25-E25 -> 0
A26: 46189 | B26: Chakki1,2,3 | C26: New Plant | D26: Khapli Grains | E26: 1550 | F26: 3 | G26: 22 | H26: 2 | I26: 78 | J26: =SUM(F26:I26) -> 105 | K26: 1445 | L26: 5 | M26: DAY | N26: =K26/E26 -> 0.93225806 | O26: =J26+K26 -> 1550 | P26: =O26-E26 -> 0
A27: 46189 | B27: Chakki1,2,3 | C27: old plant | D27: Jowar Grains | E27: 1100 | F27: 2 | G27: 21 | H27: 2 | I27: 78 | J27: =SUM(F27:I27) -> 103 | K27: 997 | L27: 5 | M27: DAY | N27: =K27/E27 -> 0.90636364 | O27: =J27+K27 -> 1100 | P27: =O27-E27 -> 0
A28: 46190 | B28: Chakki1,2,3 | C28: New Plant | D28: Khapli Grains | E28: 2450 | F28: 0 | G28: 43 | H28: 2 | I28: 103 | J28: =SUM(F28:I28) -> 148 | K28: 2302 | L28: 3 | M28: DAY | N28: =K28/E28 -> 0.93959184 | O28: =J28+K28 -> 2450 | P28: =O28-E28 -> 0
A29: 46191 | B29: Chakki1,2,3 | C29: New Plant | D29: Khapli Grains | E29: 3500 | F29: 4 | G29: 72 | H29: 2 | I29: 142 | J29: =SUM(F29:I29) -> 220 | K29: 3280 | L29: 3 | M29: Day | N29: =K29/E29 -> 0.93714286 | O29: =J29+K29 -> 3500 | P29: =O29-E29 -> 0
A30: 46192 | B30: Chakki1,2,3 | C30: New Plant | D30: Khapli Grains | E30: 630 | F30: 0 | G30: 11 | H30: 2 | I30: 29 | J30: =SUM(F30:I30) -> 42 | K30: 588 | L30: 3 | M30: DAY | N30: =K30/E30 -> 0.93333333 | O30: =J30+K30 -> 630 | P30: =O30-E30 -> 0
A31: 46192 | B31: Chakki1,2,3 | C31: New Plant | D31: High Protein Atta | E31: 3104 | F31: 0 | G31: 105 | H31: 3 | I31: 121 | J31: =SUM(F31:I31) -> 229 | K31: 2875 | L31: 3 | M31: DAY | N31: =K31/E31 -> 0.92622423 | O31: =J31+K31 -> 3104 | P31: =O31-E31 -> 0
A32: 46193 | B32: Chakki1,2,3 | C32: New Plant | D32: High Protein Atta | E32: 3492 | F32: 0 | G32: 106 | H32: 4 | I32: 118 | J32: =SUM(F32:I32) -> 228 | K32: 3264 | L32: 4 | M32: DAY | N32: =K32/E32 -> 0.9347079 | O32: =J32+K32 -> 3492 | P32: =O32-E32 -> 0
A33: 46195 | B33: Chakki1,2,3 | C33: New Plant | D33: High Protein Atta | E33: 2619 | F33: 0 | G33: 48 | H33: 2 | I33: 105 | J33: =SUM(F33:I33) -> 155 | K33: 2464 | L33: 3 | M33: DAY | N33: =K33/E33 -> 0.94081711 | O33: =J33+K33 -> 2619 | P33: =O33-E33 -> 0
A34: 46196 | B34: Chakki1,2,3 | C34: New Plant | D34: High Protein Atta | E34: 582 | F34: 0 | G34: 6 | H34: 1 | I34: 37 | J34: =SUM(F34:I34) -> 44 | K34: 538 | L34: 2 | M34: DAY | N34: =K34/E34 -> 0.92439863 | O34: =J34+K34 -> 582 | P34: =O34-E34 -> 0
A35: 46199 | B35: Chakki1,2,3 | C35: New Plant | D35: High Protein Atta | E35: 1092 | F35: 0 | G35: 25 | H35: 4 | I35: 48 | J35: =SUM(F35:I35) -> 77 | K35: 1015 | L35: 2 | M35: DAY | N35: =K35/E35 -> 0.92948718 | O35: =J35+K35 -> 1092 | P35: =O35-E35 -> 0
A36: 46199 | B36: Chakki1,2,3 | C36: old plant | D36: Jowar Grains | E36: 310 | F36: 2 | G36: 2 | H36: 1 | I36: 8 | J36: =SUM(F36:I36) -> 13 | K36: 297 | L36: 2 | M36: DAY | N36: =K36/E36 -> 0.95806452 | O36: =J36+K36 -> 310 | P36: =O36-E36 -> 0
... A40: 46203 | B40: Chakki1 | C40: old plant | D40: multigrains | E40: 100 | F40: 0 | G40: 0.5 | H40: 0.5 | I40: 5 | J40: =SUM(F40:I40) -> 6 | K40: 94 | L40: 3 | M40: DAY | N40: =K40/E40 -> 0.94 | O40: =J40+K40 -> 100 | P40: =O40-E40 -> 0
D48: Product | E48: Input | F48: Output | G48: Loss in kg | H48: Loss In %
D49: high protien | E49: 50435 | F49: 47012 | G49: =E49-F49 -> 3423 | H49: =G49/E49% -> 6.7869535
D50: other | E50: 3950 | F50: 3670 | G50: =E50-F50 -> 280 | H50: =G50/E50% -> 7.0886076
D51: Khapli | E51: 9050 | F51: 8466 | G51: =E51-F51 -> 584 | H51: =G51/E51% -> 6.4530387

Sheet C39-JUNE
A1: Atta Production Report
A2: Date | B2: Machine | C2: Plant | D2: Product | E2: IN in Kg | F2: Sorting | G2: Bran | H2: Floor Atta | I2: Process Loss | J2: Total Wastage | K2: OUT in Kg | L2: Manpower | M2: Shift | N2: Yield %
F3: Grader | G3: Sieve | H3: Floor
A4: 46174 | B4: 1,2,3,4 | C4: C39 | D4: MULTIGRAIN | E4: 6650 | F4: 20 | G4: 190 | H4: 30 | I4: 210 | J4: =SUM(F4:I4) -> 450 | K4: 6200 | L4: 5 | M4: Day | N4: =K4/E4 -> 0.93233083 | O4: =J4+K4 -> 6650 | P4: =O4-E4 -> 0
A5: 46175 | B5: 1,2,3,4 | C5: C39 | D5: MULTIGRAIN | E5: 5200 | F5: 40 | G5: 165 | H5: 25 | I5: 170 | J5: =SUM(F5:I5) -> 400 | K5: 4800 | L5: 5 | M5: Day | N5: =K5/E5 -> 0.92307692 | O5: =J5+K5 -> 5200 | P5: =O5-E5 -> 0
A6: 46176 | B6: 1,2,3,4 | C6: C39 | D6: MULTIGRAIN | E6: 6100 | F6: 42 | G6: 201 | H6: 32 | I6: 125 | J6: =SUM(F6:I6) -> 400 | K6: 5700 | L6: 5 | M6: Day | N6: =K6/E6 -> 0.93442623 | O6: =J6+K6 -> 6100 | P6: =O6-E6 -> 0
A7: 46177 | B7: 1,2,3,4 | C7: C39 | D7: MULTIGRAIN | E7: 4400 | F7: 37 | G7: 124 | H7: 27 | I7: 112 | J7: =SUM(F7:I7) -> 300 | K7: 4100 | L7: 5 | M7: Day | N7: =K7/E7 -> 0.93181818 | O7: =J7+K7 -> 4400 | P7: =O7-E7 -> 0
A8: 46178 | B8: 1,2,3,4 | C8: C39 | D8: MULTIGRAIN | E8: 1400 | F8: 10 | G8: 35 | H8: 5 | I8: 20 | J8: =SUM(F8:I8) -> 70 | K8: 1330 | L8: 5 | M8: Day | N8: =K8/E8 -> 0.95 | O8: =J8+K8 -> 1400 | P8: =O8-E8 -> 0
A9: 46178 | B9: Blender | C9: C39 | D9: besan | E9: 204 | F9: 0 | G9: 0 | H9: 1 | I9: 3 | J9: =SUM(F9:I9) -> 4 | K9: 200 | L9: 1 | M9: Day | N9: =K9/E9 -> 0.98039216 | O9: =J9+K9 -> 204 | P9: =O9-E9 -> 0
A10: 46179 | B10: 1234 | C10: C39 | D10: MULTIGRAIN | E10: 6250 | F10: 60 | G10: 125 | H10: 17 | I10: 188 | J10: =SUM(F10:I10) -> 390 | K10: 5860 | L10: 5 | M10: DAY | N10: =K10/E10 -> 0.9376 | O10: =J10+K10 -> 6250 | P10: =O10-E10 -> 0
A11: 46181 | B11: Blender | C11: C39 | D11: besan | E11: 160 | F11: - | G11: - | H11: 2 | I11: 3 | J11: =SUM(F11:I11) -> 5 | K11: 155 | L11: 1 | M11: Day | N11: =K11/E11 -> 0.96875 | O11: =J11+K11 -> 160 | P11: =O11-E11 -> 0
A12: 46180 | B12: Blender | C12: C39 | D12: BESAN | E12: 70 | F12: - | G12: - | H12: 1 | I12: 4 | J12: =SUM(F12:I12) -> 5 | K12: 65 | L12: 1 | M12: DAY | N12: =K12/E12 -> 0.92857143 | O12: =J12+K12 -> 70 | P12: =O12-E12 -> 0
A13: 46182 | B13: 1,2,3,4 | C13: C39 | D13: MULTIGRAIN | E13: 6650 | F13: 85 | G13: 285 | H13: 35 | I13: 95 | J13: =SUM(F13:I13) -> 500 | K13: 6150 | L13: 5 | M13: Day | N13: =K13/E13 -> 0.92481203 | O13: =J13+K13 -> 6650 | P13: =O13-E13 -> 0
A14: 46183 | B14: 1,2,3,4 | C14: C39 | D14: MULTIGRAIN | E14: 5200 | F14: 22 | G14: 231 | H14: 25 | I14: 102 | J14: =SUM(F14:I14) -> 380 | K14: 4820 | L14: 5 | M14: Day | N14: =K14/E14 -> 0.92692308 | O14: =J14+K14 -> 5200 | P14: =O14-E14 -> 0
A15: 46184 | B15: 1.2.3.4 | C15: C39 | D15: MULTIGRAIN | E15: 4500 | F15: 23 | G15: 170 | H15: 30 | I15: 92 | J15: =SUM(F15:I15) -> 315 | K15: 4185 | L15: 5 | M15: Day | N15: =K15/E15 -> 0.93 | O15: =J15+K15 -> 4500 | P15: =O15-E15 -> 0
A16: 46186 | B16: 1,2,3,4 | C16: C39 | D16: khapli | E16: 2000 | F16: 22 | G16: 58 | H16: 15 | I16: 65 | J16: =SUM(F16:I16) -> 160 | K16: 1840 | L16: 5 | M16: Day | N16: =K16/E16 -> 0.92 | O16: =J16+K16 -> 2000 | P16: =O16-E16 -> 0
A17: 46188 | B17: 1,2,3,4 | C17: C39 | D17: khapli | E17: 5200 | F17: 104 | G17: 181 | H17: 20 | I17: 155 | J17: =SUM(F17:I17) -> 460 | K17: 4740 | L17: 5 | M17: Day | N17: =K17/E17 -> 0.91153846 | O17: =J17+K17 -> 5200 | P17: =O17-E17 -> 0
A18: 46189 | B18: 1,2,3,4 | C18: C39 | D18: khapli | E18: 1700 | F18: 25 | G18: 70 | H18: 30 | I18: 15 | J18: 140 | K18: 1560 | L18: 5 | M18: Day | N18: =K18/E18 -> 0.91764706 | O18: =J18+K18 -> 1700 | P18: =O18-E18 -> 0
A19: 46190 | B19: 1,2,3,4 | C19: C39 | D19: Khapli | E19: 6000 | F19: 90 | G19: 240 | H19: 35 | I19: 235 | J19: 600 | K19: 5400 | L19: 5 | M19: Day | N19: =K19/E19 -> 0.9 | O19: =J19+K19 -> 6000 | P19: =O19-E19 -> 0
A20: 46191 | B20: 1,2,3,4 | C20: C39 | D20: khapli | E20: 6500 | F20: 95 | G20: 220 | H20: 39 | I20: 176 | J20: =SUM(F20:I20) -> 530 | K20: 5970 | L20: 5 | M20: Day | N20: =K20/E20 -> 0.91846154 | O20: =J20+K20 -> 6500 | P20: =O20-E20 -> 0
A21: 46192 | B21: 1,2,3,4 | C21: C39 | D21: Khapli | E21: 6650 | F21: 78 | G21: 202 | H21: 40 | I21: 190 | J21: =SUM(F21:I21) -> 510 | K21: 6140 | L21: 5 | M21: Day | N21: =K21/E21 -> 0.92330827 | O21: =J21+K21 -> 6650 | P21: =O21-E21 -> 0
A22: 46195 | B22: 1,2,3,4 | C22: C39 | D22: khapli | E22: 3350 | F22: 20 | G22: 160 | H22: 30 | I22: 60 | J22: =SUM(F22:I22) -> 270 | K22: 3080 | L22: 5 | M22: Day | N22: =K22/E22 -> 0.91940299 | O22: =J22+K22 -> 3350 | P22: =O22-E22 -> 0
A23: 46195 | B23: blender | C23: C39 | D23: besan | E23: 200 | F23: 0 | G23: 0 | H23: 15 | I23: 5 | J23: =SUM(F23:I23) -> 20 | K23: 180 | L23: 1 | M23: Day | N23: =K23/E23 -> 0.9 | O23: =J23+K23 -> 200 | P23: =O23-E23 -> 0
A24: 46196 | B24: 1,2,3,4 | C24: C39 | D24: khapli | E24: 5000 | F24: 55 | G24: 198 | H24: 25 | I24: 122 | J24: =SUM(F24:I24) -> 400 | K24: 4600 | L24: 5 | M24: Day | N24: =K24/E24 -> 0.92 | O24: =J24+K24 -> 5000 | P24: =O24-E24 -> 0
A25: 46197 | B25: 1,2,3,4 | C25: C39 | D25: khapli | E25: 5500 | F25: 46 | G25: 209 | H25: 15 | I25: 110 | J25: =SUM(F25:I25) -> 380 | K25: 5120 | L25: 5 | M25: Day | N25: =K25/E25 -> 0.93090909 | O25: =J25+K25 -> 5500 | P25: =O25-E25 -> 0
A26: 46199 | B26: 1,2,3,4 | C26: C39 | D26: multigrain | E26: 5400 | F26: 32 | G26: 210 | H26: 19 | I26: 139 | J26: =SUM(F26:I26) -> 400 | K26: 5000 | L26: 5 | M26: Day | N26: =K26/E26 -> 0.92592593 | O26: =J26+K26 -> 5400 | P26: =O26-E26 -> 0
A27: 46200 | B27: 1,2,3,4 | C27: C39 | D27: MULTIGRAIN | E27: 5500 | F27: 47 | G27: 165 | H27: 45 | I27: 143 | J27: =SUM(F27:I27) -> 400 | K27: 5100 | L27: 5 | M27: day | N27: =K27/E27 -> 0.92727273 | O27: =J27+K27 -> 5500 | P27: =O27-E27 -> 0
A28: 46201 | B28: 1,2,3,4 | C28: C39 | D28: MULTIGRAIN | E28: 7550 | F28: 48 | G28: 205 | H28: 32 | I28: 185 | J28: =SUM(F28:I28) -> 470 | K28: 7080 | L28: 5 | M28: Day | N28: =K28/E28 -> 0.93774834 | O28: =J28+K28 -> 7550 | P28: =O28-E28 -> 0
A29: 46203 | B29: 1,2,3,4 | C29: C39 | D29: MULTIGRAIN | E29: 1700 | F29: 24 | G29: 76 | H29: 18 | I29: 42 | J29: =SUM(F29:I29) -> 160 | K29: 1540 | L29: 5 | M29: Day | N29: =K29/E29 -> 0.90588235 | O29: =J29+K29 -> 1700 | P29: =O29-E29 -> 0
J30: =SUM(F30:I30) -> 0 | O30: =J30+K30 -> 0 | P30: =O30-E30 -> 0
J31: =SUM(F31:I31) -> 0 | O31: =J31+K31 -> 0 | P31: =O31-E31 -> 0
J32: =SUM(F32:I32) -> 0 | O32: =J32+K32 -> 0 | P32: =O32-E32 -> 0
J33: =SUM(F33:I33) -> 0 | O33: =J33+K33 -> 0 | P33: =O33-E33 -> 0
J34: =SUM(F34:I34) -> 0 | O34: =J34+K34 -> 0 | P34: =O34-E34 -> 0
J35: =SUM(F35:I35) -> 0 | O35: =J35+K35 -> 0 | P35: =O35-E35 -> 0
J36: =SUM(F36:I36) -> 0 | O36: =J36+K36 -> 0 | P36: =O36-E36 -> 0
J37: =SUM(F37:I37) -> 0 | O37: =J37+K37 -> 0 | P37: =O37-E37 -> 0
J38: =SUM(F38:I38) -> 0 | O38: =J38+K38 -> 0 | P38: =O38-E38 -> 0
J39: =SUM(F39:I39) -> 0 | O39: =J39+K39 -> 0 | P39: =O39-E39 -> 0
J40: =SUM(F40:I40) -> 0 | O40: =J40+K40 -> 0 | P40: =O40-E40 -> 0
E41: =SUM(E4:E28) -> 107334 | K41: =SUM(K16:K25) -> 38630
D45: Product | E45: Input | F45: Output | G45: Loss in kg | H45: Loss In %
D46: Khapli | E46: 42100 | F46: 38630 | G46: =E46-F46 -> 3470 | H46: =G46/E46% -> 8.2422803
D47: multigrain | E47: 63670 | F47: 59145 | G47: =E47-F47 -> 4525 | H47: =G47/E47% -> 7.1069578
D48: Other | E48: 634 | F48: 600 | G48: =E48-F48 -> 34 | H48: =G48/E48% -> 5.362776

Sheet C6-JULY
A1: Atta Production Report
A2: Date | B2: Machine | C2: Plant | D2: Product | E2: IN in Kg | F2: Sorting | G2: Bran | H2: Floor Atta | I2: Process Loss | J2: Total Wastage | K2: OUT in Kg | L2: Manpower | M2: Shift | N2: Yield %
F3: Grader | G3: Sieve | H3: Floor
A4: 46204 | B4: chakki1,2,3 | C4: old plant | D4: Bajra | E4: 950 | F4: 0 | G4: 0 | H4: 1 | I4: 75 | J4: =SUM(F4:I4) -> 76 | K4: 874 | L4: 3 | M4: DAY | N4: =K4/E4 -> 0.92 | O4: =J4+K4 -> 950 | P4: =O4-E4 -> 0
A5: 46204 | B5: chakki1,2,3 | C5: New Plant | D5: High Protein Atta | E5: 1261 | F5: 2 | G5: 28 | H5: 1 | I5: 40 | J5: =SUM(F5:I5) -> 71 | K5: 1190 | L5: 3 | M5: DAY | N5: =K5/E5 -> 0.94369548 | O5: =J5+K5 -> 1261 | P5: =O5-E5 -> 0
A6: 46205 | B6: chakki1,2,3 | C6: old plant | D6: khapli | E6: 600 | F6: 0 | G6: 2 | H6: 0.5 | I6: 51.5 | J6: =SUM(F6:I6) -> 54 | K6: 546 | L6: 3 | M6: DAY | N6: =K6/E6 -> 0.91 | O6: =J6+K6 -> 600 | P6: =O6-E6 -> 0
A7: 46205 | B7: chakki1,2,3 | C7: New Plant | D7: Multigrain | E7: 600 | F7: 0 | G7: 2 | H7: 1 | I7: 19 | J7: =SUM(F7:I7) -> 22 | K7: 578 | L7: 3 | M7: DAY | N7: =K7/E7 -> 0.96333333 | O7: =J7+K7 -> 600 | P7: =O7-E7 -> 0
A8: 46206 | B8: chakki1,2,3 | C8: New Plant | D8: High Protein Atta | E8: 1649 | F8: 1 | G8: 47 | H8: 1 | I8: 45 | J8: =SUM(F8:I8) -> 94 | K8: 1555 | L8: 3 | M8: DAY | N8: =K8/E8 -> 0.94299576 | O8: =J8+K8 -> 1649 | P8: =O8-E8 -> 0
A9: 46206 | B9: chakki1,2,3 | C9: old plant | D9: Multigrain | E9: 1400 | F9: 0 | G9: 32 | H9: 2 | I9: 82 | J9: =SUM(F9:I9) -> 116 | K9: 1284 | L9: 3 | M9: DAY | N9: =K9/E9 -> 0.91714286 | O9: =J9+K9 -> 1400 | P9: =O9-E9 -> 0
A10: 46207 | B10: chakki1,2,3 | C10: old plant | D10: Jowar Grains | E10: 1200 | F10: 0 | G10: 8 | H10: 2 | I10: 90 | J10: =SUM(F10:I10) -> 100 | K10: 1100 | L10: 3 | M10: DAY | N10: =K10/E10 -> 0.91666667 | O10: =J10+K10 -> 1200 | P10: =O10-E10 -> 0
A11: 46207 | B11: chakki1,2,3 | C11: New Plant | D11: Multigrain | E11: 2500 | F11: 2 | G11: 80 | H11: 3 | I11: 36 | J11: =SUM(F11:I11) -> 121 | K11: 2379 | L11: 3 | M11: DAY | N11: =K11/E11 -> 0.9516 | O11: =J11+K11 -> 2500 | P11: =O11-E11 -> 0
A12: 46209 | B12: chakki1,2,3 | C12: New Plant | D12: Multigrain | E12: 1200 | F12: 0 | G12: 22 | H12: 3 | I12: 20 | J12: =SUM(F12:I12) -> 45 | K12: 1155 | L12: 3 | M12: DAY | N12: =K12/E12 -> 0.9625 | O12: =J12+K12 -> 1200 | P12: =O12-E12 -> 0
A13: 46210 | B13: chakki1,2,3 | C13: New Plant | D13: High Protein Atta | E13: 3395 | F13: 5 | G13: 65 | H13: 3 | I13: 103 | J13: =SUM(F13:I13) -> 176 | K13: 3219 | L13: 3 | M13: DAY | N13: =K13/E13 -> 0.94815906 | O13: =J13+K13 -> 3395 | P13: =O13-E13 -> 0
A14: 46211 | B14: chakki1,2,3 | C14: New Plant | D14: High Protein Atta | E14: 3395 | F14: 5 | G14: 94 | H14: 2 | I14: 85 | J14: =SUM(F14:I14) -> 186 | K14: 3209 | L14: 3 | M14: DAY | N14: =K14/E14 -> 0.94521355 | O14: =J14+K14 -> 3395 | P14: =O14-E14 -> 0
A15: 46212 | B15: chakki1,2,3 | C15: old plant | D15: Jowar Grains | E15: 1650 | F15: 0 | G15: 35 | H15: 2 | I15: 123 | J15: =SUM(F15:I15) -> 160 | K15: 1490 | L15: 3 | M15: DAY | N15: =K15/E15 -> 0.9030303 | O15: =J15+K15 -> 1650 | P15: =O15-E15 -> 0
... A36: 46234 | B36: chakki1,2,3 | C36: New Plant | D36: protein atta | E36: 4171 | F36: 2 | G36: 137 | H36: 3 | I36: 119 | J36: =SUM(F36:I36) -> 261 | K36: 3910 | L36: 3 | M36: DAY | N36: =K36/E36 -> 0.93742508 | O36: =J36+K36 -> 4171 | P36: =O36-E36 -> 0
J37: =SUM(F37:I37) -> 0 | N37: =K37/E37 -> #DIV/0! | O37: =J37+K37 -> 0 | P37: =O37-E37 -> 0
J38: =SUM(F38:I38) -> 0 | N38: =K38/E38 -> #DIV/0! | O38: =J38+K38 -> 0 | P38: =O38-E38 -> 0
J39: =SUM(F39:I39) -> 0 | O39: =J39+K39 -> 0 | P39: =O39-E39 -> 0

Sheet C39-JULY
A1: Atta Production Report
A2: Date | B2: Machine | C2: Plant | D2: Product | E2: IN in Kg | F2: Sorting | G2: Bran | H2: Floor Atta | I2: Process Loss | J2: Total Wastage | K2: OUT in Kg | L2: Manpower | M2: Shift | N2: Yield %
F3: Grader | G3: Sieve | H3: Floor
A4: 46204 | B4: 1,2,3,4 | C4: C39 | D4: multgrain | E4: 6650 | F4: 80 | G4: 193 | H4: 42 | I4: 195 | J4: =SUM(F4:I4) -> 510 | K4: 6140 | L4: 5 | M4: Day | N4: =K4/E4 -> 0.92330827 | O4: =J4+K4 -> 6650 | P4: =O4-E4 -> 0
A5: 46205 | B5: 1,2,3,4 | C5: C39 | D5: multgrain | E5: 5900 | F5: 71 | G5: 240 | H5: 35 | I5: 120 | J5: =SUM(F5:I5) -> 466 | K5: 5434 | L5: 5 | M5: Day | N5: =K5/E5 -> 0.92101695 | O5: =J5+K5 -> 5900 | P5: =O5-E5 -> 0
A6: 46206 | B6: 1,2,3,4 | C6: C39 | D6: multgrain | E6: 4900 | F6: 98 | G6: 180 | H6: 28 | I6: 94 | J6: =SUM(F6:I6) -> 400 | K6: 4500 | L6: 5 | M6: Day | N6: =K6/E6 -> 0.91836735 | O6: =J6+K6 -> 4900 | P6: =O6-E6 -> 0
A7: 46207 | B7: 1,2,3,4 | C7: C39 | D7: multgrain | E7: 7500 | F7: 130 | G7: 245 | H7: 50 | I7: 166 | J7: =SUM(F7:I7) -> 591 | K7: 6909 | L7: 5 | M7: Day | N7: =K7/E7 -> 0.9212 | O7: =J7+K7 -> 7500 | P7: =O7-E7 -> 0
A8: 46209 | B8: 1,2,3,4 | C8: C39 | D8: multgrain | E8: 8300 | F8: 108 | G8: 320 | H8: 40 | I8: 182 | J8: =SUM(F8:I8) -> 650 | K8: 7650 | L8: 5 | M8: Day | N8: =K8/E8 -> 0.92168675 | O8: =J8+K8 -> 8300 | P8: =O8-E8 -> 0
A9: 46210 | B9: 1,2,3,4 | C9: C39 | D9: multgrain | E9: 7500 | F9: 125 | G9: 240 | H9: 38 | I9: 197 | J9: =SUM(F9:I9) -> 600 | K9: 6900 | L9: 5 | M9: Day | N9: =K9/E9 -> 0.92 | O9: =J9+K9 -> 7500 | P9: =O9-E9 -> 0
A10: 46211 | B10: 1 | C10: Blender | D10: besan | E10: 600 | F10: 0 | G10: 4.2 | H10: 5.7 | I10: 10.1 | J10: 20 | K10: 580 | L10: 1 | M10: Day | N10: 0.966 | O10: 600 | P10: =O10-E10 -> 0
A11: 46211 | B11: 1,2,3,4 | C11: C39 | D11: multgrain | E11: 4150 | F11: 72 | G11: 173 | H11: 36 | I11: 119 | J11: =SUM(F11:I11) -> 400 | K11: 3750 | L11: 5 | M11: Day | N11: =K11/E11 -> 0.90361446 | O11: =J11+K11 -> 4150 | P11: =O11-E11 -> 0
A12: 46212 | B12: 1 | C12: Blender | D12: besan | E12: 360 | F12: 0 | G12: 3.9 | H12: 4.8 | I12: 11.3 | J12: 20 | K12: 340 | L12: 1 | M12: Day | N12: =K12/E12 -> 0.94444444 | O12: =J12+K12 -> 360 | P12: =O12-E12 -> 0
A13: 46213 | B13: 1,2,3,4 | C13: C39 | D13: multgrain | E13: 6200 | F13: 58 | G13: 210 | H13: 34 | I13: 148 | J13: =SUM(F13:I13) -> 450 | K13: 5750 | L13: 5 | M13: Day | N13: =K13/E13 -> 0.92741935 | O13: =J13+K13 -> 6200 | P13: =O13-E13 -> 0
A14: 46213 | B14: 1 | C14: Blender | D14: besan | E14: 650 | F14: 0 | G14: 5.6 | H14: 3.7 | I14: 8.7 | J14: 20 | K14: 630 | L14: 1 | M14: Day | N14: =K14/E14 -> 0.96923077 | O14: =J14+K14 -> 650 | P14: =O14-E14 -> 0
A15: 46214 | B15: 1,2,3,4 | C15: C39 | D15: multgrain | E15: 5450 | F15: 85 | G15: 247 | H15: 29 | I15: 139 | J15: =SUM(F15:I15) -> 500 | K15: 4950 | L15: 5 | M15: Day | N15: =K15/E15 -> 0.90825688 | O15: =J15+K15 -> 5450 | P15: =O15-E15 -> 0
A16: 46216 | B16: 1,2,3,4 | C16: C39 | D16: multgrain | E16: 6900 | F16: 118 | G16: 250 | H16: 28 | I16: 234 | J16: =SUM(F16:I16) -> 630 | K16: 6270 | L16: 5 | M16: Day | N16: =K16/E16 -> 0.90869565 | O16: =J16+K16 -> 6900 | P16: =O16-E16 -> 0
A17: 46217 | B17: 1,2,3,4 | C17: C39 | D17: multgrain | E17: 7000 | F17: 148 | G17: 321 | H17: 45 | I17: 286 | J17: =SUM(F17:I17) -> 800 | K17: 6200 | L17: 5 | M17: Day | N17: =K17/E17 -> 0.88571429 | O17: =J17+K17 -> 7000 | P17: =O17-E17 -> 0
A18: 46218 | B18: 1,2,3,4 | C18: C39 | D18: multgrain | E18: 9350 | F18: 48 | G18: 423 | H18: 39 | I18: 236 | J18: 750 | K18: 8600 | L18: 5 | M18: DAY | N18: 0.9197 | O18: 9350
A19: 46219 | B19: 1,2,3,4 | C19: C39 | D19: multgrain | E19: 6000 | F19: 0 | G19: 300 | H19: 46 | I19: 154 | J19: =SUM(F19:I19) -> 500 | K19: 5500 | L19: 5 | M19: Day | N19: =K19/E19 -> 0.91666667 | O19: =J19+K19 -> 6000 | P19: =O19-E19 -> 0
A20: 46222 | B20: 1,2,3,4 | C20: C39 | D20: khapli | E20: 5200 | F20: 48 | G20: 137 | H20: 29 | I20: 186 | J20: =SUM(F20:I20) -> 400 | K20: 4800 | L20: 5 | M20: Day | N20: =K20/E20 -> 0.92307692 | O20: =J20+K20 -> 5200
A21: 46223 | B21: 1,2,3,4 | C21: C39 | D21: khapli | E21: 11500 | F21: 160 | G21: 519 | H21: 42 | I21: 279 | J21: =SUM(F21:I21) -> 1000 | K21: 10500 | L21: 5 | M21: Day | N21: =K21/E21 -> 0.91304348 | O21: =J21+K21 -> 11500 | P21: =O21-E21 -> 0
A22: 46224 | B22: 1,2,3,4 | C22: C39 | D22: khapli | E22: =7600+1520 -> 9120 | F22: 55 | G22: 114 | H22: 25 | I22: 406 | J22: =SUM(F22:I22) -> 600 | K22: 8520 | L22: 5 | M22: Day | N22: =K22/E22 -> 0.93421053 | O22: =J22+K22 -> 9120 | P22: =O22-E22 -> 0
A23: 46224 | B23: 1,2,3,4 | C23: C39 | D23: khapli | E23: 3550 | F23: 28 | G23: 140 | H23: 24 | I23: 108 | J23: =SUM(F23:I23) -> 300 | K23: 3250 | L23: 5 | M23: Night | N23: =K23/E23 -> 0.91549296 | O23: =J23+K23 -> 3550 | P23: =O23-E23 -> 0
A24: 46225 | B24: 1,2,3,4 | C24: C39 | D24: multgrain | E24: 9200 | F24: 0 | G24: 551 | H24: 88 | I24: 161 | J24: =SUM(F24:I24) -> 800 | K24: 8400 | L24: 8 | M24: Day | N24: =K24/E24 -> 0.91304348 | O24: =J24+K24 -> 9200 | P24: =O24-E24 -> 0
A25: 46226 | B25: 1,2,3,4 | C25: C39 | D25: multgrain | E25: 7850 | F25: 30 | G25: 498 | H25: 53 | I25: 219 | J25: =SUM(F25:I25) -> 800 | K25: 7050 | L25: 7 | M25: DAY | N25: =K25/E25 -> 0.89808917 | O25: =J25+K25 -> 7850 | P25: =O25-E25 -> 0
A26: 46227 | B26: 1,2,3,4 | C26: C39 | D26: multgrain | E26: 4880 | F26: 18 | G26: 197 | H26: 26 | I26: 149 | J26: =SUM(F26:I26) -> 390 | K26: 4490 | L26: 5 | M26: Day | N26: =K26/E26 -> 0.92008197 | O26: =J26+K26 -> 4880 | P26: =O26-E26 -> 0
A27: 46228 | B27: 1,2,3,4 | C27: C39 | D27: multgrain | E27: 3800 | F27: 15 | G27: 208 | H27: 11 | I27: 100 | J27: =SUM(F27:I27) -> 334 | K27: 3466 | L27: 5 | M27: Day | N27: =K27/E27 -> 0.91210526 | O27: =J27+K27 -> 3800 | P27: =O27-E27 -> 0
A28: 46230 | B28: 1,2,3,4 | C28: C39 | D28: multgrain | E28: 6600 | F28: 10 | G28: 226 | H28: 26 | I28: 138 | J28: =SUM(F28:I28) -> 400 | K28: 6200 | L28: 5 | M28: Day | N28: =K28/E28 -> 0.93939394 | O28: =J28+K28 -> 6600 | P28: =O28-E28 -> 0
A29: 46231 | B29: 1,2,3,4 | C29: C39 | D29: multgrain | E29: 3900 | F29: 12 | G29: 165 | H29: 18 | I29: 135 | J29: =SUM(F29:I29) -> 330 | K29: 3570 | L29: 5 | M29: DAY | N29: =K29/E29 -> 0.91538462 | O29: =J29+K29 -> 3900 | P29: =O29-E29 -> 0
A30: 46232 | B30: 1,2,3,4 | C30: C39 | D30: multgrain | E30: 6600 | F30: 14 | G30: 178 | H30: 28 | I30: 180 | J30: =SUM(F30:I30) -> 400 | K30: 6200 | L30: 7 | M30: DAY | N30: =K30/E30 -> 0.93939394 | O30: =J30+K30 -> 6600 | P30: =O30-E30 -> 0
A31: 46233 | B31: 1,2,3,4 | C31: C39 | D31: multgrain | E31: 8250 | F31: 28 | G31: 497 | H31: 39 | I31: 186 | J31: =SUM(F31:I31) -> 750 | K31: 7500 | L31: 7 | M31: Day | N31: =K31/E31 -> 0.90909091 | O31: =J31+K31 -> 8250 | P31: =O31-E31 -> 0
A32: 46234 | B32: 1,2,3,4 | C32: C39 | D32: multgrain | E32: 3950 | F32: 25 | G32: 246 | H32: 27 | I32: 52 | J32: =SUM(F32:I32) -> 350 | K32: 3600 | L32: 7 | M32: day | N32: =K32/E32 -> 0.91139241 | O32: =J32+K32 -> 3950 | P32: =O32-E32 -> 0
J33: =SUM(F33:I33) -> 0 | O33: =J33+K33 -> 0 | P33: =O33-E33 -> 0
J34: =SUM(F34:I34) -> 0 | O34: =J34+K34 -> 0 | P34: =O34-E34 -> 0
J35: =SUM(F35:I35) -> 0 | O35: =J35+K35 -> 0 | P35: =O35-E35 -> 0
J36: =SUM(F36:I36) -> 0 | O36: =J36+K36 -> 0 | P36: =O36-E36 -> 0
J37: =SUM(F37:I37) -> 0 | O37: =J37+K37 -> 0 | P37: =O37-E37 -> 0
J38: =SUM(F38:I38) -> 0 | O38: =J38+K38 -> 0 | P38: =O38-E38 -> 0
J39: =SUM(F39:I39) -> 0 | O39: =J39+K39 -> 0 | P39: =O39-E39 -> 0
J40: =SUM(F40:I40) -> 0 | O40: =J40+K40 -> 0 | P40: =O40-E40 -> 0
J41: =SUM(F41:I41) -> 0 | O41: =J41+K41 -> 0 | P41: =O41-E41 -> 0
J42: =SUM(F42:I42) -> 0 | O42: =J42+K42 -> 0 | P42: =O42-E42 -> 0
J43: =SUM(F43:I43) -> 0 | O43: =J43+K43 -> 0 | P43: =O43-E43 -> 0
J44: =SUM(F44:I44) -> 0 | O44: =J44+K44 -> 0 | P44: =O44-E44 -> 0

Sheet C6-AUG
A1: Atta Production Report
A2: Date | B2: Machine | C2: Plant | D2: Product | E2: IN in Kg | F2: Sorting | G2: Bran | H2: Floor Atta | I2: Process Loss | J2: Total Wastage | K2: OUT in Kg | L2: Manpower | M2: Shift | N2: Yield %
A4: 46235 | B4: chakki1,2,3 | C4: C6 New Plant | D4: Khapli Protein Grains | E4: 2570.5 | F4: 0 | G4: 82 | H4: 3 | I4: 76.5 | J4: =SUM(F4:I4) -> 161.5 | K4: 2409 | L4: 3 | M4: Day | N4: =K4/E4 -> 0.93717176 | O4: =J4+K4 -> 2570.5 | P4: =O4-E4 -> 0 | Q4: DONE
A5: 46235 | B5: chakki1,2,3 | C5: C6 Old Plant | D5: Jowar Grains | E5: 914 | F5: 0 | G5: 12 | H5: 2 | I5: 60 | J5: =SUM(F5:I5) -> 74 | K5: 840 | L5: 3 | M5: Day | N5: =K5/E5 -> 0.9190372 | O5: =J5+K5 -> 914 | P5: =O5-E5 -> 0
A6: 46237 | B6: chakki1,2,3 | C6: C6 New Plant | D6: Khapli Protein Grains | E6: 3977 | F6: 0 | G6: 123 | H6: 3 | I6: 161 | J6: =SUM(F6:I6) -> 287 | K6: 3690 | L6: 2 | M6: Day | N6: =K6/E6 -> 0.92783505 | O6: =J6+K6 -> 3977 | P6: =O6-E6 -> 0 | Q6: DONE
A7: 46237 | B7: chakki1,2,3 | C7: C6 Old Plant | D7: Jowar Grains | E7: 850 | F7: 0 | G7: 3 | H7: 1 | I7: 31 | J7: =SUM(F7:I7) -> 35 | K7: 815 | L7: 2 | M7: Day | N7: =K7/E7 -> 0.95882353 | O7: =J7+K7 -> 850 | P7: =O7-E7 -> 0
A8: 46238 | B8: chakki1,2,3 | C8: C6 New Plant | D8: Khapli Protein Grains | E8: 3977 | F8: 1 | G8: 111 | H8: 3 | I8: 112 | J8: =SUM(F8:I8) -> 227 | K8: 3750 | L8: 3 | M8: Day | N8: =K8/E8 -> 0.9429218 | O8: =J8+K8 -> 3977 | P8: =O8-E8 -> 0 | Q8: DONE
A9: 46238 | B9: chakki1,2,3 | C9: C6 Old Plant | D9: Jowar Grains | E9: 1600 | F9: 0 | G9: 6 | H9: 2 | I9: 48 | J9: =SUM(F9:I9) -> 56 | K9: 1544 | L9: 3 | M9: Day | N9: =K9/E9 -> 0.965 | O9: =J9+K9 -> 1600 | P9: =O9-E9 -> 0
A10: 46239 | B10: chakki1,2,3 | C10: C6 Old Plant | D10: Khapli Protein Grains | E10: 4462 | F10: 1 | G10: 173 | H10: 2 | I10: 193 | J10: =SUM(F10:I10) -> 369 | K10: 4093 | L10: 3 | M10: Day | N10: =K10/E10 -> 0.91730166 | O10: =J10+K10 -> 4462 | P10: =O10-E10 -> 0 | Q10: DONE
A11: 46241 | B11: chakki1,2,3 | C11: C6 New Plant | D11: Khapli Protein Grains 60% | E11: 2565 | F11: 1 | G11: 91 | H11: 2 | I11: 31 | J11: =SUM(F11:I11) -> 125 | K11: 2440 | L11: 3 | M11: Day | N11: =K11/E11 -> 0.95126706 | O11: =J11+K11 -> 2565 | P11: =O11-E11 -> 0 | Q11: DONE
A12: 46241 | B12: chakki1,2,3 | C12: C6 New Plant | D12: Khapli Protein Grains | E12: 1697.5 | F12: 0 | G12: 56 | H12: 2 | I12: 83.5 | J12: =SUM(F12:I12) -> 141.5 | K12: 1556 | L12: 3 | M12: Day | N12: =K12/E12 -> 0.91664212 | O12: =J12+K12 -> 1697.5 | P12: =O12-E12 -> 0 | Q12: DONE
A13: 46242 | B13: chakki1,2,3 | C13: C6 New Plant | D13: Khapli Protein Grains 60% | E13: 2422.5 | F13: 0 | G13: 52 | H13: 2 | I13: 59.5 | J13: =SUM(F13:I13) -> 113.5 | K13: 2309 | L13: 3 | M13: Day | N13: =K13/E13 -> 0.95314757 | O13: =J13+K13 -> 2422.5 | P13: =O13-E13 -> 0 | Q13: DONE
A14: 46242 | B14: chakki1,2,3 | C14: C6 Old Plant | D14: Khapli Protein Grains | E14: 1503.5 | F14: 1 | G14: 49 | H14: 2 | I14: 59.5 | J14: =SUM(F14:I14) -> 111.5 | K14: 1392 | L14: 3 | M14: Day | N14: =K14/E14 -> 0.92583971 | O14: =J14+K14 -> 1503.5 | P14: =O14-E14 -> 0 | Q14: DONE
A15: 46243 | B15: chakki1,2,3 | C15: C6 Old Plant | D15: Khapli Protein Grains | E15: 3201 | F15: 1 | G15: 63 | H15: 6 | I15: 185 | J15: =SUM(F15:I15) -> 255 | K15: 2946 | L15: 3 | M15: Day | N15: =K15/E15 -> 0.92033739 | O15: =J15+K15 -> 3201 | P15: =O15-E15 -> 0 | Q15: DONE
A16: 46244 | B16: chakki1,2,3 | C16: C6 New Plant | D16: Khapli Protein Grains | E16: 4025.5 | F16: 1 | G16: 101 | H16: 3 | I16: 141.5 | J16: =SUM(F16:I16) -> 246.5 | K16: 3779 | L16: 3 | M16: Day | N16: =K16/E16 -> 0.93876537 | O16: =J16+K16 -> 4025.5 | P16: =O16-E16 -> 0 | Q16: DONE
A17: 46245 | B17: chakki1,2,3 | C17: C6 New Plant | D17: Khapli Protein Grains | E17: 3783 | F17: 1 | G17: 106 | H17: 2 | I17: 66 | J17: =SUM(F17:I17) -> 175 | K17: 3608 | L17: 3 | M17: Day | N17: =K17/E17 -> 0.95374042 | O17: =J17+K17 -> 3783 | P17: =O17-E17 -> 0 | Q17: DONE
A18: 46246 | B18: chakki1,2,3 | C18: C6 New Plant | D18: Khapli Protein Grains | E18: 3346.5 | F18: 1 | G18: 74 | H18: 2 | I18: 149.5 | J18: =SUM(F18:I18) -> 226.5 | K18: 3120 | L18: 4 | M18: Day | N18: =K18/E18 -> 0.93231735 | O18: =J18+K18 -> 3346.5 | P18: =O18-E18 -> 0 | Q18: DONE
A19: 46246 | B19: chakki1,2,3 | C19: C6 Old Plant | D19: Khapli Protein Grains | E19: 1406.5 | F19: 0 | G19: 12 | H19: 2 | I19: 55.5 | J19: =SUM(F19:I19) -> 69.5 | K19: 1337 | L19: 4 | M19: Day | N19: =K19/E19 -> 0.95058656 | O19: =J19+K19 -> 1406.5 | P19: =O19-E19 -> 0 | Q19: DONE
A20: 46247 | B20: chakki1,2,3 | C20: C6 New Plant | D20: Khapli Protein Grains 60% | E20: 1615 | F20: 2 | G20: 23 | H20: 1 | I20: 69 | J20: =SUM(F20:I20) -> 95 | K20: 1520 | L20: 4 | M20: Day | N20: =K20/E20 -> 0.94117647 | O20: =J20+K20 -> 1615 | P20: =O20-E20 -> 0 | Q20: DONE
A21: 46248 | B21: chakki1,2,3 | C21: C6 Old Plant | D21: Khapli Protein Grains | E21: 630.5 | F21: 0 | G21: 4 | H21: 1 | I21: 27.5 | J21: =SUM(F21:I21) -> 32.5 | K21: 598 | L21: 3 | M21: Day | N21: =K21/E21 -> 0.94845361 | O21: =J21+K21 -> 630.5 | P21: =O21-E21 -> 0 | Q21: DONE
A22: 46248 | B22: chakki1,2,3 | C22: C6 New Plant | D22: Khapli Protein Grains | E22: 4171 | F22: 0 | G22: 130 | H22: 2 | I22: 98 | J22: =SUM(F22:I22) -> 230 | K22: 3941 | L22: 3 | M22: Day | N22: =K22/E22 -> 0.94485735 | O22: =J22+K22 -> 4171 | P22: =O22-E22 -> 0 | Q22: DONE
A23: 46248 | B23: chakki1,2,3 | C23: C6 Old Plant | D23: khapli atta | E23: 150 | F23: 0 | G23: 0 | H23: 0 | I23: 13 | J23: =SUM(F23:I23) -> 13 | K23: 137 | L23: 1 | M23: Day | N23: =K23/E23 -> 0.91333333 | O23: =J23+K23 -> 150 | P23: =O23-E23 -> 0
A24: 46251 | B24: chakki1,2,3 | C24: C6 New Plant | D24: Khapli Protein Grains | E24: 2958.5 | F24: 0 | G24: 70 | H24: 3 | I24: 85.5 | J24: =SUM(F24:I24) -> 158.5 | K24: 2800 | L24: 1 | M24: Day | N24: =K24/E24 -> 0.94642555 | O24: =J24+K24 -> 2958.5 | P24: =O24-E24 -> 0 | Q24: DONE
A25: 46251 | B25: chakki1,2,3 | C25: C6 Old Plant | D25: khapli atta | E25: 3400 | F25: 0 | G25: 22 | H25: 3 | I25: 197 | J25: =SUM(F25:I25) -> 222 | K25: 3178 | L25: 4 | M25: Day | N25: =K25/E25 -> 0.93470588 | O25: =J25+K25 -> 3400 | P25: =O25-E25 -> 0 | Q25: DONE
A26: 46252 | B26: chakki1,2,3 | C26: C6 New Plant | D26: khapli atta | E26: 3850 | F26: 1 | G26: 30 | H26: 3 | I26: 176 | J26: =SUM(F26:I26) -> 210 | K26: 3640 | L26: 4 | M26: Day | N26: =K26/E26 -> 0.94545455 | O26: =J26+K26 -> 3850 | P26: =O26-E26 -> 0 | Q26: DONE
A27: 46252 | B27: chakki1,2,3 | C27: C6 New Plant | D27: Khapli Protein Grains | E27: 3637 | F27: 1 | G27: 147 | H27: 3 | I27: 132 | J27: =SUM(F27:I27) -> 283 | K27: 3354 | L27: 4 | M27: Day | N27: =K27/E27 -> 0.92218862 | O27: =J27+K27 -> 3637 | P27: =O27-E27 -> 0 | Q27: DONE
A28: 46253 | B28: chakki1,2,3 | C28: C6 Old Plant | D28: khapli atta | E28: 3000 | F28: 1 | G28: 125 | H28: 2 | I28: 72 | J28: =SUM(F28:I28) -> 200 | K28: 2800 | L28: 4 | M28: Day | N28: =K28/E28 -> 0.93333333 | O28: =J28+K28 -> 3000 | P28: =O28-E28 -> 0
A29: 46254 | B29: chakki1,2,3 | C29: C6 Old Plant | D29: Jowar Grains | E29: 950 | F29: 1 | G29: 12 | H29: 1 | I29: 52 | J29: =SUM(F29:I29) -> 66 | K29: 884 | L29: 3 | M29: Day | N29: =K29/E29 -> 0.93052632 | O29: =J29+K29 -> 950 | P29: =O29-E29 -> 0
A30: 46255 | B30: chakki1,2,3 | C30: C6 New Plant | D30: Khapli Protein Grains | E30: 3055.5 | F30: 1 | G30: 56 | H30: 2 | I30: 143.5 | J30: =SUM(F30:I30) -> 202.5 | K30: 2853 | L30: 4 | M30: Day | N30: =K30/E30 -> 0.93372607 | O30: =J30+K30 -> 3055.5 | P30: =O30-E30 -> 0 | Q30: DONE
A31: 46256 | B31: chakki1,2,3 | C31: C6 New Plant | D31: Khapli Protein Grains | E31: 4510.5 | F31: 1 | G31: 165 | H31: 3 | I31: 141.5 | J31: =SUM(F31:I31) -> 310.5 | K31: 4200 | L31: 4 | M31: Day | N31: =K31/E31 -> 0.93116063 | O31: =J31+K31 -> 4510.5 | P31: =O31-E31 -> 0 | Q31: DONE
A32: 46258 | B32: chakki1,2,3 | C32: C6 New Plant | D32: Khapli Protein Grains | E32: 2231 | F32: 1 | G32: 69 | H32: 3 | I32: 68 | J32: =SUM(F32:I32) -> 141 | K32: 2090 | L32: 4 | M32: Day | N32: =K32/E32 -> 0.93679964 | O32: =J32+K32 -> 2231 | P32: =O32-E32 -> 0 | Q32: DONE
A33: 46258 | B33: chakki1,2,3 | C33: C6 Old Plant | D33: khapli atta | E33: 450 | F33: 0 | G33: 5 | H33: 1 | I33: 35 | J33: =SUM(F33:I33) -> 41 | K33: 409 | L33: 4 | M33: Day | N33: =K33/E33 -> 0.90888889 | O33: =J33+K33 -> 450 | P33: =O33-E33 -> 0
A34: 46256 | B34: chakki1,2,3 | C34: C6 Old Plant | D34: Khapli Protein Grains | E34: 4200 | F34: 1 | G34: 193 | H34: 3 | I34: 153 | J34: =SUM(F34:I34) -> 350 | K34: 3850 | L34: 4 | M34: Day | N34: =K34/E34 -> 0.91666667 | O34: =J34+K34 -> 4200 | P34: =O34-E34 -> 0
A35: 46259 | B35: chakki1,2,3 | C35: C6 New Plant | D35: khapli atta | E35: 3100 | F35: 1 | G35: 54 | H35: 2 | I35: 89 | J35: =SUM(F35:I35) -> 146 | K35: 2954 | L35: 4 | M35: Day | N35: =K35/E35 -> 0.95290323 | O35: =J35+K35 -> 3100 | P35: =O35-E35 -> 0
A36: 46259 | B36: chakki1,2,3 | C36: C6 Old Plant | D36: BAJARA ATTA | E36: 700 | F36: 0 | G36: 0 | H36: 0.5 | I36: 26.5 | J36: =SUM(F36:I36) -> 27 | K36: 673 | L36: 4 | M36: Day | N36: =K36/E36 -> 0.96142857 | O36: =J36+K36 -> 700 | P36: =O36-E36 -> 0
A37: 46260 | B37: chakki1,2,3 | C37: C6 New Plant | D37: khapli atta | E37: 1700 | F37: 0 | G37: 29 | H37: 1 | I37: 65 | J37: =SUM(F37:I37) -> 95 | K37: 1605 | L37: 3 | M37: Day | N37: =K37/E37 -> 0.94411765 | O37: =J37+K37 -> 1700 | P37: =O37-E37 -> 0
A38: 46260 | B38: chakki1,2,3 | C38: C6 Old Plant | D38: Khapli Protein Grains | E38: 1843 | F38: 1 | G38: 51 | H38: 2 | I38: 115 | J38: =SUM(F38:I38) -> 169 | K38: 1674 | L38: 3 | M38: Day | N38: =K38/E38 -> 0.90830168 | O38: =J38+K38 -> 1843 | P38: =O38-E38 -> 0
A39: 46261 | B39: chakki1,2,3 | C39: C6 New Plant | D39: Khapli Protein Grains | E39: 4607.5 | F39: 1 | G39: 192 | H39: 3 | I39: 177.5 | J39: =SUM(F39:I39) -> 373.5 | K39: 4234 | L39: 4 | M39: Day | N39: =K39/E39 -> 0.91893652 | O39: =J39+K39 -> 4607.5 | P39: =O39-E39 -> 0
A40: 46261 | B40: chakki1,2,3 | C40: C6 Old Plant | D40: Jowar Grains | E40: 1000 | F40: 0 | G40: 6 | H40: 1 | I40: 46 | J40: =SUM(F40:I40) -> 53 | K40: 947 | L40: 5 | M40: Day | N40: =K40/E40 -> 0.947 | O40: =J40+K40 -> 1000 | P40: =O40-E40 -> 0
A41: 46262 | B41: chakki1,2,3 | C41: C6 New Plant | D41: Khapli Protein Grains | E41: 3201 | F41: 1 | G41: 127 | H41: 5 | I41: 115 | J41: =SUM(F41:I41) -> 248 | K41: 2953 | L41: 3 | M41: Day | N41: =K41/E41 -> 0.92252421 | O41: =J41+K41 -> 3201 | P41: =O41-E41 -> 0
A42: 46263 | B42: chakki1,2,3 | C42: C6 Old Plant | D42: Khapli Protein Grains | E42: 3734 | F42: 1 | G42: 170 | H42: 5 | I42: 28 | J42: =SUM(F42:I42) -> 204 | K42: 3530 | L42: 3 | M42: Day | N42: =K42/E42 -> 0.9453669 | O42: =J42+K42 -> 3734 | P42: =O42-E42 -> 0
A43: 46265 | B43: chakki1,2,3 | C43: C6 New Plant | D43: Khapli Protein Grains | E43: 4801 | F43: 0 | G43: 335 | H43: 0 | I43: 106 | J43: =SUM(F43:I43) -> 441 | K43: 4360 | L43: 3 | M43: Day | N43: =K43/E43 -> 0.90814414 | O43: =J43+K43 -> 4801 | P43: =O43-E43 -> 0
N44: =K44/E44 -> #DIV/0! | O44: =J44+K44 -> 0 | P44: =O44-E44 -> 0
D50: Product | E50: Input | F50: Output | G50: Loss in kg | H50: Yield %
D51: Khapli atta | E51: 15650 | F51: 14723 | G51: =E51-F51 -> 927 | H51: =F51/E51% -> 94.076677
D52: Protein atta | E52: 84133 | F52: 78386 | G52: =E52-F52 -> 5747 | H52: =F52/E52% -> 93.169149
D53: Khapli | G53: =E53-F53 -> 0 | H53: =F53/E53% -> #DIV/0!

Sheet C39-AUG
A1: Atta Production Report
A2: Date | B2: Machine | C2: Plant | D2: Product | E2: IN in Kg | F2: Sorting | G2: Bran | H2: Floor Atta | I2: Process Loss | J2: Total Wastage | K2: OUT in Kg | L2: Manpower | M2: Shift | N2: Yield %
A4: 46235 | B4: 1,2,3,4 | C4: C39 | D4: multigrain | E4: 3900 | F4: 28 | G4: 176 | H4: 26 | I4: 120 | J4: =SUM(F4:I4) -> 350 | K4: 3550 | L4: 7 | M4: DAY | N4: =K4/E4 -> 0.91025641 | O4: =J4+K4 -> 3900 | P4: =O4-E4 -> 0
A5: 46237 | B5: 1,2,3,4 | C5: C39 | D5: multigrain | E5: 7500 | F5: 41 | G5: 273 | H5: 43 | I5: 243 | J5: =SUM(F5:I5) -> 600 | K5: 6900 | L5: 7 | M5: DAY | N5: =K5/E5 -> 0.92 | O5: =J5+K5 -> 7500 | P5: =O5-E5 -> 0
A6: 46237 | B6: blendar | C6: C39 | D6: besan | E6: 510 | F6: 0 | G6: 0 | H6: 2.5 | I6: 17.5 | J6: =SUM(F6:I6) -> 20 | K6: 490 | L6: 1 | M6: DAY | N6: =K6/E6 -> 0.96078431 | O6: =J6+K6 -> 510 | P6: =O6-E6 -> 0
A7: 46238 | B7: 1,2,3,4 | C7: C39 | D7: multigrain | E7: 8300 | F7: 38 | G7: 452 | H7: 38 | I7: 147 | J7: =SUM(F7:I7) -> 675 | K7: 7625 | L7: 7 | M7: DAY | N7: =K7/E7 -> 0.9186747 | O7: =J7+K7 -> 8300 | P7: =O7-E7 -> 0
A8: 46238 | B8: blendar | C8: C39 | D8: BESAN | E8: 800 | F8: 0 | G8: 0 | H8: 6 | I8: 49 | J8: =SUM(F8:I8) -> 55 | K8: 745 | L8: 1 | M8: DAY | N8: =K8/E8 -> 0.93125 | O8: =J8+K8 -> 800 | P8: =O8-E8 -> 0
A9: 46239 | B9: 1,2,3,4 | C9: C39 | D9: multigrain | E9: 5850 | F9: 22 | G9: 343 | H9: 26 | I9: 109 | J9: =SUM(F9:I9) -> 500 | K9: 5350 | L9: 7 | M9: DAY | N9: =K9/E9 -> 0.91452991 | O9: =J9+K9 -> 5850 | P9: =O9-E9 -> 0
A10: 46239 | B10: blendar | C10: C39 | D10: Besan | E10: 630 | F10: 0 | G10: 0 | H10: 4 | I10: 36 | J10: =SUM(F10:I10) -> 40 | K10: 590 | L10: 1 | M10: DAY | N10: =K10/E10 -> 0.93650794 | O10: =J10+K10 -> 630 | P10: =O10-E10 -> 0
A11: 46240 | B11: 1,2,34 | C11: C39 | D11: multigrain | E11: 5500 | F11: 19 | G11: 295 | H11: 19.5 | I11: 96.5 | J11: =SUM(F11:I11) -> 430 | K11: 5070 | L11: 7 | M11: DAY | N11: =K11/E11 -> 0.92181818 | O11: =J11+K11 -> 5500 | P11: =O11-E11 -> 0
A12: 46241 | B12: 1,2,3,4 | C12: C39 | D12: multigrain | E12: 2500 | F12: 9 | G12: 98 | H12: 12.6 | I12: 65.4 | J12: =SUM(F12:I12) -> 185 | K12: 2315 | L12: 7 | M12: Day | N12: =K12/E12 -> 0.926 | O12: =J12+K12 -> 2500 | P12: =O12-E12 -> 0
A13: 46241 | B13: 1,2,3,4 | C13: C39 | D13: multigrain 60% | E13: 3200 | F13: 5 | G13: 153.2 | H13: 9.8 | I13: 52 | J13: =SUM(F13:I13) -> 220 | K13: 2980 | L13: 7 | M13: Day | N13: =K13/E13 -> 0.93125 | O13: =J13+K13 -> 3200 | P13: =O13-E13 -> 0
A14: 46242 | B14: 1,2,3,4 | C14: C39 | D14: multigrain | E14: 6900 | F14: 15 | G14: 380 | H14: 16 | I14: 114 | J14: =SUM(F14:I14) -> 525 | K14: 6375 | L14: 7 | M14: Day | N14: =K14/E14 -> 0.92391304 | O14: =J14+K14 -> 6900 | P14: =O14-E14 -> 0
A15: 46242 | B15: blendar | C15: C39 | D15: besan | E15: 422 | F15: 0 | G15: 0 | H15: 2 | I15: 25 | J15: 27 | K15: 395 | L15: 1 | M15: Day | N15: =K15/E15 -> 0.93601896 | O15: =J15+K15 -> 422 | P15: =O15-E15 -> 0
A16: 46243 | B16: 1,2,3,4 | C16: C39 | D16: multigrain | E16: 4950 | F16: 19 | G16: 252 | H16: 21 | I16: 118 | J16: =SUM(F16:I16) -> 410 | K16: 4540 | L16: 7 | M16: Day | N16: =K16/E16 -> 0.91717172 | O16: =J16+K16 -> 4950 | P16: =O16-E16 -> 0
A17: 46244 | B17: 1,2,3,4 | C17: C39 | D17: multigrain | E17: 2900 | F17: 8 | G17: 135.5 | H17: 16.5 | I17: 90 | J17: =SUM(F17:I17) -> 250 | K17: 2650 | L17: 7 | M17: Day | N17: =K17/E17 -> 0.9137931 | O17: =J17+K17 -> 2900 | P17: =O17-E17 -> 0
A18: 46245 | B18: 1,2,3,4 | C18: C39 | D18: Multigrain | E18: 6950 | F18: 29 | G18: 372 | H18: 25 | I18: 174 | J18: =SUM(F18:I18) -> 600 | K18: 6350 | L18: 7 | M18: Day | N18: =K18/E18 -> 0.91366906 | O18: =J18+K18 -> 6950 | P18: =O18-E18 -> 0
A19: 46245 | B19: Blendar | C19: C39 | D19: Besan | E19: 450 | F19: 0 | G19: 0 | H19: 4.5 | I19: 25.5 | J19: =SUM(F19:I19) -> 30 | K19: 420 | L19: 1 | M19: Day | N19: =K19/E19 -> 0.93333333 | O19: =J19+K19 -> 450 | P19: =O19-E19 -> 0
C20: C39
C21: C39
A22: 46246 | B22: 1,2,3,4 | C22: C39 | D22: Multigrain | E22: 6500 | F22: 26 | G22: 297.4 | H22: 18.6 | I22: 108 | J22: =SUM(F22:I22) -> 450 | K22: 6050 | L22: 7 | M22: Day | N22: =K22/E22 -> 0.93076923 | O22: =J22+K22 -> 6500 | P22: =O22-E22 -> 0
C23: C39 | J23: =SUM(F23:I23) -> 0 | N23: =K23/E23 -> #DIV/0! | O23: =J23+K23 -> 0 | P23: =O23-E23 -> 0
A24: 46247 | B24: 1,2,3,4 | C24: C39 | D24: Multigrain | E24: 6100 | F24: 17 | G24: 271 | H24: 26 | I24: 86 | J24: =SUM(F24:I24) -> 400 | K24: 5700 | L24: 7 | M24: Day | N24: =K24/E24 -> 0.93442623 | O24: =J24+K24 -> 6100 | P24: =O24-E24 -> 0
A25: 46248 | B25: 1,2,3,4 | C25: C39 | D25: Multigrain | E25: 4400 | F25: 27 | G25: 208 | H25: 32 | I25: 133 | J25: =SUM(F25:I25) -> 400 | K25: 4000 | L25: 7 | M25: Day | N25: =K25/E25 -> 0.90909091 | O25: =J25+K25 -> 4400 | P25: =O25-E25 -> 0
A26: 46250 | B26: 1,2,3,4 | C26: C39 | D26: Multigrain | E26: 3160 | F26: 13 | G26: 171 | H26: 19 | I26: 87 | J26: =SUM(F26:I26) -> 290 | K26: 2870 | L26: 7 | M26: Day | N26: =K26/E26 -> 0.90822785 | O26: =J26+K26 -> 3160 | P26: =O26-E26 -> 0
A27: 46251 | B27: 1,2,3,4 | C27: C39 | D27: Multigrain | E27: 8650 | F27: 38 | G27: 457 | H27: 29 | I27: 126 | J27: =SUM(F27:I27) -> 650 | K27: 8000 | L27: 7 | M27: Day | N27: =K27/E27 -> 0.92485549 | O27: =J27+K27 -> 8650 | P27: =O27-E27 -> 0
A28: 46252 | B28: 1,2,3,4 | C28: C39 | D28: Multigrain | E28: 5820 | F28: 28 | G28: 313 | H28: 32 | I28: 147 | J28: =SUM(F28:I28) -> 520 | K28: 5300 | L28: 7 | M28: Day | N28: =K28/E28 -> 0.91065292 | O28: =J28+K28 -> 5820 | P28: =O28-E28 -> 0
A29: 46253 | B29: 1,2,3,4 | C29: C39 | D29: Multigrain | E29: 9100 | F29: 36 | G29: 570 | H29: 38 | I29: 156 | J29: =SUM(F29:I29) -> 800 | K29: 8300 | L29: 7 | M29: Day | N29: =K29/E29 -> 0.91208791 | O29: =J29+K29 -> 9100 | P29: =O29-E29 -> 0
A30: 46254 | B30: 1,2,3,4 | C30: C39 | D30: Multigrain | E30: 7970 | F30: 29 | G30: 510 | H30: 22 | I30: 108 | J30: 670 | K30: 7300 | L30: 7 | M30: Day | N30: =K30/E30 -> 0.91593476 | O30: =J30+K30 -> 7970 | P30: =O30-E30 -> 0
A31: 46255 | B31: 1,2,3,4 | C31: C39 | D31: Multigrain | E31: 9400 | F31: 36 | G31: 716 | H31: 29 | I31: 119 | J31: =SUM(F31:I31) -> 900 | K31: 8500 | L31: 7 | M31: Day | N31: =K31/E31 -> 0.90425532 | O31: =J31+K31 -> 9400 | P31: =O31-E31 -> 0
A32: 46256 | B32: 1,2,3,4 | C32: C39 | D32: Multigrain | E32: 9600 | F32: 39 | G32: 736 | H32: 23 | I32: 102 | J32: =SUM(F32:I32) -> 900 | K32: 8700 | L32: 7 | M32: Day | N32: =K32/E32 -> 0.90625 | O32: =J32+K32 -> 9600 | P32: =O32-E32 -> 0
A33: 46258 | B33: 1,2,3,4 | C33: C39 | D33: Multigrain | E33: 7200 | F33: 38 | G33: 72.5 | H33: 18 | I33: 421.5 | J33: =SUM(F33:I33) -> 550 | K33: 6650 | L33: 7 | M33: Day | N33: =K33/E33 -> 0.92361111 | O33: =J33+K33 -> 7200 | P33: =O33-E33 -> 0
A34: 46259 | B34: 1,2,3,4 | C34: C39 | D34: Multigrain | E34: 9150 | F34: 36 | G34: 135 | H34: 30 | I34: 449 | J34: =SUM(F34:I34) -> 650 | K34: 8500 | L34: 7 | M34: Day | N34: =K34/E34 -> 0.92896175 | O34: =J34+K34 -> 9150 | P34: =O34-E34 -> 0
A35: 46260 | B35: 1,2,3,4 | C35: C39 | D35: Multigrain | E35: 9000 | F35: 37 | G35: 160 | H35: 37 | I35: 446 | J35: =SUM(F35:I35) -> 680 | K35: 8320 | L35: 7 | M35: Day | N35: =K35/E35 -> 0.92444444 | O35: =J35+K35 -> 9000 | P35: =O35-E35 -> 0
A36: 46261 | B36: 1,2,3,4 | C36: C39 | D36: Multigrain | E36: 7400 | F36: 28 | G36: 132 | H36: 19 | I36: 301 | J36: =SUM(F36:I36) -> 480 | K36: 6920 | L36: 7 | M36: Day | N36: =K36/E36 -> 0.93513514 | O36: =J36+K36 -> 7400 | P36: =O36-E36 -> 0
A37: 46262 | B37: 1,2,3,4 | C37: C39 | D37: Multigrain | E37: 10000 | F37: 38 | G37: 152 | H37: 25 | I37: 429 | J37: =SUM(F37:I37) -> 644 | K37: 9356 | L37: 7 | M37: Day | N37: =K37/E37 -> 0.9356 | O37: =J37+K37 -> 10000 | P37: =O37-E37 -> 0
A38: 46263 | B38: 1,2,3,4 | C38: C39 | D38: Khapli | E38: 5150 | F38: 38 | G38: 40 | H38: 31 | I38: 316 | J38: =SUM(F38:I38) -> 425 | K38: 4725 | L38: 7 | M38: Day | N38: =K38/E38 -> 0.91747573 | O38: =J38+K38 -> 5150 | P38: =O38-E38 -> 0
A39: 46264 | B39: 1,,2,3,4 | C39: C39 | D39: Khapli | E39: 6900 | F39: 45 | G39: 240 | H39: 28 | I39: 254 | J39: =SUM(F39:I39) -> 567 | K39: 6333 | L39: 7 | M39: Day | N39: =K39/E39 -> 0.91782609 | O39: =J39+K39 -> 6900 | P39: =O39-E39 -> 0
A40: 46265 | B40: 1,2,3,4 | C40: C39 | D40: Khapli | E40: 7300 | F40: 58 | G40: 73 | H40: 34 | I40: 323 | J40: =SUM(F40:I40) -> 488 | K40: 6812 | L40: 7 | M40: Day | N40: =K40/E40 -> 0.93315068 | O40: =J40+K40 -> 7300 | P40: =O40-E40 -> 0
J41: =SUM(F41:I41) -> 0 | O41: =J41+K41 -> 0 | P41: =O41-E41 -> 0
J42: =SUM(F42:I42) -> 0 | O42: =J42+K42 -> 0 | P42: =O42-E42 -> 0
J43: =SUM(F43:I43) -> 0 | O43: =J43+K43 -> 0 | P43: =O43-E43 -> 0
J44: =SUM(F44:I44) -> 0 | O44: =J44+K44 -> 0 | P44: =O44-E44 -> 0
J45: =SUM(F45:I45) -> 0 | O45: =J45+K45 -> 0 | P45: =O45-E45 -> 0
J46: =SUM(F46:I46) -> 0 | O46: =J46+K46 -> 0 | P46: =O46-E46 -> 0

Sheet C6 SEP
A2: Atta Production Report
E3: =SUBTOTAL(9,E6:E60) -> 113894.3 | F3: =SUBTOTAL(9,F6:F60) -> 31 | G3: =SUBTOTAL(9,G6:G60) -> 3243.8 | H3: =SUBTOTAL(9,H6:H60) -> 81.5 | I3: =SUBTOTAL(9,I6:I60) -> 4503 | J3: =SUBTOTAL(9,J6:J60) -> 7859.3 | K3: =SUBTOTAL(9,K6:K60) -> 106035 | N3: =K3/E3*100 -> 93.099479 | O3: =SUBTOTAL(9,O6:O60) -> 113894.3 | P3: =SUBTOTAL(9,P6:P60) -> 0
A4: Date | B4: Machine | C4: Plant | D4: Product | E4: (a) INPUT RM -Kg | F4: (b) Wastage @Sorting,Kg | G4: (c) Bran, Kg | H4: (d) Wastage Floor spillages, Kg | I4: (e) Process Loss, Kg | J4: (f) Total Wastage, Kg (b+c+d+e) | K4: (g) Atta SFG, Kg | L4: Manpower | M4: Shift | N4: Yield %
O5: Mass Balance | P5: Variance
A6: 46266 | B6: chakki1,2,3 | C6: C6 New Plant | D6: khapli protein grains | E6: 5092 | F6: 2 | G6: 198 | H6: 10 | I6: 100 | J6: =SUM(F6:I6) -> 310 | K6: 4782 | L6: 3 | M6: Day | N6: =IFERROR(K6/E6,"") -> 0.93912019 | O6: =J6+K6 -> 5092 | P6: =O6-E6 -> 0
A7: 46266 | B7: chakki1,2,3 | C7: C6 Old Plant | D7: khapli protein grains | E7: 2134 | F7: 2 | G7: 15.8 | H7: 4 | I7: 137.7 | J7: =SUM(F7:I7) -> 159.5 | K7: 1974.5 | L7: 3 | M7: Day | N7: =IFERROR(K7/E7,"") -> 0.92525773 | O7: =J7+K7 -> 2134 | P7: =O7-E7 -> 0
A8: 46267 | B8: chakki1,2,3 | C8: C6 New Plant | D8: khapli protein grains | E8: 4462 | F8: 1 | G8: 160 | H8: 3 | I8: 196 | J8: =SUM(F8:I8) -> 360 | K8: 4102 | L8: 4 | M8: Day | N8: =IFERROR(K8/E8,"") -> 0.91931869 | O8: =J8+K8 -> 4462 | P8: =O8-E8 -> 0
A9: 46267 | B9: chakki1,2,3 | C9: C6 Old Plant | D9: khapli multigrian 60% | E9: 1000 | F9: 1 | G9: 10 | H9: 2 | I9: 17 | J9: =SUM(F9:I9) -> 30 | K9: 970 | L9: 4 | M9: Day | N9: =IFERROR(K9/E9,"") -> 0.97 | O9: =J9+K9 -> 1000 | P9: =O9-E9 -> 0
A10: 46268 | B10: chakki1,2,3 | C10: C6 New Plant | D10: khapli protein grains | E10: 3395 | F10: 1 | G10: 160 | H10: 3 | I10: 54 | J10: =SUM(F10:I10) -> 218 | K10: 3177 | L10: 4 | M10: Day | N10: =IFERROR(K10/E10,"") -> 0.93578792 | O10: =J10+K10 -> 3395 | P10: =O10-E10 -> 0
A11: 46269 | B11: chakki1,2,3 | C11: C6 New Plant | D11: khapli protein grains | E11: 4704.5 | F11: 0 | G11: 158 | H11: 4 | I11: 168.5 | J11: =SUM(F11:I11) -> 330.5 | K11: 4374 | L11: 4 | M11: Day | N11: =IFERROR(K11/E11,"") -> 0.92974811 | O11: =J11+K11 -> 4704.5 | P11: =O11-E11 -> 0
A12: 46270 | B12: chakki1,2,3 | C12: C6 New Plant | D12: khapli protein grains | E12: 4413.5 | F12: 1 | G12: 165 | H12: 2 | I12: 188.5 | J12: =SUM(F12:I12) -> 356.5 | K12: 4057 | L12: 4 | M12: Day | N12: =IFERROR(K12/E12,"") -> 0.9192251 | O12: =J12+K12 -> 4413.5 | P12: =O12-E12 -> 0
A13: 46272 | B13: chakki1,2,3 | C13: C6 New Plant | D13: khapli protein grains | E13: 4025.5 | F13: 0 | G13: 127 | H13: 3 | I13: 99.5 | J13: =SUM(F13:I13) -> 229.5 | K13: 3796 | L13: 4 | M13: Day | N13: =IFERROR(K13/E13,"") -> 0.94298845 | O13: =J13+K13 -> 4025.5 | P13: =O13-E13 -> 0
A14: 46273 | B14: chakki1,2,3 | C14: C6 New Plant | D14: khapli protein grains | E14: 4654.3 | F14: 1 | G14: 210 | H14: 2 | I14: 77.3 | J14: =SUM(F14:I14) -> 290.3 | K14: 4364 | L14: 4 | M14: Day | N14: =IFERROR(K14/E14,"") -> 0.93762757 | O14: =J14+K14 -> 4654.3 | P14: =O14-E14 -> 0
A15: 46274 | B15: chakki1,2,3 | C15: C6 New Plant | D15: khapli protein grains | E15: 3978 | F15: 1 | G15: 179 | H15: 2 | I15: 159 | J15: =SUM(F15:I15) -> 341 | K15: 3637 | L15: 4 | M15: Day | N15: =IFERROR(K15/E15,"") -> 0.91427853 | O15: =J15+K15 -> 3978 | P15: =O15-E15 -> 0
A16: 46275 | B16: chakki1,2,3 | C16: C6 New Plant | D16: khapli protein grains | E16: 4549 | F16: 1 | G16: 209 | H16: 3 | I16: 164 | J16: =SUM(F16:I16) -> 377 | K16: 4172 | L16: 4 | M16: Day | N16: =IFERROR(K16/E16,"") -> 0.91712464 | O16: =J16+K16 -> 4549 | P16: =O16-E16 -> 0
A17: 46275 | B17: chakki1,2,3 | C17: C6 Old Plant | D17: khapli protein grains | E17: 2182.5 | F17: 1 | G17: 14 | H17: 2 | I17: 140.5 | J17: =SUM(F17:I17) -> 157.5 | K17: 2025 | L17: 4 | M17: Day | N17: =IFERROR(K17/E17,"") -> 0.92783505 | O17: =J17+K17 -> 2182.5 | P17: =O17-E17 -> 0
... A43: 46295 | B43: chakki1,2,3 | C43: C6 New Plant | D43: Proteins grains 60% | E43: 3135 | F43: 1 | G43: 67 | H43: 2 | I43: 159 | J43: =SUM(F43:I43) -> 229 | K43: 2906 | L43: 4 | M43: Day | N43: =IFERROR(K43/E43,"") -> 0.92695375 | O43: =J43+K43 -> 3135 | P43: =O43-E43 -> 0
A44: 46295 | B44: chakki1,2,3 | C44: C6 New Plant | D44: khapli grains | E44: 450 | F44: 0 | G44: 11 | H44: 0.5 | I44: 23.5 | J44: =SUM(F44:I44) -> 35 | K44: 415 | L44: 4 | N44: =IFERROR(K44/E44,"") -> 0.92222222 | O44: =J44+K44 -> 450 | P44: =O44-E44 -> 0
J45: =SUM(F45:I45) -> 0 | N45: =IFERROR(K45/E45,"") | O45: =J45+K45 -> 0 | P45: =O45-E45 -> 0
N46: =IFERROR(K46/E46,"") | O46: =J46+K46 -> 0 | P46: =O46-E46 -> 0
N47: =IFERROR(K47/E47,"") | O47: =J47+K47 -> 0 | P47: =O47-E47 -> 0
N48: =IFERROR(K48/E48,"") | O48: =J48+K48 -> 0 | P48: =O48-E48 -> 0
N49: =IFERROR(K49/E49,"") | O49: =J49+K49 -> 0 | P49: =O49-E49 -> 0
N50: =IFERROR(K50/E50,"") | O50: =J50+K50 -> 0 | P50: =O50-E50 -> 0
N51: =IFERROR(K51/E51,"") | O51: =J51+K51 -> 0 | P51: =O51-E51 -> 0
N52: =IFERROR(K52/E52,"") | O52: =J52+K52 -> 0 | P52: =O52-E52 -> 0
N53: =IFERROR(K53/E53,"")
N54: =IFERROR(K54/E54,"")
N55: =IFERROR(K55/E55,"")
N56: =IFERROR(K56/E56,"")
N57: =IFERROR(K57/E57,"")
N58: =IFERROR(K58/E58,"")
N59: =IFERROR(K59/E59,"")
N60: =IFERROR(K60/E60,"")

Sheet C39 SEP
A2: Atta Production Report
E3: =SUBTOTAL(9,E6:E43) -> 228520 | F3: =SUBTOTAL(9,F6:F43) -> 907 | G3: =SUBTOTAL(9,G6:G43) -> 4609.2 | H3: =SUBTOTAL(9,H6:H43) -> 626.2 | I3: =SUBTOTAL(9,I6:I43) -> 8702.6 | J3: =SUBTOTAL(9,J6:J43) -> 14866 | K3: =SUBTOTAL(9,K6:K43) -> 213524 | N3: =K3/E3*100 -> 93.437773
A4: Date | B4: Machine | C4: Plant | D4: Product | E4: (a) INPUT RM -Kg | F4: (b) Wastage @Sorting,Kg | G4: (c) Bran, Kg | H4: (d) Wastage Floor spillages, Kg | I4: (e) Process Loss, Kg | J4: (f) Total Wastage, Kg (b+c+d+e) | K4: (g) Atta SFG, Kg | L4: Manpower | M4: Shift | N4: Yield % | O4: Mass Balance | P4: Variance
A6: 46266 | B6: 1,2,3,4 | C6: C39 | D6: Khapli | E6: 14620 | F6: 48 | G6: 30 | H6: 30.7 | I6: 921.3 | J6: =IFERROR(F6+G6+H6+I6,"") -> 1030 | K6: 13590 | L6: 7 | M6: Day | N6: =IFERROR(K6/E6,"") -> 0.92954856 | O6: =J6+K6 -> 14620 | P6: =O6-E6 -> 0
A7: 46267 | B7: 1,2,3,4 | C7: C39 | D7: Khapli | E7: 8300 | F7: 56 | G7: 135 | H7: 25 | I7: 484 | J7: =IFERROR(F7+G7+H7+I7,"") -> 700 | K7: 7600 | L7: 7 | M7: Day | N7: =IFERROR(K7/E7,"") -> 0.91566265 | O7: =J7+K7 -> 8300 | P7: =O7-E7 -> 0
A8: 46268 | B8: 1,2,3,4 | C8: C39 | D8: Khapli | E8: 6550 | F8: 32 | G8: 38 | H8: 19 | I8: 261 | J8: =IFERROR(F8+G8+H8+I8,"") -> 350 | K8: 6200 | L8: 7 | M8: Day | N8: =IFERROR(K8/E8,"") -> 0.94656489 | O8: =J8+K8 -> 6550 | P8: =O8-E8 -> 0
A9: 46268 | B9: blender | C9: C39 | D9: Besan | E9: 620 | F9: 0 | G9: 0 | H9: 5 | I9: 10 | J9: 30 | K9: 590 | L9: 1 | M9: Day | N9: =IFERROR(K9/E9,"") -> 0.9516129 | O9: =J9+K9 -> 620 | P9: =O9-E9 -> 0
A10: 46269 | B10: 1,2,3,4 | C10: C39 | D10: Khapli | E10: 6800 | F10: 38 | G10: 32 | H10: 16 | I10: 356 | J10: =IFERROR(F10+G10+H10+I10,"") -> 442 | K10: 6358 | L10: 7 | M10: Day | N10: =IFERROR(K10/E10,"") -> 0.935 | O10: =J10+K10 -> 6800 | P10: =O10-E10 -> 0
A11: 46269 | B11: blender | C11: C39 | D11: Besan | E11: 290 | F11: 0 | G11: 0 | H11: 8 | I11: 12 | J11: =IFERROR(F11+G11+H11+I11,"") -> 20 | K11: 270 | L11: 1 | M11: Day | N11: =IFERROR(K11/E11,"") -> 0.93103448 | O11: =J11+K11 -> 290 | P11: =O11-E11 -> 0
A12: 46270 | B12: 1,2,3,4 | C12: C39 | D12: Khapli | E12: 8900 | F12: 28 | G12: 41 | H12: 26 | I12: 405 | J12: =IFERROR(F12+G12+H12+I12,"") -> 500 | K12: 8400 | L12: 7 | M12: Day | N12: =IFERROR(K12/E12,"") -> 0.94382022 | O12: =J12+K12 -> 8900 | P12: =O12-E12 -> 0
A13: 46270 | B13: blender | C13: C39 | D13: Besan | E13: 1050 | F13: 0 | G13: 5 | H13: 10 | I13: 5 | J13: =IFERROR(F13+G13+H13+I13,"") -> 20 | K13: 1030 | L13: 1 | M13: Day | N13: =IFERROR(K13/E13,"") -> 0.98095238 | O13: =J13+K13 -> 1050 | P13: =O13-E13 -> 0
A14: 46271 | B14: blender | C14: C39 | D14: Besan | E14: 480 | F14: 0 | G14: 8 | H14: 10 | I14: 12 | J14: =IFERROR(F14+G14+H14+I14,"") -> 30 | K14: 450 | L14: 1 | M14: Day | N14: =IFERROR(K14/E14,"") -> 0.9375 | O14: =J14+K14 -> 480 | P14: =O14-E14 -> 0
A15: 46272 | B15: 1,2,3,4 | C15: C39 | D15: Khapli | E15: 9000 | F15: 55 | G15: 25 | H15: 28 | I15: 442 | J15: =IFERROR(F15+G15+H15+I15,"") -> 550 | K15: 8450 | L15: 7 | M15: Day | N15: =IFERROR(K15/E15,"") -> 0.93888889 | O15: =J15+K15 -> 9000 | P15: =O15-E15 -> 0
A16: 46273 | B16: 1,2,3,4 | C16: C39 | D16: Khapli | E16: 7600 | F16: 48 | G16: 22 | H16: 31 | I16: 390 | J16: =IFERROR(F16+G16+H16+I16,"") -> 491 | K16: 7109 | L16: 7 | M16: Day | N16: =IFERROR(K16/E16,"") -> 0.93539474 | O16: =J16+K16 -> 7600 | P16: =O16-E16 -> 0
A17: 46274 | B17: 1,2,3,4 | C17: C39 | D17: Khapli | E17: 8600 | F17: 54 | G17: 36 | H17: 22 | I17: 338 | J17: =IFERROR(F17+G17+H17+I17,"") -> 450 | K17: 8150 | L17: 7 | M17: Day | N17: =IFERROR(K17/E17,"") -> 0.94767442 | O17: =J17+K17 -> 8600 | P17: =O17-E17 -> 0
A18: 46275 | B18: 1,2,3,4 | C18: C39 | D18: Multigrain | E18: 3500 | F18: 15 | G18: 6.3 | H18: 12 | I18: 186.7 | J18: =IFERROR(F18+G18+H18+I18,"") -> 220 | K18: 3280 | L18: 7 | M18: Day | N18: =IFERROR(K18/E18,"") -> 0.93714286 | O18: =J18+K18 -> 3500 | P18: =O18-E18 -> 0
A19: 46276 | B19: 1,2,3,4 | C19: C39 | D19: Multigrain | E19: 12750 | F19: 56 | G19: 464 | H19: 29 | I19: 401 | J19: 950 | K19: 11800 | L19: 7 | M19: Day | N19: 0.93 | O19: =J19+K19 -> 12750 | P19: =O19-E19 -> 0
A20: 46277 | B20: 1,2,3,4 | C20: C39 | D20: Multigrain | E20: 9250 | F20: 46 | G20: 241 | H20: 18 | I20: 295 | J20: =F20+G20+H20+I20 -> 600 | K20: 8650 | L20: 7 | M20: Day | N20: 0.93 | O20: =J20+K20 -> 9250 | P20: =O20-E20 -> 0
A21: 46280 | B21: 1,2,3,4 | C21: C39 | D21: Multigrain | E21: 10420 | F21: 32 | G21: 95 | H21: 29 | I21: 413 | J21: 575 | K21: 9845 | L21: 7 | M21: Day | N21: =IFERROR(K21/E21,"") -> 0.94481766 | O21: =J21+K21 -> 10420 | P21: =O21-E21 -> 0
A22: 46281 | B22: 1,2,3,4 | C22: C39 | D22: Multigrain | E22: 3300 | F22: 16 | G22: 8 | H22: 13 | I22: 63 | J22: 100 | K22: 3070 | L22: 7 | M22: Day | N22: =IFERROR(K22/E22,"") -> 0.93030303 | O22: 3300 | P22: =O22-E22 -> 0
A23: 46283 | B23: 1,2,3,4 | C23: C39 | D23: Multigrain | E23: 6350 | F23: 36 | G23: 68 | H23: 29 | I23: 287 | J23: =IFERROR(F23+G23+H23+I23,"") -> 420 | K23: 5930 | L23: 7 | M23: Day | N23: =IFERROR(K23/E23,"") -> 0.93385827 | O23: =J23+K23 -> 6350 | P23: =O23-E23 -> 0
A24: 46284 | B24: 1,2,3,4 | C24: C39 | D24: Multigrain | E24: 12270 | F24: 38 | G24: 605 | H24: 32 | I24: 165 | J24: =IFERROR(F24+G24+H24+I24,"") -> 840 | K24: 11430 | L24: 7 | M24: Day | N24: =IFERROR(K24/E24,"") -> 0.93154034 | O24: =J24+K24 -> 12270 | P24: =O24-E24 -> 0
A25: 46285 | B25: 1,2,3,4 | C25: C39 | D25: Multigrain | E25: 9600 | F25: 32 | G25: 534 | H25: 28 | I25: 81 | J25: =IFERROR(F25+G25+H25+I25,"") -> 675 | K25: 8925 | L25: 7 | M25: Day | N25: =IFERROR(K25/E25,"") -> 0.9296875 | O25: =J25+K25 -> 9600 | P25: =O25-E25 -> 0
A26: 46286 | B26: 1,2,34 | C26: C39 | D26: Multigrain | E26: 11500 | F26: 36 | G26: 185 | H26: 31 | I26: 428 | J26: =IFERROR(F26+G26+H26+I26,"") -> 680 | K26: 10820 | L26: 7 | M26: Day | N26: =IFERROR(K26/E26,"") -> 0.94086957 | O26: =J26+K26 -> 11500 | P26: =O26-E26 -> 0
A27: 46287 | B27: 1,2,3,4 | C27: C39 | D27: Multigrain | E27: 12450 | F27: 39 | G27: 200 | H27: 27 | I27: 564 | J27: =IFERROR(F27+G27+H27+I27,"") -> 830 | K27: 11620 | L27: 7 | M27: Day | N27: =IFERROR(K27/E27,"") -> 0.93333333 | O27: =J27+K27 -> 12450 | P27: =O27-E27 -> 0
A28: 46288 | B28: 1,2,3,4 | C28: C39 | D28: Multigrain | E28: 12200 | F28: 34 | G28: 185 | H28: 23 | I28: 518 | J28: =IFERROR(F28+G28+H28+I28,"") -> 760 | K28: 11440 | L28: 7 | M28: Day | N28: =IFERROR(K28/E28,"") -> 0.93770492 | O28: =J28+K28 -> 12200 | P28: =O28-E28 -> 0
A29: 46289 | B29: 1,2,3,4 | C29: C39 | D29: Multigrain | E29: 5270 | F29: 23 | G29: 246 | H29: 18 | I29: 63 | J29: =IFERROR(F29+G29+H29+I29,"") -> 350 | K29: 4920 | L29: 7 | M29: Day | N29: =IFERROR(K29/E29,"") -> 0.93358634 | O29: =J29+K29 -> 5270 | P29: =O29-E29 -> 0
A30: 46290 | B30: 1,2,3,4 | C30: C39 | D30: Multigrain | E30: 11750 | F30: 39 | G30: 320 | H30: 23 | I30: 413 | J30: =IFERROR(F30+G30+H30+I30,"") -> 795 | K30: 10955 | L30: 7 | M30: Day | N30: =IFERROR(K30/E30,"") -> 0.93234043 | O30: =J30+K30 -> 11750 | P30: =O30-E30 -> 0
A31: 46291 | B31: 1,2,3,4 | C31: C39 | D31: Multigrain | E31: 10000 | F31: 31 | G31: 269 | H31: 28 | I31: 347 | J31: =IFERROR(F31+G31+H31+I31,"") -> 675 | K31: 9325 | L31: 7 | M31: Day | N31: =IFERROR(K31/E31,"") -> 0.9325 | O31: =J31+K31 -> 10000 | P31: =O31-E31 -> 0
A32: 46293 | B32: 1,2,3,4 | C32: C39 | D32: Multigrain | E32: 8900 | F32: 28 | G32: 279.9 | H32: 19.5 | I32: 342.6 | J32: =IFERROR(F32+G32+H32+I32,"") -> 670 | K32: 8230 | L32: 7 | M32: Day | N32: =IFERROR(K32/E32,"") -> 0.9247191 | O32: =J32+K32 -> 8900 | P32: =O32-E32 -> 0
A33: 46294 | B33: 1,23,4 | C33: C39 | D33: Multigrain | E33: 6500 | F33: 19 | G33: 179 | H33: 12 | I33: 265 | J33: =IFERROR(F33+G33+H33+I33,"") -> 475 | K33: 6025 | L33: 7 | M33: Day | N33: =IFERROR(K33/E33,"") -> 0.92692308 | O33: =J33+K33 -> 6500 | P33: =O33-E33 -> 0
A34: 46295 | B34: 1,2,3,4 | C34: C39 | D34: Multigrain | E34: 9700 | F34: 28 | G34: 352 | H34: 24 | I34: 234 | J34: =IFERROR(F34+G34+H34+I34,"") -> 638 | K34: 9062 | L34: 7 | M34: Day | N34: =IFERROR(K34/E34,"") -> 0.9342268 | O34: =J34+K34 -> 9700 | P34: =O34-E34 -> 0
J35: =IFERROR(F35+G35+H35+I35,"") -> 0 | N35: =IFERROR(K35/E35,"") | O35: =J35+K35 -> 0 | P35: =O35-E35 -> 0
J36: =IFERROR(F36+G36+H36+I36,"") -> 0 | N36: =IFERROR(K36/E36,"") | O36: =J36+K36 -> 0 | P36: =O36-E36 -> 0
J37: =IFERROR(F37+G37+H37+I37,"") -> 0 | N37: =IFERROR(K37/E37,"") | O37: =J37+K37 -> 0 | P37: =O37-E37 -> 0
J38: =IFERROR(F38+G38+H38+I38,"") -> 0 | N38: =IFERROR(K38/E38,"") | O38: =J38+K38 -> 0 | P38: =O38-E38 -> 0
J39: =IFERROR(F39+G39+H39+I39,"") -> 0 | N39: =IFERROR(K39/E39,"") | O39: =J39+K39 -> 0 | P39: =O39-E39 -> 0
J40: =IFERROR(F40+G40+H40+I40,"") -> 0 | N40: =IFERROR(K40/E40,"") | O40: =J40+K40 -> 0 | P40: =O40-E40 -> 0
J41: =IFERROR(F41+G41+H41+I41,"") -> 0 | N41: =IFERROR(K41/E41,"") | O41: =J41+K41 -> 0 | P41: =O41-E41 -> 0
J42: =IFERROR(F42+G42+H42+I42,"") -> 0 | N42: =IFERROR(K42/E42,"") | O42: =J42+K42 -> 0 | P42: =O42-E42 -> 0
J43: =IFERROR(F43+G43+H43+I43,"") -> 0 | N43: =IFERROR(K43/E43,"") | O43: =J43+K43 -> 0 | P43: =O43-E43 -> 0

Sheet C6 OCT
A2: Atta Production Report
E3: =SUBTOTAL(9,E6:E60) -> 35747.5 | F3: =SUBTOTAL(9,F6:F60) -> 9 | G3: =SUBTOTAL(9,G6:G60) -> 474 | H3: =SUBTOTAL(9,H6:H60) -> 19 | I3: =SUBTOTAL(9,I6:I60) -> 1989.5 | J3: =SUBTOTAL(9,J6:J60) -> 2491.5 | K3: =SUBTOTAL(9,K6:K60) -> 33256 | N3: =K3/E3*100 -> 93.030282 | O3: =SUBTOTAL(9,O6:O60) -> 35747.5 | P3: =SUBTOTAL(9,P6:P60) -> 0
A4: Date | B4: Machine | C4: Plant | D4: Product | E4: (a) INPUT RM -Kg | F4: (b) Wastage @Sorting,Kg | G4: (c) Bran, Kg | H4: (d) Wastage Floor spillages, Kg | I4: (e) Process Loss, Kg | J4: (f) Total Wastage, Kg (b+c+d+e) | K4: (g) Atta SFG, Kg | L4: Manpower | M4: Shift | N4: Yield %
O5: Mass Balance | P5: Variance
A6: 46296 | B6: chakki1,2,3 | C6: C6 New Plant | D6: khapli protein premix | E6: 997.5 | F6: 1 | G6: 29 | H6: 1 | I6: 48.5 | J6: =SUM(F6:I6) -> 79.5 | K6: 918 | L6: 4 | M6: Day | N6: =IFERROR(K6/E6,"") -> 0.92030075 | O6: =J6+K6 -> 997.5 | P6: =O6-E6 -> 0
A7: 46296 | B7: chakki1,2,3 | C7: C6 New Plant | D7: khapli wheat grains | E7: 1750 | F7: 1 | G7: 9 | H7: 1 | I7: 101 | J7: =SUM(F7:I7) -> 112 | K7: 1638 | L7: 4 | M7: Day | N7: =IFERROR(K7/E7,"") -> 0.936 | O7: =J7+K7 -> 1750 | P7: =O7-E7 -> 0
A8: 46298 | B8: chakki1,2,3 | C8: C6 New Plant | D8: khapli wheat grains | E8: 4000 | F8: 1 | G8: 52 | H8: 2 | I8: 245 | J8: =SUM(F8:I8) -> 300 | K8: 3700 | L8: 4 | M8: Day | N8: =IFERROR(K8/E8,"") -> 0.925 | O8: =J8+K8 -> 4000 | P8: =O8-E8 -> 0
A9: 46300 | B9: chakki1,2,3 | C9: C6 New Plant | D9: khapli wheat grains | E9: 4000 | F9: 1 | G9: 50 | H9: 2 | I9: 227 | J9: =SUM(F9:I9) -> 280 | K9: 3720 | L9: 4 | M9: Day | N9: =IFERROR(K9/E9,"") -> 0.93 | O9: =J9+K9 -> 4000 | P9: =O9-E9 -> 0
A10: 46301 | B10: chakki1,2,3 | C10: C6 New Plant | D10: khapli wheat grains | E10: 3800 | F10: 1 | G10: 29 | H10: 2 | I10: 234 | J10: =SUM(F10:I10) -> 266 | K10: 3534 | L10: 4 | M10: Day | N10: =IFERROR(K10/E10,"") -> 0.93 | O10: =J10+K10 -> 3800 | P10: =O10-E10 -> 0
A11: 46302 | B11: chakki1,2,3 | C11: C6 New Plant | D11: khapli wheat grains | E11: 4050 | F11: 1 | G11: 32 | H11: 2 | I11: 184 | J11: =SUM(F11:I11) -> 219 | K11: 3831 | L11: 4 | M11: Day | N11: =IFERROR(K11/E11,"") -> 0.94592593 | O11: =J11+K11 -> 4050 | P11: =O11-E11 -> 0
A12: 46303 | B12: chakki1,2,3 | C12: C6 New Plant | D12: khapli wheat grains | E12: 1150 | F12: 0 | G12: 8 | H12: 1 | I12: 74 | J12: =SUM(F12:I12) -> 83 | K12: 1067 | L12: 4 | M12: Day | N12: =IFERROR(K12/E12,"") -> 0.92782609 | O12: =J12+K12 -> 1150 | P12: =O12-E12 -> 0
A13: 46304 | B13: chakki1,2,3 | C13: C6 New Plant | D13: khapli wheat grains | E13: 5750 | F13: 1 | G13: 105 | H13: 3 | I13: 341 | J13: =SUM(F13:I13) -> 450 | K13: 5300 | L13: 4 | M13: Day | N13: =IFERROR(K13/E13,"") -> 0.92173913 | O13: =J13+K13 -> 5750 | P13: =O13-E13 -> 0
A14: 46305 | B14: chakki1,2,3 | C14: C6 New Plant | D14: khapli wheat grains | E14: 6050 | F14: 1 | G14: 110 | H14: 3 | I14: 328 | J14: =SUM(F14:I14) -> 442 | K14: 5608 | L14: 4 | M14: Day | N14: =IFERROR(K14/E14,"") -> 0.92694215 | O14: =J14+K14 -> 6050 | P14: =O14-E14 -> 0
A15: 46307 | B15: chakki1,2,3 | C15: C6 New Plant | D15: khapli wheat grains | E15: 4200 | F15: 1 | G15: 50 | H15: 2 | I15: 207 | J15: =SUM(F15:I15) -> 260 | K15: 3940 | L15: 3 | M15: Day | N15: =IFERROR(K15/E15,"") -> 0.93809524 | O15: =J15+K15 -> 4200 | P15: =O15-E15 -> 0
J16: =SUM(F16:I16) -> 0 | N16: =IFERROR(K16/E16,"") | O16: =J16+K16 -> 0 | P16: =O16-E16 -> 0
J17: =SUM(F17:I17) -> 0 | N17: =IFERROR(K17/E17,"") | O17: =J17+K17 -> 0 | P17: =O17-E17 -> 0
J18: =SUM(F18:I18) -> 0 | N18: =IFERROR(K18/E18,"") | O18: =J18+K18 -> 0 | P18: =O18-E18 -> 0
J19: =SUM(F19:I19) -> 0 | N19: =IFERROR(K19/E19,"") | O19: =J19+K19 -> 0 | P19: =O19-E19 -> 0
J20: =SUM(F20:I20) -> 0 | N20: =IFERROR(K20/E20,"") | O20: =J20+K20 -> 0 | P20: =O20-E20 -> 0
J21: =SUM(F21:I21) -> 0 | N21: =IFERROR(K21/E21,"") | O21: =J21+K21 -> 0 | P21: =O21-E21 -> 0
J22: =SUM(F22:I22) -> 0 | N22: =IFERROR(K22/E22,"") | O22: =J22+K22 -> 0 | P22: =O22-E22 -> 0
J23: =SUM(F23:I23) -> 0 | N23: =IFERROR(K23/E23,"") | O23: =J23+K23 -> 0 | P23: =O23-E23 -> 0
J24: =SUM(F24:I24) -> 0 | N24: =IFERROR(K24/E24,"") | O24: =J24+K24 -> 0 | P24: =O24-E24 -> 0
J25: =SUM(F25:I25) -> 0 | N25: =IFERROR(K25/E25,"") | O25: =J25+K25 -> 0 | P25: =O25-E25 -> 0
J26: =SUM(F26:I26) -> 0 | N26: =IFERROR(K26/E26,"") | O26: =J26+K26 -> 0 | P26: =O26-E26 -> 0
J27: =SUM(F27:I27) -> 0 | N27: =IFERROR(K27/E27,"") | O27: =J27+K27 -> 0 | P27: =O27-E27 -> 0
... J45: =SUM(F45:I45) -> 0 | N45: =IFERROR(K45/E45,"") | O45: =J45+K45 -> 0 | P45: =O45-E45 -> 0
N46: =IFERROR(K46/E46,"") | O46: =J46+K46 -> 0 | P46: =O46-E46 -> 0
N47: =IFERROR(K47/E47,"") | O47: =J47+K47 -> 0 | P47: =O47-E47 -> 0
N48: =IFERROR(K48/E48,"") | O48: =J48+K48 -> 0 | P48: =O48-E48 -> 0
N49: =IFERROR(K49/E49,"") | O49: =J49+K49 -> 0 | P49: =O49-E49 -> 0
N50: =IFERROR(K50/E50,"") | O50: =J50+K50 -> 0 | P50: =O50-E50 -> 0
N51: =IFERROR(K51/E51,"") | O51: =J51+K51 -> 0 | P51: =O51-E51 -> 0
N52: =IFERROR(K52/E52,"") | O52: =J52+K52 -> 0 | P52: =O52-E52 -> 0
N53: =IFERROR(K53/E53,"")
N54: =IFERROR(K54/E54,"")
N55: =IFERROR(K55/E55,"")
N56: =IFERROR(K56/E56,"")
N57: =IFERROR(K57/E57,"")
N58: =IFERROR(K58/E58,"")
N59: =IFERROR(K59/E59,"")
N60: =IFERROR(K60/E60,"")

Sheet C39 OCT
A2: Atta Production Report
E3: =SUBTOTAL(9,E6:E43) -> 92450 | F3: =SUBTOTAL(9,F6:F43) -> 225 | G3: =SUBTOTAL(9,G6:G43) -> 2424 | H3: =SUBTOTAL(9,H6:H43) -> 230 | I3: =SUBTOTAL(9,I6:I43) -> 3686 | J3: =SUBTOTAL(9,J6:J43) -> 6565 | K3: =SUBTOTAL(9,K6:K43) -> 85885 | N3: =K3/E3*100 -> 92.898864
A4: Date | B4: Machine | C4: Plant | D4: Product | E4: (a) INPUT RM -Kg | F4: (b) Wastage @Sorting,Kg | G4: (c) Bran, Kg | H4: (d) Wastage Floor spillages, Kg | I4: (e) Process Loss, Kg | J4: (f) Total Wastage, Kg (b+c+d+e) | K4: (g) Atta SFG, Kg | L4: Manpower | M4: Shift | N4: Yield % | O4: Mass Balance | P4: Variance
A6: 46296 | B6: 1,2,3,4 | C6: C39 | D6: Multigrain | E6: 9800 | F6: 19 | G6: 345 | H6: 19 | I6: 267 | J6: =IFERROR(F6+G6+H6+I6,"") -> 650 | K6: 9150 | L6: 7 | M6: Day | N6: =IFERROR(K6/E6,"") -> 0.93367347 | O6: =J6+K6 -> 9800 | P6: =O6-E6 -> 0
A7: 46298 | B7: 1,2,3,4 | C7: C39 | D7: Multigrain | E7: 8400 | F7: 16 | G7: 216 | H7: 15 | I7: 373 | J7: =IFERROR(F7+G7+H7+I7,"") -> 620 | K7: 7780 | L7: 7 | M7: Day | N7: =IFERROR(K7/E7,"") -> 0.92619048 | O7: =J7+K7 -> 8400 | P7: =O7-E7 -> 0
A8: 46299 | B8: 1,2,3,4 | C8: C39 | D8: Multigrain | E8: 9500 | F8: 29 | G8: 249 | H8: 25 | I8: 397 | J8: =IFERROR(F8+G8+H8+I8,"") -> 700 | K8: 8800 | L8: 7 | M8: Day | N8: =IFERROR(K8/E8,"") -> 0.92631579 | O8: =J8+K8 -> 9500 | P8: =O8-E8 -> 0
A9: 46300 | B9: 1,2,3,4 | C9: C39 | D9: Multigrain | E9: 15500 | F9: 38 | G9: 315 | H9: 38 | I9: 894 | J9: =IFERROR(F9+G9+H9+I9,"") -> 1285 | K9: 14215 | L9: 7 | M9: Day | N9: =IFERROR(K9/E9,"") -> 0.91709677 | O9: =J9+K9 -> 15500 | P9: =O9-E9 -> 0
A10: 46301 | B10: 1,2,3,4 | C10: C39 | D10: Multigrain | E10: 8300 | F10: 26 | G10: 276 | H10: 31 | I10: 217 | J10: =IFERROR(F10+G10+H10+I10,"") -> 550 | K10: 7750 | L10: 7 | M10: Day | N10: =IFERROR(K10/E10,"") -> 0.93373494 | O10: =J10+K10 -> 8300 | P10: =O10-E10 -> 0
A11: 46302 | B11: 1,2,3,4 | C11: C39 | D11: Multigrain | E11: 13100 | F11: 27 | G11: 316 | H11: 29 | I11: 528 | J11: =IFERROR(F11+G11+H11+I11,"") -> 900 | K11: 12200 | L11: 7 | M11: Day | N11: =IFERROR(K11/E11,"") -> 0.93129771 | O11: =J11+K11 -> 13100 | P11: =O11-E11 -> 0
A12: 46303 | B12: 1,2,3,4 | C12: C39 | D12: Multigrain | E12: 17650 | F12: 32 | G12: 375 | H12: 34 | I12: 719 | J12: =IFERROR(F12+G12+H12+I12,"") -> 1160 | K12: 16490 | L12: 7 | M12: Day | N12: =IFERROR(K12/E12,"") -> 0.93427762 | O12: =J12+K12 -> 17650 | P12: =O12-E12 -> 0
A13: 46304 | B13: 1,2,3,4 | C13: C39 | D13: Multigrain | E13: 10200 | F13: 38 | G13: =140+192 -> 332 | H13: 39 | I13: 291 | J13: =IFERROR(F13+G13+H13+I13,"") -> 700 | K13: 9500 | L13: 7 | M13: Day | N13: =IFERROR(K13/E13,"") -> 0.93137255 | O13: =J13+K13 -> 10200 | P13: =O13-E13 -> 0
A14: 46305 | B14: 1,2,3,4 | C14: C39 | D14: Multigrain | J14: =IFERROR(F14+G14+H14+I14,"") -> 0 | N14: =IFERROR(K14/E14,"") | O14: =J14+K14 -> 0 | P14: =O14-E14 -> 0
J15: =IFERROR(F15+G15+H15+I15,"") -> 0 | N15: =IFERROR(K15/E15,"") | O15: =J15+K15 -> 0 | P15: =O15-E15 -> 0
J16: =IFERROR(F16+G16+H16+I16,"") -> 0 | N16: =IFERROR(K16/E16,"") | O16: =J16+K16 -> 0 | P16: =O16-E16 -> 0
J17: =IFERROR(F17+G17+H17+I17,"") -> 0 | N17: =IFERROR(K17/E17,"") | O17: =J17+K17 -> 0 | P17: =O17-E17 -> 0
J18: =IFERROR(F18+G18+H18+I18,"") -> 0 | N18: =IFERROR(K18/E18,"") | O18: =J18+K18 -> 0 | P18: =O18-E18 -> 0
J19: =IFERROR(F19+G19+H19+I19,"") -> 0 | N19: =IFERROR(K19/E19,"") | O19: =J19+K19 -> 0 | P19: =O19-E19 -> 0
J20: =IFERROR(F20+G20+H20+I20,"") -> 0 | N20: =IFERROR(K20/E20,"") | O20: =J20+K20 -> 0 | P20: =O20-E20 -> 0
J21: =IFERROR(F21+G21+H21+I21,"") -> 0 | N21: =IFERROR(K21/E21,"") | O21: =J21+K21 -> 0 | P21: =O21-E21 -> 0
J22: =IFERROR(F22+G22+H22+I22,"") -> 0 | N22: =IFERROR(K22/E22,"") | O22: =J22+K22 -> 0 | P22: =O22-E22 -> 0
J23: =IFERROR(F23+G23+H23+I23,"") -> 0 | N23: =IFERROR(K23/E23,"") | O23: =J23+K23 -> 0 | P23: =O23-E23 -> 0
J24: =IFERROR(F24+G24+H24+I24,"") -> 0 | N24: =IFERROR(K24/E24,"") | O24: =J24+K24 -> 0 | P24: =O24-E24 -> 0
J25: =IFERROR(F25+G25+H25+I25,"") -> 0 | N25: =IFERROR(K25/E25,"") | O25: =J25+K25 -> 0 | P25: =O25-E25 -> 0
J26: =IFERROR(F26+G26+H26+I26,"") -> 0 | N26: =IFERROR(K26/E26,"") | O26: =J26+K26 -> 0 | P26: =O26-E26 -> 0
... J43: =IFERROR(F43+G43+H43+I43,"") -> 0 | N43: =IFERROR(K43/E43,"") | O43: =J43+K43 -> 0 | P43: =O43-E43 -> 0

Sheet Automation
A1: SOURCE SHEET REGISTER | B1: Source Sheet | C1: Date | D1: Machine | E1: Plant | F1: Product | G1: IN in Kg | H1: Sorting | I1: Bran | J1: Floor Atta | K1: Process Loss | L1: Total Wastage | M1: OUT in Kg | N1: Manpower | O1: Shift | P1: Yield % | Q1: Mass Balance | R1: Variance
A2: C6 JAN-FEB | B2: {=_xlfn.LET(_xlpm.sh,_xlfn._xlws.FILTER($A$2:$A$50,$A$2:$A$50<>""),_xlpm.all,_xlfn.DROP(_xlfn.REDUCE("",_xlpm.sh,_xlfn.LAMBDA(_xlpm.a,_xlpm.s,_xlfn.LET(_xlpm.r,INDIRECT("'"&_xlpm.s&"'!A1:P2000"),_xlpm.f,_xlfn._xlws.FILTER(_xlpm.r,(IFERROR(--_xlfn.CHOOSECOLS(_xlpm.r,1),0)>0)*(_xlfn.CHOOSECOLS(_xlpm.r,4)<>"")*(IFERROR(--_xlfn.CHOOSECOLS(_xlpm.r,5),0)>0),""),_xlpm.g,_xlfn.HSTACK(_xlfn.TAKE(_xlpm.f,,13),IFERROR(IF(_xlfn.CHOOSECOLS(_xlpm.f,14)>1,_xlfn.CHOOSECOLS(_xlpm.f,14)/100,_xlfn.CHOOSECOLS(_xlpm.f,14)),0),_xlfn.DROP(_xlpm.f,,14)),_xlfn.VSTACK(_xlpm.a,_xlfn.HSTACK(IF(_xlfn.SEQUENCE(ROWS(_xlpm.g)),_xlpm.s),_xlpm.g))))),1),_xlpm.all)} -> C6 JAN-FEB | C2: 46024 | D2: Chakki1,2&3 | E2: C6 | F2: Jowar | G2: 1900 | H2: 0 | I2: 18 | J2: 2 | K2: 132 | L2: 152 | M2: 1748 | N2: 0 | O2: 0 | P2: 0.92 | Q2: 1900 | R2: 0
A3: C39 JAN-FEB | B3: C6 JAN-FEB | C3: 46024 | D3: Chakki1,2&3 | E3: C6 | F3: Jowar | G3: 2450 | H3: 0 | I3: 104 | J3: 3 | K3: 163 | L3: 270 | M3: 2180 | N3: 0 | O3: 0 | P3: 0.88979592 | Q3: 2450 | R3: 0 | AF3: Atta Production Report (C6)
A4: C6 MARCH | B4: C6 JAN-FEB | C4: 46025 | D4: Chakki1,2&3 | E4: C6 | F4: Bajra | G4: 2850 | H4: 0 | I4: 67 | J4: 2 | K4: 183 | L4: 252 | M4: 2598 | N4: 0 | O4: 0 | P4: 0.91157895 | Q4: 2850 | R4: 0 | AF4: Date | AG4: Machine | AH4: Plant | AI4: Product | AJ4: IN in Kg | AK4: Sorting | AL4: Bran | AM4: Floor Atta | AN4: Process Loss | AO4: Total Wastage | AP4: OUT in Kg | AQ4: Manpower | AR4: Shift | AS4: Yield % | AU4: =AF4 -> Date | AV4: =AG4 -> Machine | AW4: =AH4 -> Plant | AX4: =AI4 -> Product | AY4: =AJ4 -> IN in Kg | AZ4: =AK4 -> Sorting | BA4: =AL4 -> Bran | BB4: =AM4 -> Floor Atta | ... BH4: =AS4 -> Yield %
A5: C39 MARCH | B5: C6 JAN-FEB | C5: 46026 | D5: Chakki1,2&3 | E5: C6 | F5: Multigrain | G5: 1450 | H5: 0 | I5: 18 | J5: 1 | K5: 121 | L5: 140 | M5: 1310 | N5: 3 | O5: Day | P5: 0.90344828 | Q5: 1450 | R5: 0 | AF5: {=_xlfn._xlws.FILTER('C6 OCT'!A2:N500,'C6 OCT'!A2:A500=TODAY()-1,"No Data")} -> 46307 | AG5: chakki1,2,3 | AH5: C6 New Plant | AI5: khapli wheat grains | AJ5: 4200 | AK5: 1 | AL5: 50 | AM5: 2 | AN5: 207 | AO5: 260 | AP5: 3940 | AQ5: 3 | AR5: Day | AS5: 0.93809524 | AU5: =AF5 -> 46307 | AV5: =AG5 -> chakki1,2,3 | AW5: =AH5 -> C6 New Plant | AX5: =AI5 -> khapli wheat grains | AY5: =AJ5 -> 4200 | AZ5: =AK5 -> 1 | BA5: =AL5 -> 50 | BB5: =AM5 -> 2 | ... BH5: =AS5 -> 0.93809524
A6: C6 APRIL | B6: C6 JAN-FEB | C6: 46026 | D6: Chakki1,2&3 | E6: C6 | F6: Multigrain | G6: 2250 | H6: 0 | I6: 21 | J6: 2 | K6: 162 | L6: 185 | M6: 2065 | N6: 3 | O6: Night | P6: 0.91777778 | Q6: 2250 | R6: 0 | AU6: =AF6 -> 0 | AV6: =AG6 -> 0 | AW6: =AH6 -> 0 | AX6: =AI6 -> 0 | AY6: =AJ6 -> 0 | AZ6: =AK6 -> 0 | BA6: =AL6 -> 0 | BB6: =AM6 -> 0 | ... BH6: =AS6 -> 0
A7: C39 APRIL | B7: C6 JAN-FEB | C7: 46027 | D7: Chakki1,2&3 | E7: C6 | F7: Multigrain | G7: 1350 | H7: 0 | I7: 10 | J7: 3 | K7: 118 | L7: 131 | M7: 1219 | N7: 3 | O7: Day | P7: 0.90296296 | Q7: 1350 | R7: 0 | AU7: =AF7 -> 0 | AV7: =AG7 -> 0 | AW7: =AH7 -> 0 | AX7: =AI7 -> 0 | AY7: =AJ7 -> 0 | AZ7: =AK7 -> 0 | BA7: =AL7 -> 0 | BB7: =AM7 -> 0 | ... BH7: =AS7 -> 0
A8: C6-MAY | B8: C6 JAN-FEB | C8: 46027 | D8: Chakki1,2&3 | E8: C6 | F8: Khapli | G8: 3019.5 | H8: 1 | I8: 120 | J8: 1 | K8: 179.5 | L8: 301.5 | M8: 2718 | N8: 3 | O8: Night | P8: 0.90014903 | Q8: 3019.5 | R8: 0
A9: C39-MAY | B9: C6 JAN-FEB | C9: 46028 | D9: Chakki1,2&3 | E9: C6 | F9: Khapli | G9: 2178 | H9: 0 | I9: 85 | J9: 2 | K9: 35 | L9: 122 | M9: 2056 | N9: 3 | O9: Day | P9: 0.94398531 | Q9: 2178 | R9: 0
A10: C6-JUNE | B10: C6 JAN-FEB | C10: 46028 | D10: Chakki1,2&3 | E10: C6 | F10: Multigrain | G10: 3700 | H10: 0 | I10: 90 | J10: 2 | K10: 246 | L10: 338 | M10: 3362 | N10: 3 | O10: Night | P10: 0.90864865 | Q10: 3700 | R10: 0
A11: C39-JUNE | B11: C6 JAN-FEB | C11: 46029 | D11: Chakki1,2&3 | E11: C6 | F11: Multigrain | G11: 2400 | H11: 0 | I11: 19 | J11: 3 | K11: 195 | L11: 217 | M11: 2183 | N11: 3 | O11: Day | P11: 0.90958333 | Q11: 2400 | R11: 0 | AF11: Atta Production Report (C39)
A12: C6-JULY | B12: C6 JAN-FEB | C12: 46029 | D12: Chakki1,2&3 | E12: C6 | F12: Multigrain | G12: 3750 | H12: 0 | I12: 110 | J12: 4 | K12: 214 | L12: 328 | M12: 3422 | N12: 3 | O12: Night | P12: 0.91253333 | Q12: 3750 | R12: 0 | AF12: Date | AG12: Machine | AH12: Plant | AI12: Product | AJ12: IN in Kg | AK12: Sorting | AL12: Bran | AM12: Floor Atta | AN12: Process Loss | AO12: Total Wastage | AP12: OUT in Kg | AQ12: Manpower | AR12: Shift | AS12: Yield % | AU12: =AF12 -> Date | AV12: =AG12 -> Machine | AW12: =AH12 -> Plant | AX12: =AI12 -> Product | AY12: =AJ12 -> IN in Kg | AZ12: =AK12 -> Sorting | BA12: =AL12 -> Bran | BB12: =AM12 -> Floor Atta | ... BH12: =AS12 -> Yield %
A13: C39-JULY | B13: C6 JAN-FEB | C13: 46030 | D13: Chakki1,2 | E13: C6 | F13: Multigrain | G13: 600 | H13: 0 | I13: 2 | J13: 1 | K13: 16 | L13: 19 | M13: 581 | N13: 2 | O13: Day | P13: 0.96833333 | Q13: 600 | R13: 0 | AF13: {=_xlfn._xlws.FILTER('C39 OCT'!A10:N508,'C39 OCT'!A10:A508=TODAY()-1,"No Data")} -> No Data | AU13: =AF13 -> No Data | AV13: =AG13 -> 0 | AW13: =AH13 -> 0 | AX13: =AI13 -> 0 | AY13: =AJ13 -> 0 | AZ13: =AK13 -> 0 | BA13: =AL13 -> 0 | BB13: =AM13 -> 0 | ... BH13: =AS13 -> 0
A14: C6-AUG | B14: C6 JAN-FEB | C14: 46030 | D14: Chakki1,2&3 | E14: C6 | F14: Multigrain | G14: 1150 | H14: 0 | I14: 23 | J14: 2 | K14: 87 | L14: 112 | M14: 1038 | N14: 4 | O14: Night | P14: 0.9026087 | Q14: 1150 | R14: 0 | AU14: =AF14 -> 0 | AV14: =AG14 -> 0 | AW14: =AH14 -> 0 | AX14: =AI14 -> 0 | AY14: =AJ14 -> 0 | AZ14: =AK14 -> 0 | BA14: =AL14 -> 0 | BB14: =AM14 -> 0 | ... BH14: =AS14 -> 0
A15: C39-AUG | B15: C6 JAN-FEB | C15: 46031 | D15: Chakki1,2 | E15: C6 | F15: Multigrain | G15: 70 | H15: 0 | I15: 0 | J15: 0 | K15: 6 | L15: 6 | M15: 64 | N15: 0 | O15: Day | P15: 0.91428571 | Q15: 70 | R15: 0 | AU15: =AF15 -> 0 | AV15: =AG15 -> 0 | AW15: =AH15 -> 0 | AX15: =AI15 -> 0 | AY15: =AJ15 -> 0 | AZ15: =AK15 -> 0 | BA15: =AL15 -> 0 | BB15: =AM15 -> 0 | ... BH15: =AS15 -> 0
A16: C6 SEP | B16: C6 JAN-FEB | C16: 46032 | D16: Chakki1,2&3 | E16: C6 | F16: Multigrain | G16: 1000 | H16: 0 | I16: 8 | J16: 0 | K16: 31 | L16: 39 | M16: 961 | N16: 2 | O16: Day | P16: 0.961 | Q16: 1000 | R16: 0
A17: C39 SEP | B17: C6 JAN-FEB | C17: 46033 | D17: Chakki1,2&3 | E17: C6 | F17: Multigrain | G17: 1600 | H17: 0 | I17: 12 | J17: 2 | K17: 46 | L17: 60 | M17: 1540 | N17: 3 | O17: Day | P17: 0.9625 | Q17: 1600 | R17: 0
A18: C6 OCT | B18: C6 JAN-FEB | C18: 46034 | D18: Chakki1,2&3 | E18: C6 | F18: Multigrain | G18: 1650 | H18: 0 | I18: 16 | J18: 2 | K18: 71 | L18: 89 | M18: 1561 | N18: 3 | O18: Day | P18: 0.94606061 | Q18: 1650 | R18: 0
A19: C39 OCT | B19: C6 JAN-FEB | C19: 46034 | D19: Chakki1,2&3 | E19: C6 | F19: Multigrain | G19: 1500 | H19: 0 | I19: 13 | J19: 3 | K19: 149 | L19: 165 | M19: 1333 | N19: 4 | O19: Night | P19: 0.88866667 | Q19: 1498 | R19: 2
B20: C6 JAN-FEB | C20: 46035 | D20: Chakki1,2&3 | E20: C6 | F20: Multigrain | G20: 2650 | H20: 0 | I20: 31 | J20: 4 | K20: 170 | L20: 205 | M20: 2445 | N20: 3 | O20: Day | P20: 0.92264151 | Q20: 2650 | R20: 0
B21: C6 JAN-FEB | C21: 46035 | D21: Chakki1,2&3 | E21: C6 | F21: Multigrain | G21: 2200 | H21: 0 | I21: 18 | J21: 1 | K21: 181 | L21: 200 | M21: 2000 | N21: 4 | O21: Night | P21: 0.90909091 | Q21: 2200 | R21: 0 | AF21: Oil Production Report
B22: C6 JAN-FEB | C22: 46036 | D22: Chakki1,2&3 | E22: C6 | F22: Multigrain | G22: 3000 | H22: 0 | I22: 51 | J22: 4 | K22: 255 | L22: 310 | M22: 2690 | N22: 4 | O22: Night | P22: 0.89666667 | Q22: 3000 | R22: 0 | AF22: Date | AG22: Machine | AH22: Product | AI22: IN in Kg | AJ22: Pend | AK22: B Grade | AL22: Process Loss | AM22: Total Wastage | AN22: Oil Out in KG | AO22: Manpower | AP22: Remark | AQ22: Yeild % | AU22: =AF22 -> Date | AV22: =AG22 -> Machine | AW22: =AH22 -> Product | AX22: =AI22 -> IN in Kg | AY22: =AJ22 -> Pend | AZ22: =AK22 -> B Grade | BA22: =AL22 -> Process Loss | BB22: =AM22 -> Total Wastage | ... BF22: =AQ22 -> Yeild %
B23: C6 JAN-FEB | C23: 46037 | D23: Chakki1,2&3 | E23: C6 | F23: Multigrain | G23: 2000 | H23: 0 | I23: 85 | J23: 2 | K23: 93 | L23: 180 | M23: 1820 | N23: 4 | O23: Night | P23: 0.91 | Q23: 2000 | R23: 0 | AF23: {=_xlfn._xlws.FILTER('[1]Report Summary'!A3:L10000,'[1]Report Summary'!A3:A10000=TODAY()-1,"No Data")} -> No Data | AU23: =AF23 -> No Data | AV23: =AG23 -> 0 | AW23: =AH23 -> 0 | AX23: =AI23 -> 0 | AY23: =AJ23 -> 0 | AZ23: =AK23 -> 0 | BA23: =AL23 -> 0 | BB23: =AM23 -> 0 | ... BF23: =AQ23 -> 0
B24: C6 JAN-FEB | C24: 46038 | D24: Chakki1,2&3 | E24: C6 | F24: Multigrain | G24: 2100 | H24: 0 | I24: 18 | J24: 1 | K24: 80 | L24: 99 | M24: 2001 | N24: 3 | O24: Day | P24: 0.95285714 | Q24: 2100 | R24: 0 | AU24: =AF24 -> 0 | AV24: =AG24 -> 0 | AW24: =AH24 -> 0 | AX24: =AI24 -> 0 | AY24: =AJ24 -> 0 | AZ24: =AK24 -> 0 | BA24: =AL24 -> 0 | BB24: =AM24 -> 0 | ... BF24: =AQ24 -> 0
B25: C6 JAN-FEB | C25: 46038 | D25: Chakki1,2&3 | E25: C6 | F25: Multigrain | G25: 700 | H25: 0 | I25: 8 | J25: 2 | K25: 49 | L25: 59 | M25: 641 | N25: 4 | O25: Night | P25: 0.91571429 | Q25: 700 | R25: 0
B26: C6 JAN-FEB | C26: 46039 | D26: Chakki1,2&3 | E26: C6 | F26: Multigrain | G26: 2050 | H26: 0 | I26: 9 | J26: 2 | K26: 110 | L26: 121 | M26: 1929 | N26: 3 | O26: Day | P26: 0.94097561 | Q26: 2050 | R26: 0
B27: C6 JAN-FEB | C27: 46040 | D27: Chakki1,2&3 | E27: C6 | F27: Multigrain | G27: 1950 | H27: 0 | I27: 24 | J27: 2 | K27: 134 | L27: 160 | M27: 1790 | N27: 4 | O27: Night | P27: 0.91794872 | Q27: 1950 | R27: 0
B28: C6 JAN-FEB | C28: 46040 | D28: Chakki1,2&3 | E28: C6 | F28: Multigrain | G28: 2400 | H28: 0 | I28: 23 | J28: 3 | K28: 74 | L28: 100 | M28: 2300 | N28: 4 | O28: Day | P28: 0.95833333 | Q28: 2400 | R28: 0
B29: C6 JAN-FEB | C29: 46041 | D29: Chakki1,2&3 | E29: C6 | F29: Multigrain | G29: 2400 | H29: 0 | I29: 18 | J29: 5 | K29: 127 | L29: 150 | M29: 2250 | N29: 3 | O29: DAY | P29: 0.9375 | Q29: 2400 | R29: 0
B30: C6 JAN-FEB | C30: 46041 | D30: Chakki1,2&3 | E30: C6 | F30: Multigrain | G30: 2300 | H30: 0 | I30: 28 | J30: 1 | K30: 114 | L30: 143 | M30: 2157 | N30: 4 | O30: NIGHT | P30: 0.93782609 | Q30: 2300 | R30: 0
B31: C6 JAN-FEB | C31: 46042 | D31: Chakki1,2&3 | E31: C6 | F31: Multigrain | G31: 2250 | H31: 0 | I31: 20 | J31: 5 | K31: 137 | L31: 162 | M31: 2088 | N31: 3 | O31: DAY | P31: 0.928 | Q31: 2250 | R31: 0
B32: C6 JAN-FEB | C32: 46042 | D32: Chakki1,2&3 | E32: C6 | F32: Jowar | G32: 3000 | H32: 0 | I32: 142 | J32: 1 | K32: 183 | L32: 326 | M32: 2674 | N32: 4 | O32: NIGHT | P32: 0.89133333 | Q32: 3000 | R32: 0
B33: C6 JAN-FEB | C33: 46043 | D33: Chakki1,2&3 | E33: C6 | F33: Multigrain | G33: 2400 | H33: 0 | I33: 16 | J33: 2 | K33: 153 | L33: 171 | M33: 2229 | N33: 3 | O33: DAY | P33: 0.92875 | Q33: 2400 | R33: 0
B34: C6 JAN-FEB | C34: 46043 | D34: Chakki1,2&3 | E34: C6 | F34: Multigrain | G34: 3300 | H34: 0 | I34: 67 | J34: 4 | K34: 169 | L34: 240 | M34: 3060 | N34: 4 | O34: NIGHT | P34: 0.92727273 | Q34: 3300 | R34: 0
B35: C6 JAN-FEB | C35: 46044 | D35: Chakki1,2 | E35: C6 | F35: Multigrain | G35: 1950 | H35: 0 | I35: 18 | J35: 2 | K35: 56 | L35: 76 | M35: 1874 | N35: 4 | O35: DAY | P35: 0.96102564 | Q35: 1950 | R35: 0
B36: C6 JAN-FEB | C36: 46044 | D36: Chakki1,2 | E36: C6 | F36: Multigrain | G36: 3750 | H36: 0 | I36: 119 | J36: 5 | K36: 206 | L36: 330 | M36: 3420 | N36: 4 | O36: NIGHT | P36: 0.912 | Q36: 3750 | R36: 0
... B51: C6 JAN-FEB | C51: 46055 | D51: Chakki1,2&3 | E51: C6 | F51: Multigrain | G51: 1850 | H51: 0 | I51: 63 | J51: 4 | K51: 73 | L51: 140 | M51: 1710 | N51: 4 | O51: DAY | P51: 0.92432432 | Q51: 1850 | R51: 0
A52: To include a new monthly sheet: enter its exact tab name in the next blank cell in A2:A50. | B52: C6 JAN-FEB | C52: 46055 | D52: 0 | E52: C6 | F52: Multigrain | G52: 150 | H52: 0 | I52: 0 | J52: 0 | K52: 35 | L52: 35 | M52: 115 | N52: 4 | O52: DAY | P52: 0.76666667 | Q52: 150 | R52: 0
B53: C6 JAN-FEB | C53: 46055 | D53: Chakki1,2&3 | E53: C6 | F53: Multigrain | G53: 2700 | H53: 0 | I53: 55 | J53: 2 | K53: 54 | L53: 111 | M53: 2589 | N53: 4 | O53: NIGHT | P53: 0.95888889 | Q53: 2700 | R53: 0
B54: C6 JAN-FEB | C54: 46056 | D54: Chakki1,2&3 | E54: C6 | F54: Multigrain | G54: 800 | H54: 0 | I54: 19 | J54: 1 | K54: 26 | L54: 46 | M54: 754 | N54: 4 | O54: NIGHT | P54: 0.9425 | Q54: 800 | R54: 0
B55: C6 JAN-FEB | C55: 46056 | D55: Chakki1,2&3 | E55: C6 | F55: Jowar | G55: 500 | H55: 0 | I55: 6 | J55: 2 | K55: 17 | L55: 25 | M55: 475 | N55: 4 | O55: NIGHT | P55: 0.95 | Q55: 500 | R55: 0
B56: C6 JAN-FEB | C56: 46057 | D56: Chakki1,2&3 | E56: C6 | F56: Bajra | G56: 490 | H56: 0 | I56: 5 | J56: 1 | K56: 11 | L56: 17 | M56: 473 | N56: 4 | O56: NIGHT | P56: 0.96530612 | Q56: 490 | R56: 0
B57: C6 JAN-FEB | C57: 46058 | D57: Chakki1,2&3 | E57: C6 | F57: Multigrain | G57: 1100 | H57: 0 | I57: 13 | J57: 1 | K57: 36 | L57: 50 | M57: 1050 | N57: 4 | O57: NIGHT | P57: 0.95454545 | Q57: 1100 | R57: 0
B58: C6 JAN-FEB | C58: 46058 | D58: Chakki1,2&3 | E58: C6 | F58: Bajra | G58: 1000 | H58: 0 | I58: 18 | J58: 3 | K58: 42 | L58: 63 | M58: 937 | N58: 4 | O58: NIGHT | P58: 0.937 | Q58: 1000 | R58: 0
B59: C6 JAN-FEB | C59: 46059 | D59: Chakki1,2&3 | E59: C6 | F59: Multigrain | G59: 1200 | H59: 0 | I59: 19 | J59: 1 | K59: 78 | L59: 98 | M59: 1102 | N59: 4 | O59: NIGHT | P59: 0.91833333 | Q59: 1200 | R59: 0
B60: C6 JAN-FEB | C60: 46062 | D60: Chakki1,2&3 | E60: C6 | F60: Multigrain | G60: 2500 | H60: 0 | I60: 17 | J60: 3 | K60: 87 | L60: 107 | M60: 2393 | N60: 4 | O60: DAY | P60: 0.9572 | Q60: 2500 | R60: 0
B61: C6 JAN-FEB | C61: 46062 | D61: Chakki1,2&3 | E61: C6 | F61: Multigrain | G61: 2300 | H61: 0 | I61: 28 | J61: 4 | K61: 141 | L61: 173 | M61: 2127 | N61: 4 | O61: NIGHT | P61: 0.92478261 | Q61: 2300 | R61: 0
B62: C6 JAN-FEB | C62: 46063 | D62: Chakki1,2&3 | E62: C6 | F62: Bajra | G62: 2550 | H62: 0 | I62: 35 | J62: 2 | K62: 105 | L62: 142 | M62: 2408 | N62: 4 | O62: DAY | P62: 0.94431373 | Q62: 2550 | R62: 0
B63: C6 JAN-FEB | C63: 46064 | D63: Chakki1,2&3 | E63: C6 | F63: Multigrain | G63: 1900 | H63: 0 | I63: 36 | J63: 4 | K63: 110 | L63: 150 | M63: 1750 | N63: 4 | O63: DAY | P63: 0.92105263 | Q63: 1900 | R63: 0
B64: C6 JAN-FEB | C64: 46064 | D64: Chakki1,2&3 | E64: C6 | F64: Multigrain | G64: 2600 | H64: 0 | I64: 74 | J64: 2 | K64: 185 | L64: 261 | M64: 2339 | N64: 4 | O64: NIGHT | P64: 0.89961538 | Q64: 2600 | R64: 0
... B141: C39 JAN-FEB | C141: 46056 | D141: 3&4 | E141: C39 | F141: Multigrain | G141: 3050 | H141: 4.6 | I141: 59 | J141: 6 | K141: 60.4 | L141: 130 | M141: 2920 | N141: 5 | O141: Day | P141: 0.95737705 | Q141: 3050 | R141: 0
B142: C6 MARCH | C142: 46078 | D142: Pulvriser | E142: C39 | F142: Besan | G142: 650 | H142: 0 | I142: 0 | J142: 0 | K142: 40 | L142: 40 | M142: 610 | N142: 4 | O142: 0 | P142: 0.93846154 | Q142: 650 | R142: 0
B143: C6 MARCH | C143: 46082 | D143: Chakki1,2,3 | E143: C6 | F143: Multigrain | G143: 2100 | H143: 30 | I143: 25 | J143: 2 | K143: 133 | L143: 190 | M143: 1910 | N143: 4 | O143: DAY | P143: 0.90952381 | Q143: 2100 | R143: 0
B144: C6 MARCH | C144: 46082 | D144: Chakki1,2,3 | E144: C6 | F144: Pearl Millet | G144: 1750 | H144: 28 | I144: 42 | J144: 2 | K144: 82.4 | L144: 154.4 | M144: 1595.6 | N144: 4 | O144: NIGHT | P144: 0.91177143 | Q144: 1750 | R144: 0
B145: C6 MARCH | C145: 46083 | D145: Chakki1,2,3 | E145: C6 | F145: Jowar | G145: 2400 | H145: 30 | I145: 56 | J145: 3 | K145: 132 | L145: 221 | M145: 2240 | N145: 4 | O145: DAY | P145: 0.93333333 | Q145: 2461 | R145: -61
B146: C6 MARCH | C146: 46085 | D146: Chakki1,2,3 | E146: C6 | F146: Multigrain | G146: 2100 | H146: 31 | I146: 30 | J146: 2 | K146: 110 | L146: 173 | M146: 1927 | N146: 4 | O146: DAY | P146: 0.91761905 | Q146: 2100 | R146: 0
B147: C6 MARCH | C147: 46085 | D147: Chakki1,2,3 | E147: C6 | F147: Multigrain | G147: 2900 | H147: 29 | I147: 40 | J147: 1 | K147: 120 | L147: 190 | M147: 2660 | N147: 4 | O147: NIGHT | P147: 0.91724138 | Q147: 2850 | R147: 50
B148: C6 MARCH | C148: 46086 | D148: Chakki1,2,3 | E148: C6 | F148: Multigrain | G148: 1750 | H148: 30 | I148: 14 | J148: 1 | K148: 105 | L148: 150 | M148: 1605 | N148: 4 | O148: DAY | P148: 0.91714286 | Q148: 1755 | R148: -5
B149: C6 MARCH | C149: 46086 | D149: Chakki1,2,3 | E149: C6 | F149: Multigrain | G149: 3250 | H149: 45 | I149: 68 | J149: 2 | K149: 130 | L149: 245 | M149: 3005 | N149: 4 | O149: NIGHT | P149: 0.92461538 | Q149: 3250 | R149: 0
B150: C6 MARCH | C150: 46087 | D150: Chakki1,2,3 | E150: C6 | F150: Khapli wheat | G150: 175 | H150: 10 | I150: 0.4 | J150: 0.2 | K150: 3.4 | L150: 14 | M150: 161 | N150: 4 | O150: DAY | P150: 0.92 | Q150: 175 | R150: 0
B151: C6 MARCH | C151: 46087 | D151: Chakki1,2,3 | E151: C6 | F151: Khapli wheat | G151: 3350 | H151: 42 | I151: 35 | J151: 4 | K151: 233 | L151: 314 | M151: 3111 | N151: 4 | O151: NIGHT | P151: 0.92865672 | Q151: 3425 | R151: -75
B152: C6 MARCH | C152: 46088 | D152: Chakki 1,2,3 | E152: C6 | F152: Khapli wheat | G152: 2200 | H152: 20 | I152: 4 | J152: 1 | K152: 134 | L152: 159 | M152: 2041 | N152: 4 | O152: DAY | P152: 0.92772727 | Q152: 2200 | R152: 0
B153: C39 MARCH | C153: 46082 | D153: 3&4 | E153: C39 | F153: Multigrain | G153: 5100 | H153: 3.8 | I153: 72 | J153: 15 | K153: 149.2 | L153: 240 | M153: 4860 | N153: 9 | O153: Day | P153: 0.95294118 | Q153: 5100 | R153: 0
B154: C39 MARCH | C154: 46082 | D154: 3&4 | E154: C39 | F154: Multigrain | G154: 720 | H154: 1.5 | I154: 12 | J154: 5 | K154: 21.5 | L154: 40 | M154: 680 | N154: 6 | O154: Night | P154: 0.94444444 | Q154: 720 | R154: 0
... B173: C39 MARCH | C173: 46108 | D173: 1,2,3&4 | E173: C39 | F173: multigrain | G173: 4850 | H173: 6 | I173: 104 | J173: 12 | K173: 128 | L173: 250 | M173: 4600 | N173: 4 | O173: day | P173: 0.94845361 | Q173: 4850 | R173: 0
B174: C39 MARCH | C174: 46109 | D174: 1,2,3&4 | E174: C39 | F174: multigrain | G174: 4500 | H174: 4 | I174: 112 | J174: 16 | K174: 168 | L174: 300 | M174: 4200 | N174: 4 | O174: 0 | P174: 0.93333333 | Q174: 4500 | R174: 0
B175: C39 MARCH | C175: 46110 | D175: 1,2,3&4 | E175: c39 | F175: multigrain | G175: 2050 | H175: 4 | I175: 45 | J175: 11 | K175: 72 | L175: 132 | M175: 1920 | N175: 4 | O175: Day | P175: 0.93658537 | Q175: 2052 | R175: -2
B176: C39 MARCH | C176: 46111 | D176: 1,2,3&4 | E176: c39 | F176: multigrain | G176: 4260 | H176: 7 | I176: 90 | J176: 10 | K176: 153 | L176: 260 | M176: 4000 | N176: 4 | O176: DAY | P176: 0.93896714 | Q176: 4260 | R176: 0
B177: C39 MARCH | C177: 46112 | D177: 1,2,3&4 | E177: c39 | F177: multigrain | G177: 8000 | H177: 8 | I177: 470 | J177: 16 | K177: 226 | L177: 720 | M177: 7280 | N177: 5 | O177: DAY | P177: 0.91 | Q177: 8000 | R177: 0
B178: C6 APRIL | C178: 46113 | D178: Chakki1,2,3 | E178: C6 | F178: Khapli wheat | G178: 1000 | H178: 6 | I178: 1 | J178: 1 | K178: 42 | L178: 50 | M178: 950 | N178: 3 | O178: Night | P178: 0.95 | Q178: 1000 | R178: 0
B179: C6 APRIL | C179: 46114 | D179: Chakki1,2,3 | E179: C6 | F179: Khapli wheat | G179: 1050 | H179: 0 | I179: 6 | J179: 1 | K179: 66 | L179: 73 | M179: 977 | N179: 3 | O179: Night | P179: 0.93047619 | Q179: 1050 | R179: 0
B180: C6 APRIL | C180: 46118 | D180: Chakki1,2,3 | E180: C6 | F180: Khapli wheat | G180: 1150 | H180: 7 | I180: 26 | J180: 1.5 | K180: 80.5 | L180: 115 | M180: 1035 | N180: 4 | O180: Night | P180: 0.9 | Q180: 1150 | R180: 0
B181: C6 APRIL | C181: 46116 | D181: Chakki 1 | E181: C6 | F181: Khapli wheat | G181: 720 | H181: 3 | I181: 10 | J181: 1 | K181: 45 | L181: 59 | M181: 661 | N181: 3 | O181: Day | P181: 0.91805556 | Q181: 720 | R181: 0
B182: C6 APRIL | C182: 46119 | D182: Chakki1,2,3 | E182: C6 | F182: Khapli wheat | G182: 720 | H182: 1 | I182: 10 | J182: 1 | K182: 28 | L182: 40 | M182: 680 | N182: 2 | O182: Day | P182: 0.94444444 | Q182: 720 | R182: 0
B183: C6 APRIL | C183: 46120 | D183: Chakki1,2,3 | E183: C6 | F183: Khapli wheat | G183: 850 | H183: 2.5 | I183: 15 | J183: 2 | K183: 40.5 | L183: 60 | M183: 790 | N183: 3 | O183: Night | P183: 0.92941176 | Q183: 850 | R183: 0
B184: C6 APRIL | C184: 46120 | D184: Chakki1,2,3 | E184: C6 | F184: Khapli wheat | G184: 1200 | H184: 3 | I184: 30 | J184: 2 | K184: 65 | L184: 100 | M184: 1100 | N184: 3 | O184: Day | P184: 0.91666667 | Q184: 1200 | R184: 0
B185: C6 APRIL | C185: 46121 | D185: Chakki1,2,3 | E185: C6 | F185: Khapli wheat | G185: 900 | H185: 2.5 | I185: 16 | J185: 2 | K185: 56.5 | L185: 77 | M185: 823 | N185: 3 | O185: Day | P185: 0.91444444 | Q185: 900 | R185: 0
B186: C6 APRIL | C186: 46121 | D186: Chakki1,2,3 | E186: C6 | F186: Bajra | G186: 720 | H186: 2 | I186: 5 | J186: 1 | K186: 62 | L186: 70 | M186: 650 | N186: 3 | O186: Night | P186: 0.90277778 | Q186: 720 | R186: 0
... B202: C6 APRIL | C202: 46133 | D202: Chakki1,2,3 | E202: C6 | F202: Multigrains | G202: 2550 | H202: 24 | I202: 18 | J202: 2 | K202: 180 | L202: 200 | M202: 2350 | N202: 3 | O202: Night | P202: 0.92156863 | Q202: 2550 | R202: 0
B203: C6 APRIL | C203: 46133 | D203: Chakki1,2,3 | E203: C6 | F203: Multigrains | G203: 2100 | H203: 17 | I203: 18 | J203: 3 | K203: 149 | L203: 170 | M203: 1930 | N203: 0 | O203: 0 | P203: 0.91904762 | Q203: 2100 | R203: 0
B204: C6 APRIL | C204: 46134 | D204: Chakki1,2,3 | E204: C6 | F204: Multigrains | G204: 3200 | H204: 27 | I204: 51 | J204: 3 | K204: 196 | L204: 250 | M204: 2950 | N204: 3 | O204: Day | P204: 0.921875 | Q204: 3200 | R204: 0
B205: C6 APRIL | C205: 46134 | D205: Chakki1,2,3 | E205: C6 | F205: Multigrains | G205: 2250 | H205: 13 | I205: 12 | J205: 2 | K205: 156 | L205: 170 | M205: 2080 | N205: 3 | O205: Night | P205: 0.92444444 | Q205: 2250 | R205: 0
B206: C6 APRIL | C206: 46135 | D206: Chakki1,2,3 | E206: C6 | F206: Multigrains | G206: 2000 | H206: 11 | I206: 10 | J206: 2 | K206: 160 | L206: 172 | M206: 1828 | N206: 3 | O206: Day | P206: 0.914 | Q206: 2000 | R206: 0
B207: C6 APRIL | C207: 46135 | D207: Chakki1,2,3 | E207: C6 | F207: Multigrains | G207: 2000 | H207: 10 | I207: 17 | J207: 2 | K207: 131 | L207: 150 | M207: 1850 | N207: 3 | O207: Night | P207: 0.925 | Q207: 2000 | R207: 0
B208: C6 APRIL | C208: 46135 | D208: Chakki1,2,3 | E208: C6 | F208: Protein Atta | G208: 1261 | H208: 0 | I208: 8 | J208: 8 | K208: 62 | L208: 78 | M208: 1183 | N208: 3 | O208: Night | P208: 0.93814433 | Q208: 1261 | R208: 0
B209: C6 APRIL | C209: 46136 | D209: Chakki1,2,3 | E209: C6 | F209: Multigrains | G209: 3100 | H209: 15 | I209: 55 | J209: 2 | K209: 173 | L209: 230 | M209: 2870 | N209: 3 | O209: Day | P209: 0.92580645 | Q209: 3100 | R209: 0
B210: C6 APRIL | C210: 46136 | D210: Chakki1,2,3 | E210: C6 | F210: Multigrains | G210: 2850 | H210: 17 | I210: 48 | J210: 2 | K210: 170 | L210: 220 | M210: 2630 | N210: 3 | O210: Night | P210: 0.92280702 | Q210: 2850 | R210: 0
B211: C6 APRIL | C211: 46139 | D211: Chakki1,2,3 | E211: C6 | F211: Multigrains | G211: 2100 | H211: 14 | I211: 24 | J211: 2 | K211: 134 | L211: 160 | M211: 1940 | N211: 3 | O211: Day | P211: 0.92380952 | Q211: 2100 | R211: 0
B212: C6 APRIL | C212: 46140 | D212: Chakki1,2,3 | E212: C6 | F212: Bajra | G212: 535 | H212: 1 | I212: 3 | J212: 10 | K212: 37 | L212: 50 | M212: 485 | N212: 3 | O212: Day | P212: 0.90654206 | Q212: 535 | R212: 0
B213: C6 APRIL | C213: 46141 | D213: Chakki1,2,3 | E213: C6 | F213: Jowar | G213: 2870 | H213: 14 | I213: 39 | J213: 2 | K213: 193 | L213: 234 | M213: 2636 | N213: 3 | O213: Night | P213: 0.9184669 | Q213: 2870 | R213: 0
B214: C6 APRIL | C214: 46142 | D214: Chakki1,2,3 | E214: C6 | F214: Bajra | G214: 225 | H214: 1 | I214: 8 | J214: 2 | K214: 11 | L214: 21 | M214: 204 | N214: 3 | O214: Day | P214: 0.90666667 | Q214: 225 | R214: 0
B215: C6 APRIL | C215: 46142 | D215: Chakki1,2,3 | E215: C6 | F215: Jowar | G215: 340 | H215: 1 | I215: 15 | J215: 2 | K215: 18 | L215: 36 | M215: 305 | N215: 3 | O215: Day | P215: 0.89705882 | Q215: 341 | R215: -1
... B260: C6-MAY | C260: 46160 | D260: chakki1,2,3 | E260: NEW PLANT | F260: khapli Multigrain | G260: 3450 | H260: 0 | I260: 77 | J260: 3 | K260: 150 | L260: 230 | M260: 3220 | N260: 3 | O260: DAY | P260: 0.93333333 | Q260: 3450 | R260: 0
B261: C6-MAY | C261: 46160 | D261: chakki1,2,3 | E261: NEW PLANT | F261: HIGH PROTEIN ATTA | G261: 1450 | H261: 0 | I261: 19 | J261: 2 | K261: 55.5 | L261: 76.5 | M261: 1373.5 | N261: 0 | O261: 0 | P261: 0.94724138 | Q261: 1450 | R261: 0
B262: C6-MAY | C262: 46161 | D262: chakki1,2,3 | E262: NEW PLANT | F262: khapli Multigrain | G262: 1800 | H262: 0 | I262: 45 | J262: 2 | K262: 79 | L262: 126 | M262: 1674 | N262: 4 | O262: DAY | P262: 0.93 | Q262: 1800 | R262: 0
B263: C6-MAY | C263: 46161 | D263: chakki1,2,3 | E263: OLD PLANT | F263: KHAPLI | G263: 1050 | H263: 6 | I263: 15 | J263: 1 | K263: 68 | L263: 90 | M263: 960 | N263: 4 | O263: DAY | P263: 0.91428571 | Q263: 1050 | R263: 0
B264: C6-MAY | C264: 46162 | D264: chakki1,2,3 | E264: OLD PLANT | F264: KHAPLI | G264: 820 | H264: 5 | I264: 15 | J264: 1 | K264: 45 | L264: 66 | M264: 754 | N264: 3 | O264: DAY | P264: 0.9195122 | Q264: 820 | R264: 0
B265: C6-MAY | C265: 46162 | D265: chakki1,2,3 | E265: OLD PLANT | F265: JOWAR | G265: 1650 | H265: 0 | I265: 39 | J265: 1 | K265: 90 | L265: 130 | M265: 1520 | N265: 3 | O265: DAY | P265: 0.92121212 | Q265: 1650 | R265: 0
B266: C6-MAY | C266: 46163 | D266: chakki1,2,3 | E266: OLD PLANT | F266: jowar | G266: 350 | H266: 5 | I266: 7 | J266: 1 | K266: 67 | L266: 80 | M266: 270 | N266: 2 | O266: DAY | P266: 0.77142857 | Q266: 350 | R266: 0
B267: C6-MAY | C267: 46163 | D267: chakki1,2,3 | E267: OLD PLANT | F267: HIGH PROTEIN ATTA | G267: 339.5 | H267: 0 | I267: 9 | J267: 0.5 | K267: 21 | L267: 30.5 | M267: 309 | N267: 2 | O267: DAY | P267: 0.910162 | Q267: 339.5 | R267: 0
...

Sheet Sheet2
A2: Before Changing sieves | H2: After Changing sieves
A3: Date | B3: Grains in Kg | C3: Bran in Kg | D3: Bran % | H3: Date | I3: Grains in Kg | J3: Bran in Kg | K3: Bran %
A5: 46254 | B5: 7970 | C5: 510 | D5: =C5/B5 -> 0.063989962 | H5: 46259 | I5: 9150 | J5: 135 | K5: =J5/I5 -> 0.014754098
