Workbook

Sheet Dashboard
A1: WORKFORCE COMMAND CENTER
P2: Section | Q2: Gap | R2: Date | S2: Plan | T2: Present | U2: OT Hours | AA2: ='Daily Tracker'!E$2 -> 46174 | AB2: ='Daily Tracker'!F$2 -> 46175 | AC2: ='Daily Tracker'!G$2 -> 46176 | AD2: ='Daily Tracker'!H$2 -> 46177 | AE2: ='Daily Tracker'!I$2 -> 46178 | AF2: ='Daily Tracker'!J$2 -> 46179 | AG2: ='Daily Tracker'!K$2 -> 46180 | AH2: ='Daily Tracker'!L$2 -> 46181 | ... GS2: ='Daily Tracker'!FW$2 -> 0
A3: Daily manpower intelligence • KPI KEY: GREEN ≥95% | AMBER 85–94.9% | RED <85% | P3: {=_xlfn.LET(_xlpm.msk,(($E$4="All")+($A$17:$A$43=$E$4)>0)*(($H$4="All")+($B$17:$B$43=$H$4)>0)*(($K$4="All")+($C$17:$C$43=$K$4)>0),_xlpm.x,_xlfn._xlws.FILTER(CHOOSE({1,2},$C$17:$C$43,IF($F$17:$F$43<0,0,$F$17:$F$43)),_xlpm.msk),IFERROR(_xlfn.TAKE(_xlfn.SORTBY(_xlpm.x,_xlfn.CHOOSECOLS(_xlpm.x,2),-1),MIN(10,ROWS(_xlpm.x))),""))} -> C39 - Atta | Q3: 13 | R3: {=IFERROR(INDEX('Daily Tracker'!$E$2:$FA$2,1,MAX(1,MATCH($B$4,'Daily Tracker'!$E$2:$FA$2,0)-13)),"")} -> 46295 | S3: =IF(R3="","",$A$7) -> 266 | T3: =IF(R3="","",SUMIFS(W$17:W$43,$A$17:$A$43,IF($E$4="All","*",$E$4),$B$17:$B$43,IF($H$4="All","*",$H$4),$C$17:$C$43,IF($K$4="All","*",$K$4))) -> 222 | U3: =IF(R3="","",INDEX('Daily Tracker'!$E$37:$FA$37,1,MATCH(R3,'Daily Tracker'!$E$2:$FA$2,0))) -> 0 | FX3: All | FY3: All | FZ3: All
A4: DATE | B4: 46308 | D4: CATEGORY | E4: All | G4: PLANT | H4: All | J4: SECTION | K4: All | P4: Supervisors + Executive+AM +HR | Q4: 8 | R4: {=IFERROR(INDEX('Daily Tracker'!$E$2:$FA$2,1,MAX(1,MATCH($B$4,'Daily Tracker'!$E$2:$FA$2,0)-12)),"")} -> 46296 | S4: =IF(R4="","",$A$7) -> 266 | T4: =IF(R4="","",SUMIFS(X$17:X$43,$A$17:$A$43,IF($E$4="All","*",$E$4),$B$17:$B$43,IF($H$4="All","*",$H$4),$C$17:$C$43,IF($K$4="All","*",$K$4))) -> 222 | U4: =IF(R4="","",INDEX('Daily Tracker'!$E$37:$FA$37,1,MATCH(R4,'Daily Tracker'!$E$2:$FA$2,0))) -> 103 | FX4: Production | FY4: C6 | FZ4: C6 - Oil
A5: ="ACTIVE VIEW • "&TEXT($B$4,"dd-mmm-yyyy")&" | Category: "&$E$4&" | Plant: "&$H$4&" | Section: "&$K$4 -> ACTIVE VIEW • 13-Oct-2026 | Category: All | Plant: All | Section: All | P5: C6 Atta - 2 | Q5: 6 | R5: {=IFERROR(INDEX('Daily Tracker'!$E$2:$FA$2,1,MAX(1,MATCH($B$4,'Daily Tracker'!$E$2:$FA$2,0)-11)),"")} -> 46297 | S5: =IF(R5="","",$A$7) -> 266 | T5: =IF(R5="","",SUMIFS(Y$17:Y$43,$A$17:$A$43,IF($E$4="All","*",$E$4),$B$17:$B$43,IF($H$4="All","*",$H$4),$C$17:$C$43,IF($K$4="All","*",$K$4))) -> 0 | U5: =IF(R5="","",INDEX('Daily Tracker'!$E$37:$FA$37,1,MATCH(R5,'Daily Tracker'!$E$2:$FA$2,0))) -> 0 | FX5: Support | FY5: C39 | FZ5: C6 - Ghee
A6: PLANNED MP | D6: TOTAL PRESENT | G6: ABSENT MP | J6: ATTENDANCE RATE | M6: APPROVED LEAVE (ALL) | P6: Supply/ Dispatch (Common) | Q6: 5 | R6: {=IFERROR(INDEX('Daily Tracker'!$E$2:$FA$2,1,MAX(1,MATCH($B$4,'Daily Tracker'!$E$2:$FA$2,0)-10)),"")} -> 46298 | S6: =IF(R6="","",$A$7) -> 266 | T6: =IF(R6="","",SUMIFS(Z$17:Z$43,$A$17:$A$43,IF($E$4="All","*",$E$4),$B$17:$B$43,IF($H$4="All","*",$H$4),$C$17:$C$43,IF($K$4="All","*",$K$4))) -> 194 | U6: =IF(R6="","",INDEX('Daily Tracker'!$E$37:$FA$37,1,MATCH(R6,'Daily Tracker'!$E$2:$FA$2,0))) -> 8 | FY6: Printer | FZ6: C39 - MG batch Making
A7: =SUMIFS($D$17:$D$43,$A$17:$A$43,IF($E$4="All","*",$E$4),$B$17:$B$43,IF($H$4="All","*",$H$4),$C$17:$C$43,IF($K$4="All","*",$K$4)) -> 266 | D7: =SUMIFS($E$17:$E$43,$A$17:$A$43,IF($E$4="All","*",$E$4),$B$17:$B$43,IF($H$4="All","*",$H$4),$C$17:$C$43,IF($K$4="All","*",$K$4)) -> 234 | G7: =MAX(0,A7-D7) -> 32 | J7: =IFERROR(D7/A7,0) -> 0.87969925 | M7: =IFERROR(INDEX('Daily Tracker'!$E$36:$FA$36,1,MATCH($B$4,'Daily Tracker'!$E$2:$FA$2,0)),0) -> 0 | P7: Night MP Total Ghee | Q7: 5 | R7: {=IFERROR(INDEX('Daily Tracker'!$E$2:$FA$2,1,MAX(1,MATCH($B$4,'Daily Tracker'!$E$2:$FA$2,0)-9)),"")} -> 46299 | S7: =IF(R7="","",$A$7) -> 266 | T7: =IF(R7="","",SUMIFS(AA$17:AA$43,$A$17:$A$43,IF($E$4="All","*",$E$4),$B$17:$B$43,IF($H$4="All","*",$H$4),$C$17:$C$43,IF($K$4="All","*",$K$4))) -> 103 | U7: =IF(R7="","",INDEX('Daily Tracker'!$E$37:$FA$37,1,MATCH(R7,'Daily Tracker'!$E$2:$FA$2,0))) -> 140 | FY7: FRM | FZ7: Supply/ Dispatch (Common)
P8: C39 - Honey / all Spices | Q8: 4 | R8: {=IFERROR(INDEX('Daily Tracker'!$E$2:$FA$2,1,MAX(1,MATCH($B$4,'Daily Tracker'!$E$2:$FA$2,0)-8)),"")} -> 46300 | S8: =IF(R8="","",$A$7) -> 266 | T8: =IF(R8="","",SUMIFS(AB$17:AB$43,$A$17:$A$43,IF($E$4="All","*",$E$4),$B$17:$B$43,IF($H$4="All","*",$H$4),$C$17:$C$43,IF($K$4="All","*",$K$4))) -> 196 | U8: =IF(R8="","",INDEX('Daily Tracker'!$E$37:$FA$37,1,MATCH(R8,'Daily Tracker'!$E$2:$FA$2,0))) -> 0 | FY8: Support | FZ8: Printer (Common)
P9: C6 - Oil | Q9: 3 | R9: {=IFERROR(INDEX('Daily Tracker'!$E$2:$FA$2,1,MAX(1,MATCH($B$4,'Daily Tracker'!$E$2:$FA$2,0)-7)),"")} -> 46301 | S9: =IF(R9="","",$A$7) -> 266 | T9: =IF(R9="","",SUMIFS(AC$17:AC$43,$A$17:$A$43,IF($E$4="All","*",$E$4),$B$17:$B$43,IF($H$4="All","*",$H$4),$C$17:$C$43,IF($K$4="All","*",$K$4))) -> 227 | U9: =IF(R9="","",INDEX('Daily Tracker'!$E$37:$FA$37,1,MATCH(R9,'Daily Tracker'!$E$2:$FA$2,0))) -> 112 | FY9: Ghee | FZ9: C6 - Raw Agri (Millets)
P10: C6 - Ghee | Q10: 3 | R10: {=IFERROR(INDEX('Daily Tracker'!$E$2:$FA$2,1,MAX(1,MATCH($B$4,'Daily Tracker'!$E$2:$FA$2,0)-6)),"")} -> 46302 | S10: =IF(R10="","",$A$7) -> 266 | T10: =IF(R10="","",SUMIFS(AD$17:AD$43,$A$17:$A$43,IF($E$4="All","*",$E$4),$B$17:$B$43,IF($H$4="All","*",$H$4),$C$17:$C$43,IF($K$4="All","*",$K$4))) -> 222 | U10: =IF(R10="","",INDEX('Daily Tracker'!$E$37:$FA$37,1,MATCH(R10,'Daily Tracker'!$E$2:$FA$2,0))) -> 85 | FY10: Supply | FZ10: C39 - Honey / all Spices
A11: PRODUCTION PRESENT | D11: SUPPORT PRESENT | G11: OT HOURS (ALL) | J11: PRODUCTION SHARE | M11: GAP VS PLAN | P11: Total C6 Night MP | Q11: 2 | R11: {=IFERROR(INDEX('Daily Tracker'!$E$2:$FA$2,1,MAX(1,MATCH($B$4,'Daily Tracker'!$E$2:$FA$2,0)-5)),"")} -> 46303 | S11: =IF(R11="","",$A$7) -> 266 | T11: =IF(R11="","",SUMIFS(AE$17:AE$43,$A$17:$A$43,IF($E$4="All","*",$E$4),$B$17:$B$43,IF($H$4="All","*",$H$4),$C$17:$C$43,IF($K$4="All","*",$K$4))) -> 155 | U11: =IF(R11="","",INDEX('Daily Tracker'!$E$37:$FA$37,1,MATCH(R11,'Daily Tracker'!$E$2:$FA$2,0))) -> 92 | FZ11: C39 - Jaggery
A12: =IF(OR($E$4="All",$E$4="Production"),SUMIFS($E$17:$E$43,$A$17:$A$43,"Production",$B$17:$B$43,IF($H$4="All","*",$H$4),$C$17:$C$43,IF($K$4="All","*",$K$4)),0) -> 187 | D12: =IF(OR($E$4="All",$E$4="Support"),SUMIFS($E$17:$E$43,$A$17:$A$43,"Support",$B$17:$B$43,IF($H$4="All","*",$H$4),$C$17:$C$43,IF($K$4="All","*",$K$4)),0) -> 47 | G12: =IFERROR(INDEX('Daily Tracker'!$E$37:$FA$37,1,MATCH($B$4,'Daily Tracker'!$E$2:$FA$2,0)),0) -> 92 | J12: =IFERROR(A12/D7,0) -> 0.7991453 | M12: =A7-D7 -> 32 | P12: QA | Q12: 2 | R12: {=IFERROR(INDEX('Daily Tracker'!$E$2:$FA$2,1,MAX(1,MATCH($B$4,'Daily Tracker'!$E$2:$FA$2,0)-4)),"")} -> 46304 | S12: =IF(R12="","",$A$7) -> 266 | T12: =IF(R12="","",SUMIFS(AF$17:AF$43,$A$17:$A$43,IF($E$4="All","*",$E$4),$B$17:$B$43,IF($H$4="All","*",$H$4),$C$17:$C$43,IF($K$4="All","*",$K$4))) -> 231 | U12: =IF(R12="","",INDEX('Daily Tracker'!$E$37:$FA$37,1,MATCH(R12,'Daily Tracker'!$E$2:$FA$2,0))) -> 101 | FZ12: C39 - Atta
R13: {=IFERROR(INDEX('Daily Tracker'!$E$2:$FA$2,1,MAX(1,MATCH($B$4,'Daily Tracker'!$E$2:$FA$2,0)-3)),"")} -> 46305 | S13: =IF(R13="","",$A$7) -> 266 | T13: =IF(R13="","",SUMIFS(AG$17:AG$43,$A$17:$A$43,IF($E$4="All","*",$E$4),$B$17:$B$43,IF($H$4="All","*",$H$4),$C$17:$C$43,IF($K$4="All","*",$K$4))) -> 211 | U13: =IF(R13="","",INDEX('Daily Tracker'!$E$37:$FA$37,1,MATCH(R13,'Daily Tracker'!$E$2:$FA$2,0))) -> 90 | FZ13: C6 - Atta - 1
R14: {=IFERROR(INDEX('Daily Tracker'!$E$2:$FA$2,1,MAX(1,MATCH($B$4,'Daily Tracker'!$E$2:$FA$2,0)-2)),"")} -> 46306 | S14: =IF(R14="","",$A$7) -> 266 | T14: =IF(R14="","",SUMIFS(AH$17:AH$43,$A$17:$A$43,IF($E$4="All","*",$E$4),$B$17:$B$43,IF($H$4="All","*",$H$4),$C$17:$C$43,IF($K$4="All","*",$K$4))) -> 91 | U14: =IF(R14="","",INDEX('Daily Tracker'!$E$37:$FA$37,1,MATCH(R14,'Daily Tracker'!$E$2:$FA$2,0))) -> 96 | FZ14: C6 Atta - 2
A15: SECTION DETAIL — SELECTED DATE | R15: {=IFERROR(INDEX('Daily Tracker'!$E$2:$FA$2,1,MAX(1,MATCH($B$4,'Daily Tracker'!$E$2:$FA$2,0)-1)),"")} -> 46307 | S15: =IF(R15="","",$A$7) -> 266 | T15: =IF(R15="","",SUMIFS(AI$17:AI$43,$A$17:$A$43,IF($E$4="All","*",$E$4),$B$17:$B$43,IF($H$4="All","*",$H$4),$C$17:$C$43,IF($K$4="All","*",$K$4))) -> 195 | U15: =IF(R15="","",INDEX('Daily Tracker'!$E$37:$FA$37,1,MATCH(R15,'Daily Tracker'!$E$2:$FA$2,0))) -> 0 | FZ15: FRM - Khapal-Khapli
A16: Category | B16: Plant | C16: Section | D16: Plan MP | E16: Present MP | F16: Gap vs Plan | G16: Attendance % | R16: {=IFERROR(INDEX('Daily Tracker'!$E$2:$FA$2,1,MAX(1,MATCH($B$4,'Daily Tracker'!$E$2:$FA$2,0)-0)),"")} -> 46308 | S16: =IF(R16="","",$A$7) -> 266 | T16: =IF(R16="","",SUMIFS(AJ$17:AJ$43,$A$17:$A$43,IF($E$4="All","*",$E$4),$B$17:$B$43,IF($H$4="All","*",$H$4),$C$17:$C$43,IF($K$4="All","*",$K$4))) -> 234 | U16: =IF(R16="","",INDEX('Daily Tracker'!$E$37:$FA$37,1,MATCH(R16,'Daily Tracker'!$E$2:$FA$2,0))) -> 92 | W16: =R3 -> 46295 | X16: =R4 -> 46296 | Y16: =R5 -> 46297 | Z16: =R6 -> 46298 | AA16: =R7 -> 46299 | AB16: =R8 -> 46300 | AC16: =R9 -> 46301 | AD16: =R10 -> 46302 | AE16: =R11 -> 46303 | AF16: =R12 -> 46304 | AG16: =R13 -> 46305 | AH16: =R14 -> 46306 | AI16: =R15 -> 46307 | AJ16: =R16 -> 46308 | FZ16: Total Ghee B Shift MP
A17: Production | B17: =IF('Daily Tracker'!B3="",A17,'Daily Tracker'!B3) -> C6 | C17: ='Daily Tracker'!C3 -> C6 - Oil | D17: ='Daily Tracker'!D3 -> 14 | E17: =IFERROR(INDEX('Daily Tracker'!$E3:$FA3,1,MATCH($B$4,'Daily Tracker'!$E$2:$FA$2,0)),0) -> 11 | F17: =D17-E17 -> 3 | G17: =IFERROR(E17/D17,0) -> 0.78571429 | V17: 3 | W17: =IF(W$16="","",IFERROR(INDEX('Daily Tracker'!$E3:$FA3,1,MATCH(W$16,'Daily Tracker'!$E$2:$FA$2,0)),0)) -> 11 | X17: =IF(X$16="","",IFERROR(INDEX('Daily Tracker'!$E3:$FA3,1,MATCH(X$16,'Daily Tracker'!$E$2:$FA$2,0)),0)) -> 11 | Y17: =IF(Y$16="","",IFERROR(INDEX('Daily Tracker'!$E3:$FA3,1,MATCH(Y$16,'Daily Tracker'!$E$2:$FA$2,0)),0)) -> 0 | Z17: =IF(Z$16="","",IFERROR(INDEX('Daily Tracker'!$E3:$FA3,1,MATCH(Z$16,'Daily Tracker'!$E$2:$FA$2,0)),0)) -> 12 | AA17: =IF(AA$16="","",IFERROR(INDEX('Daily Tracker'!$E3:$FA3,1,MATCH(AA$16,'Daily Tracker'!$E$2:$FA$2,0)),0)) -> 0 | AB17: =IF(AB$16="","",IFERROR(INDEX('Daily Tracker'!$E3:$FA3,1,MATCH(AB$16,'Daily Tracker'!$E$2:$FA$2,0)),0)) -> 12 | AC17: =IF(AC$16="","",IFERROR(INDEX('Daily Tracker'!$E3:$FA3,1,MATCH(AC$16,'Daily Tracker'!$E$2:$FA$2,0)),0)) -> 13 | AD17: =IF(AD$16="","",IFERROR(INDEX('Daily Tracker'!$E3:$FA3,1,MATCH(AD$16,'Daily Tracker'!$E$2:$FA$2,0)),0)) -> 14 | ... AJ17: =IF(AJ$16="","",IFERROR(INDEX('Daily Tracker'!$E3:$FA3,1,MATCH(AJ$16,'Daily Tracker'!$E$2:$FA$2,0)),0)) -> 11 | FZ17: Total Ghee Night MP
A18: Production | B18: =IF('Daily Tracker'!B4="",A18,'Daily Tracker'!B4) -> Ghee | C18: ='Daily Tracker'!C4 -> C6 - Ghee | D18: ='Daily Tracker'!D4 -> 24 | E18: =IFERROR(INDEX('Daily Tracker'!$E4:$FA4,1,MATCH($B$4,'Daily Tracker'!$E$2:$FA$2,0)),0) -> 21 | F18: =D18-E18 -> 3 | G18: =IFERROR(E18/D18,0) -> 0.875 | V18: 4 | W18: =IF(W$16="","",IFERROR(INDEX('Daily Tracker'!$E4:$FA4,1,MATCH(W$16,'Daily Tracker'!$E$2:$FA$2,0)),0)) -> 18 | X18: =IF(X$16="","",IFERROR(INDEX('Daily Tracker'!$E4:$FA4,1,MATCH(X$16,'Daily Tracker'!$E$2:$FA$2,0)),0)) -> 20 | Y18: =IF(Y$16="","",IFERROR(INDEX('Daily Tracker'!$E4:$FA4,1,MATCH(Y$16,'Daily Tracker'!$E$2:$FA$2,0)),0)) -> 0 | Z18: =IF(Z$16="","",IFERROR(INDEX('Daily Tracker'!$E4:$FA4,1,MATCH(Z$16,'Daily Tracker'!$E$2:$FA$2,0)),0)) -> 19 | AA18: =IF(AA$16="","",IFERROR(INDEX('Daily Tracker'!$E4:$FA4,1,MATCH(AA$16,'Daily Tracker'!$E$2:$FA$2,0)),0)) -> 9 | AB18: =IF(AB$16="","",IFERROR(INDEX('Daily Tracker'!$E4:$FA4,1,MATCH(AB$16,'Daily Tracker'!$E$2:$FA$2,0)),0)) -> 19 | AC18: =IF(AC$16="","",IFERROR(INDEX('Daily Tracker'!$E4:$FA4,1,MATCH(AC$16,'Daily Tracker'!$E$2:$FA$2,0)),0)) -> 17 | AD18: =IF(AD$16="","",IFERROR(INDEX('Daily Tracker'!$E4:$FA4,1,MATCH(AD$16,'Daily Tracker'!$E$2:$FA$2,0)),0)) -> 16 | ... AJ18: =IF(AJ$16="","",IFERROR(INDEX('Daily Tracker'!$E4:$FA4,1,MATCH(AJ$16,'Daily Tracker'!$E$2:$FA$2,0)),0)) -> 21 | FZ18: Total C6 Night MP
A19: Production | B19: =IF('Daily Tracker'!B5="",A19,'Daily Tracker'!B5) -> C39 | C19: ='Daily Tracker'!C5 -> C39 - MG batch Making | D19: ='Daily Tracker'!D5 -> 7 | E19: =IFERROR(INDEX('Daily Tracker'!$E5:$FA5,1,MATCH($B$4,'Daily Tracker'!$E$2:$FA$2,0)),0) -> 8 | F19: =D19-E19 -> -1 | G19: =IFERROR(E19/D19,0) -> 1.1428571 | V19: 5 | W19: =IF(W$16="","",IFERROR(INDEX('Daily Tracker'!$E5:$FA5,1,MATCH(W$16,'Daily Tracker'!$E$2:$FA$2,0)),0)) -> 9 | X19: =IF(X$16="","",IFERROR(INDEX('Daily Tracker'!$E5:$FA5,1,MATCH(X$16,'Daily Tracker'!$E$2:$FA$2,0)),0)) -> 9 | Y19: =IF(Y$16="","",IFERROR(INDEX('Daily Tracker'!$E5:$FA5,1,MATCH(Y$16,'Daily Tracker'!$E$2:$FA$2,0)),0)) -> 0 | Z19: =IF(Z$16="","",IFERROR(INDEX('Daily Tracker'!$E5:$FA5,1,MATCH(Z$16,'Daily Tracker'!$E$2:$FA$2,0)),0)) -> 9 | AA19: =IF(AA$16="","",IFERROR(INDEX('Daily Tracker'!$E5:$FA5,1,MATCH(AA$16,'Daily Tracker'!$E$2:$FA$2,0)),0)) -> 2 | AB19: =IF(AB$16="","",IFERROR(INDEX('Daily Tracker'!$E5:$FA5,1,MATCH(AB$16,'Daily Tracker'!$E$2:$FA$2,0)),0)) -> 10 | AC19: =IF(AC$16="","",IFERROR(INDEX('Daily Tracker'!$E5:$FA5,1,MATCH(AC$16,'Daily Tracker'!$E$2:$FA$2,0)),0)) -> 6 | AD19: =IF(AD$16="","",IFERROR(INDEX('Daily Tracker'!$E5:$FA5,1,MATCH(AD$16,'Daily Tracker'!$E$2:$FA$2,0)),0)) -> 9 | ... AJ19: =IF(AJ$16="","",IFERROR(INDEX('Daily Tracker'!$E5:$FA5,1,MATCH(AJ$16,'Daily Tracker'!$E$2:$FA$2,0)),0)) -> 8 | FZ19: Total C39 Night MP
A20: Production | B20: =IF('Daily Tracker'!B6="",A20,'Daily Tracker'!B6) -> Supply | C20: ='Daily Tracker'!C6 -> Supply/ Dispatch (Common) | D20: ='Daily Tracker'!D6 -> 11 | E20: =IFERROR(INDEX('Daily Tracker'!$E6:$FA6,1,MATCH($B$4,'Daily Tracker'!$E$2:$FA$2,0)),0) -> 6 | F20: =D20-E20 -> 5 | G20: =IFERROR(E20/D20,0) -> 0.54545455 | V20: 6 | W20: =IF(W$16="","",IFERROR(INDEX('Daily Tracker'!$E6:$FA6,1,MATCH(W$16,'Daily Tracker'!$E$2:$FA$2,0)),0)) -> 12 | X20: =IF(X$16="","",IFERROR(INDEX('Daily Tracker'!$E6:$FA6,1,MATCH(X$16,'Daily Tracker'!$E$2:$FA$2,0)),0)) -> 11 | Y20: =IF(Y$16="","",IFERROR(INDEX('Daily Tracker'!$E6:$FA6,1,MATCH(Y$16,'Daily Tracker'!$E$2:$FA$2,0)),0)) -> 0 | Z20: =IF(Z$16="","",IFERROR(INDEX('Daily Tracker'!$E6:$FA6,1,MATCH(Z$16,'Daily Tracker'!$E$2:$FA$2,0)),0)) -> 6 | AA20: =IF(AA$16="","",IFERROR(INDEX('Daily Tracker'!$E6:$FA6,1,MATCH(AA$16,'Daily Tracker'!$E$2:$FA$2,0)),0)) -> 6 | AB20: =IF(AB$16="","",IFERROR(INDEX('Daily Tracker'!$E6:$FA6,1,MATCH(AB$16,'Daily Tracker'!$E$2:$FA$2,0)),0)) -> 15 | AC20: =IF(AC$16="","",IFERROR(INDEX('Daily Tracker'!$E6:$FA6,1,MATCH(AC$16,'Daily Tracker'!$E$2:$FA$2,0)),0)) -> 15 | AD20: =IF(AD$16="","",IFERROR(INDEX('Daily Tracker'!$E6:$FA6,1,MATCH(AD$16,'Daily Tracker'!$E$2:$FA$2,0)),0)) -> 15 | ... AJ20: =IF(AJ$16="","",IFERROR(INDEX('Daily Tracker'!$E6:$FA6,1,MATCH(AJ$16,'Daily Tracker'!$E$2:$FA$2,0)),0)) -> 6 | FZ20: Supervisors + Executive+AM +HR
A21: Production | B21: =IF('Daily Tracker'!B7="",A21,'Daily Tracker'!B7) -> Printer | C21: ='Daily Tracker'!C7 -> Printer (Common) | D21: ='Daily Tracker'!D7 -> 6 | E21: =IFERROR(INDEX('Daily Tracker'!$E7:$FA7,1,MATCH($B$4,'Daily Tracker'!$E$2:$FA$2,0)),0) -> 8 | F21: =D21-E21 -> -2 | G21: =IFERROR(E21/D21,0) -> 1.3333333 | V21: 7 | W21: =IF(W$16="","",IFERROR(INDEX('Daily Tracker'!$E7:$FA7,1,MATCH(W$16,'Daily Tracker'!$E$2:$FA$2,0)),0)) -> 7 | X21: =IF(X$16="","",IFERROR(INDEX('Daily Tracker'!$E7:$FA7,1,MATCH(X$16,'Daily Tracker'!$E$2:$FA$2,0)),0)) -> 8 | Y21: =IF(Y$16="","",IFERROR(INDEX('Daily Tracker'!$E7:$FA7,1,MATCH(Y$16,'Daily Tracker'!$E$2:$FA$2,0)),0)) -> 0 | Z21: =IF(Z$16="","",IFERROR(INDEX('Daily Tracker'!$E7:$FA7,1,MATCH(Z$16,'Daily Tracker'!$E$2:$FA$2,0)),0)) -> 7 | AA21: =IF(AA$16="","",IFERROR(INDEX('Daily Tracker'!$E7:$FA7,1,MATCH(AA$16,'Daily Tracker'!$E$2:$FA$2,0)),0)) -> 3 | AB21: =IF(AB$16="","",IFERROR(INDEX('Daily Tracker'!$E7:$FA7,1,MATCH(AB$16,'Daily Tracker'!$E$2:$FA$2,0)),0)) -> 6 | AC21: =IF(AC$16="","",IFERROR(INDEX('Daily Tracker'!$E7:$FA7,1,MATCH(AC$16,'Daily Tracker'!$E$2:$FA$2,0)),0)) -> 6 | AD21: =IF(AD$16="","",IFERROR(INDEX('Daily Tracker'!$E7:$FA7,1,MATCH(AD$16,'Daily Tracker'!$E$2:$FA$2,0)),0)) -> 5 | ... AJ21: =IF(AJ$16="","",IFERROR(INDEX('Daily Tracker'!$E7:$FA7,1,MATCH(AJ$16,'Daily Tracker'!$E$2:$FA$2,0)),0)) -> 8 | FZ21: C39-HK
A22: Production | B22: =IF('Daily Tracker'!B8="",A22,'Daily Tracker'!B8) -> C6 | C22: ='Daily Tracker'!C8 -> C6 - Raw Agri (Millets) | D22: ='Daily Tracker'!D8 -> 16 | E22: =IFERROR(INDEX('Daily Tracker'!$E8:$FA8,1,MATCH($B$4,'Daily Tracker'!$E$2:$FA$2,0)),0) -> 22 | F22: =D22-E22 -> -6 | G22: =IFERROR(E22/D22,0) -> 1.375 | V22: 8 | W22: =IF(W$16="","",IFERROR(INDEX('Daily Tracker'!$E8:$FA8,1,MATCH(W$16,'Daily Tracker'!$E$2:$FA$2,0)),0)) -> 18 | X22: =IF(X$16="","",IFERROR(INDEX('Daily Tracker'!$E8:$FA8,1,MATCH(X$16,'Daily Tracker'!$E$2:$FA$2,0)),0)) -> 19 | Y22: =IF(Y$16="","",IFERROR(INDEX('Daily Tracker'!$E8:$FA8,1,MATCH(Y$16,'Daily Tracker'!$E$2:$FA$2,0)),0)) -> 0 | Z22: =IF(Z$16="","",IFERROR(INDEX('Daily Tracker'!$E8:$FA8,1,MATCH(Z$16,'Daily Tracker'!$E$2:$FA$2,0)),0)) -> 23 | AA22: =IF(AA$16="","",IFERROR(INDEX('Daily Tracker'!$E8:$FA8,1,MATCH(AA$16,'Daily Tracker'!$E$2:$FA$2,0)),0)) -> 0 | AB22: =IF(AB$16="","",IFERROR(INDEX('Daily Tracker'!$E8:$FA8,1,MATCH(AB$16,'Daily Tracker'!$E$2:$FA$2,0)),0)) -> 18 | AC22: =IF(AC$16="","",IFERROR(INDEX('Daily Tracker'!$E8:$FA8,1,MATCH(AC$16,'Daily Tracker'!$E$2:$FA$2,0)),0)) -> 18 | AD22: =IF(AD$16="","",IFERROR(INDEX('Daily Tracker'!$E8:$FA8,1,MATCH(AD$16,'Daily Tracker'!$E$2:$FA$2,0)),0)) -> 15 | ... AJ22: =IF(AJ$16="","",IFERROR(INDEX('Daily Tracker'!$E8:$FA8,1,MATCH(AJ$16,'Daily Tracker'!$E$2:$FA$2,0)),0)) -> 22 | FZ22: C6-HK
A23: Production | B23: =IF('Daily Tracker'!B9="",A23,'Daily Tracker'!B9) -> C39 | C23: ='Daily Tracker'!C9 -> C39 - Honey / all Spices | D23: ='Daily Tracker'!D9 -> 22 | E23: =IFERROR(INDEX('Daily Tracker'!$E9:$FA9,1,MATCH($B$4,'Daily Tracker'!$E$2:$FA$2,0)),0) -> 18 | F23: =D23-E23 -> 4 | G23: =IFERROR(E23/D23,0) -> 0.81818182 | V23: 9 | W23: =IF(W$16="","",IFERROR(INDEX('Daily Tracker'!$E9:$FA9,1,MATCH(W$16,'Daily Tracker'!$E$2:$FA$2,0)),0)) -> 15 | X23: =IF(X$16="","",IFERROR(INDEX('Daily Tracker'!$E9:$FA9,1,MATCH(X$16,'Daily Tracker'!$E$2:$FA$2,0)),0)) -> 19 | Y23: =IF(Y$16="","",IFERROR(INDEX('Daily Tracker'!$E9:$FA9,1,MATCH(Y$16,'Daily Tracker'!$E$2:$FA$2,0)),0)) -> 0 | Z23: =IF(Z$16="","",IFERROR(INDEX('Daily Tracker'!$E9:$FA9,1,MATCH(Z$16,'Daily Tracker'!$E$2:$FA$2,0)),0)) -> 18 | AA23: =IF(AA$16="","",IFERROR(INDEX('Daily Tracker'!$E9:$FA9,1,MATCH(AA$16,'Daily Tracker'!$E$2:$FA$2,0)),0)) -> 0 | AB23: =IF(AB$16="","",IFERROR(INDEX('Daily Tracker'!$E9:$FA9,1,MATCH(AB$16,'Daily Tracker'!$E$2:$FA$2,0)),0)) -> 15 | AC23: =IF(AC$16="","",IFERROR(INDEX('Daily Tracker'!$E9:$FA9,1,MATCH(AC$16,'Daily Tracker'!$E$2:$FA$2,0)),0)) -> 11 | AD23: =IF(AD$16="","",IFERROR(INDEX('Daily Tracker'!$E9:$FA9,1,MATCH(AD$16,'Daily Tracker'!$E$2:$FA$2,0)),0)) -> 16 | ... AJ23: =IF(AJ$16="","",IFERROR(INDEX('Daily Tracker'!$E9:$FA9,1,MATCH(AJ$16,'Daily Tracker'!$E$2:$FA$2,0)),0)) -> 18 | FZ23: Maintenance-C6&C39
A24: Production | B24: =IF('Daily Tracker'!B10="",A24,'Daily Tracker'!B10) -> C39 | C24: ='Daily Tracker'!C10 -> C39 - Jaggery | D24: ='Daily Tracker'!D10 -> 9 | E24: =IFERROR(INDEX('Daily Tracker'!$E10:$FA10,1,MATCH($B$4,'Daily Tracker'!$E$2:$FA$2,0)),0) -> 19 | F24: =D24-E24 -> -10 | G24: =IFERROR(E24/D24,0) -> 2.1111111 | V24: 10 | W24: =IF(W$16="","",IFERROR(INDEX('Daily Tracker'!$E10:$FA10,1,MATCH(W$16,'Daily Tracker'!$E$2:$FA$2,0)),0)) -> 20 | X24: =IF(X$16="","",IFERROR(INDEX('Daily Tracker'!$E10:$FA10,1,MATCH(X$16,'Daily Tracker'!$E$2:$FA$2,0)),0)) -> 14 | Y24: =IF(Y$16="","",IFERROR(INDEX('Daily Tracker'!$E10:$FA10,1,MATCH(Y$16,'Daily Tracker'!$E$2:$FA$2,0)),0)) -> 0 | Z24: =IF(Z$16="","",IFERROR(INDEX('Daily Tracker'!$E10:$FA10,1,MATCH(Z$16,'Daily Tracker'!$E$2:$FA$2,0)),0)) -> 15 | AA24: =IF(AA$16="","",IFERROR(INDEX('Daily Tracker'!$E10:$FA10,1,MATCH(AA$16,'Daily Tracker'!$E$2:$FA$2,0)),0)) -> 15 | AB24: =IF(AB$16="","",IFERROR(INDEX('Daily Tracker'!$E10:$FA10,1,MATCH(AB$16,'Daily Tracker'!$E$2:$FA$2,0)),0)) -> 17 | AC24: =IF(AC$16="","",IFERROR(INDEX('Daily Tracker'!$E10:$FA10,1,MATCH(AC$16,'Daily Tracker'!$E$2:$FA$2,0)),0)) -> 16 | AD24: =IF(AD$16="","",IFERROR(INDEX('Daily Tracker'!$E10:$FA10,1,MATCH(AD$16,'Daily Tracker'!$E$2:$FA$2,0)),0)) -> 15 | ... AJ24: =IF(AJ$16="","",IFERROR(INDEX('Daily Tracker'!$E10:$FA10,1,MATCH(AJ$16,'Daily Tracker'!$E$2:$FA$2,0)),0)) -> 19 | FZ24: Admin
A25: Production | B25: =IF('Daily Tracker'!B11="",A25,'Daily Tracker'!B11) -> C39 | C25: ='Daily Tracker'!C11 -> C39 - Atta | D25: ='Daily Tracker'!D11 -> 22 | E25: =IFERROR(INDEX('Daily Tracker'!$E11:$FA11,1,MATCH($B$4,'Daily Tracker'!$E$2:$FA$2,0)),0) -> 9 | F25: =D25-E25 -> 13 | G25: =IFERROR(E25/D25,0) -> 0.40909091 | V25: 11 | W25: =IF(W$16="","",IFERROR(INDEX('Daily Tracker'!$E11:$FA11,1,MATCH(W$16,'Daily Tracker'!$E$2:$FA$2,0)),0)) -> 11 | X25: =IF(X$16="","",IFERROR(INDEX('Daily Tracker'!$E11:$FA11,1,MATCH(X$16,'Daily Tracker'!$E$2:$FA$2,0)),0)) -> 13 | Y25: =IF(Y$16="","",IFERROR(INDEX('Daily Tracker'!$E11:$FA11,1,MATCH(Y$16,'Daily Tracker'!$E$2:$FA$2,0)),0)) -> 0 | Z25: =IF(Z$16="","",IFERROR(INDEX('Daily Tracker'!$E11:$FA11,1,MATCH(Z$16,'Daily Tracker'!$E$2:$FA$2,0)),0)) -> 14 | AA25: =IF(AA$16="","",IFERROR(INDEX('Daily Tracker'!$E11:$FA11,1,MATCH(AA$16,'Daily Tracker'!$E$2:$FA$2,0)),0)) -> 13 | AB25: =IF(AB$16="","",IFERROR(INDEX('Daily Tracker'!$E11:$FA11,1,MATCH(AB$16,'Daily Tracker'!$E$2:$FA$2,0)),0)) -> 10 | AC25: =IF(AC$16="","",IFERROR(INDEX('Daily Tracker'!$E11:$FA11,1,MATCH(AC$16,'Daily Tracker'!$E$2:$FA$2,0)),0)) -> 17 | AD25: =IF(AD$16="","",IFERROR(INDEX('Daily Tracker'!$E11:$FA11,1,MATCH(AD$16,'Daily Tracker'!$E$2:$FA$2,0)),0)) -> 10 | ... AJ25: =IF(AJ$16="","",IFERROR(INDEX('Daily Tracker'!$E11:$FA11,1,MATCH(AJ$16,'Daily Tracker'!$E$2:$FA$2,0)),0)) -> 9 | FZ25: Lab
A26: Production | B26: =IF('Daily Tracker'!B12="",A26,'Daily Tracker'!B12) -> C6 | C26: ='Daily Tracker'!C12 -> C6 - Atta - 1 | D26: ='Daily Tracker'!D12 -> 14 | E26: =IFERROR(INDEX('Daily Tracker'!$E12:$FA12,1,MATCH($B$4,'Daily Tracker'!$E$2:$FA$2,0)),0) -> 16 | F26: =D26-E26 -> -2 | G26: =IFERROR(E26/D26,0) -> 1.1428571 | V26: 12 | W26: =IF(W$16="","",IFERROR(INDEX('Daily Tracker'!$E12:$FA12,1,MATCH(W$16,'Daily Tracker'!$E$2:$FA$2,0)),0)) -> 16 | X26: =IF(X$16="","",IFERROR(INDEX('Daily Tracker'!$E12:$FA12,1,MATCH(X$16,'Daily Tracker'!$E$2:$FA$2,0)),0)) -> 17 | Y26: =IF(Y$16="","",IFERROR(INDEX('Daily Tracker'!$E12:$FA12,1,MATCH(Y$16,'Daily Tracker'!$E$2:$FA$2,0)),0)) -> 0 | Z26: =IF(Z$16="","",IFERROR(INDEX('Daily Tracker'!$E12:$FA12,1,MATCH(Z$16,'Daily Tracker'!$E$2:$FA$2,0)),0)) -> 16 | AA26: =IF(AA$16="","",IFERROR(INDEX('Daily Tracker'!$E12:$FA12,1,MATCH(AA$16,'Daily Tracker'!$E$2:$FA$2,0)),0)) -> 0 | AB26: =IF(AB$16="","",IFERROR(INDEX('Daily Tracker'!$E12:$FA12,1,MATCH(AB$16,'Daily Tracker'!$E$2:$FA$2,0)),0)) -> 17 | AC26: =IF(AC$16="","",IFERROR(INDEX('Daily Tracker'!$E12:$FA12,1,MATCH(AC$16,'Daily Tracker'!$E$2:$FA$2,0)),0)) -> 16 | AD26: =IF(AD$16="","",IFERROR(INDEX('Daily Tracker'!$E12:$FA12,1,MATCH(AD$16,'Daily Tracker'!$E$2:$FA$2,0)),0)) -> 16 | ... AJ26: =IF(AJ$16="","",IFERROR(INDEX('Daily Tracker'!$E12:$FA12,1,MATCH(AJ$16,'Daily Tracker'!$E$2:$FA$2,0)),0)) -> 16 | FZ26: Project
A27: Production | B27: =IF('Daily Tracker'!B13="",A27,'Daily Tracker'!B13) -> C6 | C27: ='Daily Tracker'!C13 -> C6 Atta - 2 | D27: ='Daily Tracker'!D13 -> 11 | E27: =IFERROR(INDEX('Daily Tracker'!$E13:$FA13,1,MATCH($B$4,'Daily Tracker'!$E$2:$FA$2,0)),0) -> 5 | F27: =D27-E27 -> 6 | G27: =IFERROR(E27/D27,0) -> 0.45454545 | V27: 13 | W27: =IF(W$16="","",IFERROR(INDEX('Daily Tracker'!$E13:$FA13,1,MATCH(W$16,'Daily Tracker'!$E$2:$FA$2,0)),0)) -> 5 | X27: =IF(X$16="","",IFERROR(INDEX('Daily Tracker'!$E13:$FA13,1,MATCH(X$16,'Daily Tracker'!$E$2:$FA$2,0)),0)) -> 4 | Y27: =IF(Y$16="","",IFERROR(INDEX('Daily Tracker'!$E13:$FA13,1,MATCH(Y$16,'Daily Tracker'!$E$2:$FA$2,0)),0)) -> 0 | Z27: =IF(Z$16="","",IFERROR(INDEX('Daily Tracker'!$E13:$FA13,1,MATCH(Z$16,'Daily Tracker'!$E$2:$FA$2,0)),0)) -> 5 | AA27: =IF(AA$16="","",IFERROR(INDEX('Daily Tracker'!$E13:$FA13,1,MATCH(AA$16,'Daily Tracker'!$E$2:$FA$2,0)),0)) -> 0 | AB27: =IF(AB$16="","",IFERROR(INDEX('Daily Tracker'!$E13:$FA13,1,MATCH(AB$16,'Daily Tracker'!$E$2:$FA$2,0)),0)) -> 4 | AC27: =IF(AC$16="","",IFERROR(INDEX('Daily Tracker'!$E13:$FA13,1,MATCH(AC$16,'Daily Tracker'!$E$2:$FA$2,0)),0)) -> 4 | AD27: =IF(AD$16="","",IFERROR(INDEX('Daily Tracker'!$E13:$FA13,1,MATCH(AD$16,'Daily Tracker'!$E$2:$FA$2,0)),0)) -> 4 | ... AJ27: =IF(AJ$16="","",IFERROR(INDEX('Daily Tracker'!$E13:$FA13,1,MATCH(AJ$16,'Daily Tracker'!$E$2:$FA$2,0)),0)) -> 5 | FZ27: Accounts
A28: Production | B28: =IF('Daily Tracker'!B14="",A28,'Daily Tracker'!B14) -> FRM | C28: ='Daily Tracker'!C14 -> FRM - Khapal-Khapli | D28: ='Daily Tracker'!D14 -> 0 | E28: =IFERROR(INDEX('Daily Tracker'!$E14:$FA14,1,MATCH($B$4,'Daily Tracker'!$E$2:$FA$2,0)),0) -> 0 | F28: =D28-E28 -> 0 | G28: =IFERROR(E28/D28,0) -> 0 | V28: 14 | W28: =IF(W$16="","",IFERROR(INDEX('Daily Tracker'!$E14:$FA14,1,MATCH(W$16,'Daily Tracker'!$E$2:$FA$2,0)),0)) -> 0 | X28: =IF(X$16="","",IFERROR(INDEX('Daily Tracker'!$E14:$FA14,1,MATCH(X$16,'Daily Tracker'!$E$2:$FA$2,0)),0)) -> 0 | Y28: =IF(Y$16="","",IFERROR(INDEX('Daily Tracker'!$E14:$FA14,1,MATCH(Y$16,'Daily Tracker'!$E$2:$FA$2,0)),0)) -> 0 | Z28: =IF(Z$16="","",IFERROR(INDEX('Daily Tracker'!$E14:$FA14,1,MATCH(Z$16,'Daily Tracker'!$E$2:$FA$2,0)),0)) -> 0 | AA28: =IF(AA$16="","",IFERROR(INDEX('Daily Tracker'!$E14:$FA14,1,MATCH(AA$16,'Daily Tracker'!$E$2:$FA$2,0)),0)) -> 0 | AB28: =IF(AB$16="","",IFERROR(INDEX('Daily Tracker'!$E14:$FA14,1,MATCH(AB$16,'Daily Tracker'!$E$2:$FA$2,0)),0)) -> 0 | AC28: =IF(AC$16="","",IFERROR(INDEX('Daily Tracker'!$E14:$FA14,1,MATCH(AC$16,'Daily Tracker'!$E$2:$FA$2,0)),0)) -> 0 | AD28: =IF(AD$16="","",IFERROR(INDEX('Daily Tracker'!$E14:$FA14,1,MATCH(AD$16,'Daily Tracker'!$E$2:$FA$2,0)),0)) -> 0 | ... AJ28: =IF(AJ$16="","",IFERROR(INDEX('Daily Tracker'!$E14:$FA14,1,MATCH(AJ$16,'Daily Tracker'!$E$2:$FA$2,0)),0)) -> 0 | FZ28: IT
... A30: Production | B30: =IF('Daily Tracker'!B16="",A30,'Daily Tracker'!B16) -> Ghee | C30: ='Daily Tracker'!C16 -> Night MP Total Ghee | D30: ='Daily Tracker'!D16 -> 5 | E30: =IFERROR(INDEX('Daily Tracker'!$E16:$FA16,1,MATCH($B$4,'Daily Tracker'!$E$2:$FA$2,0)),0) -> 0 | F30: =D30-E30 -> 5 | G30: =IFERROR(E30/D30,0) -> 0 | V30: 16 | W30: =IF(W$16="","",IFERROR(INDEX('Daily Tracker'!$E16:$FA16,1,MATCH(W$16,'Daily Tracker'!$E$2:$FA$2,0)),0)) -> 17 | X30: =IF(X$16="","",IFERROR(INDEX('Daily Tracker'!$E16:$FA16,1,MATCH(X$16,'Daily Tracker'!$E$2:$FA$2,0)),0)) -> 15 | Y30: =IF(Y$16="","",IFERROR(INDEX('Daily Tracker'!$E16:$FA16,1,MATCH(Y$16,'Daily Tracker'!$E$2:$FA$2,0)),0)) -> 0 | Z30: =IF(Z$16="","",IFERROR(INDEX('Daily Tracker'!$E16:$FA16,1,MATCH(Z$16,'Daily Tracker'!$E$2:$FA$2,0)),0)) -> 11 | AA30: =IF(AA$16="","",IFERROR(INDEX('Daily Tracker'!$E16:$FA16,1,MATCH(AA$16,'Daily Tracker'!$E$2:$FA$2,0)),0)) -> 11 | AB30: =IF(AB$16="","",IFERROR(INDEX('Daily Tracker'!$E16:$FA16,1,MATCH(AB$16,'Daily Tracker'!$E$2:$FA$2,0)),0)) -> 11 | AC30: =IF(AC$16="","",IFERROR(INDEX('Daily Tracker'!$E16:$FA16,1,MATCH(AC$16,'Daily Tracker'!$E$2:$FA$2,0)),0)) -> 16 | AD30: =IF(AD$16="","",IFERROR(INDEX('Daily Tracker'!$E16:$FA16,1,MATCH(AD$16,'Daily Tracker'!$E$2:$FA$2,0)),0)) -> 16 | ... AJ30: =IF(AJ$16="","",IFERROR(INDEX('Daily Tracker'!$E16:$FA16,1,MATCH(AJ$16,'Daily Tracker'!$E$2:$FA$2,0)),0)) -> 0 | FZ30: FRM
A31: Production | B31: =IF('Daily Tracker'!B17="",A31,'Daily Tracker'!B17) -> C6 | C31: ='Daily Tracker'!C17 -> Total C6 Night MP | D31: ='Daily Tracker'!D17 -> 7 | E31: =IFERROR(INDEX('Daily Tracker'!$E17:$FA17,1,MATCH($B$4,'Daily Tracker'!$E$2:$FA$2,0)),0) -> 5 | F31: =D31-E31 -> 2 | G31: =IFERROR(E31/D31,0) -> 0.71428571 | V31: 17 | W31: =IF(W$16="","",IFERROR(INDEX('Daily Tracker'!$E17:$FA17,1,MATCH(W$16,'Daily Tracker'!$E$2:$FA$2,0)),0)) -> 3 | X31: =IF(X$16="","",IFERROR(INDEX('Daily Tracker'!$E17:$FA17,1,MATCH(X$16,'Daily Tracker'!$E$2:$FA$2,0)),0)) -> 5 | Y31: =IF(Y$16="","",IFERROR(INDEX('Daily Tracker'!$E17:$FA17,1,MATCH(Y$16,'Daily Tracker'!$E$2:$FA$2,0)),0)) -> 0 | Z31: =IF(Z$16="","",IFERROR(INDEX('Daily Tracker'!$E17:$FA17,1,MATCH(Z$16,'Daily Tracker'!$E$2:$FA$2,0)),0)) -> 0 | AA31: =IF(AA$16="","",IFERROR(INDEX('Daily Tracker'!$E17:$FA17,1,MATCH(AA$16,'Daily Tracker'!$E$2:$FA$2,0)),0)) -> 7 | AB31: =IF(AB$16="","",IFERROR(INDEX('Daily Tracker'!$E17:$FA17,1,MATCH(AB$16,'Daily Tracker'!$E$2:$FA$2,0)),0)) -> 0 | AC31: =IF(AC$16="","",IFERROR(INDEX('Daily Tracker'!$E17:$FA17,1,MATCH(AC$16,'Daily Tracker'!$E$2:$FA$2,0)),0)) -> 6 | AD31: =IF(AD$16="","",IFERROR(INDEX('Daily Tracker'!$E17:$FA17,1,MATCH(AD$16,'Daily Tracker'!$E$2:$FA$2,0)),0)) -> 9 | ... AJ31: =IF(AJ$16="","",IFERROR(INDEX('Daily Tracker'!$E17:$FA17,1,MATCH(AJ$16,'Daily Tracker'!$E$2:$FA$2,0)),0)) -> 5
A32: Production | B32: =IF('Daily Tracker'!B18="",A32,'Daily Tracker'!B18) -> C39 | C32: ='Daily Tracker'!C18 -> Total C39 Night MP | D32: ='Daily Tracker'!D18 -> 21 | E32: =IFERROR(INDEX('Daily Tracker'!$E18:$FA18,1,MATCH($B$4,'Daily Tracker'!$E$2:$FA$2,0)),0) -> 22 | F32: =D32-E32 -> -1 | G32: =IFERROR(E32/D32,0) -> 1.047619 | V32: 18 | W32: =IF(W$16="","",IFERROR(INDEX('Daily Tracker'!$E18:$FA18,1,MATCH(W$16,'Daily Tracker'!$E$2:$FA$2,0)),0)) -> 15 | X32: =IF(X$16="","",IFERROR(INDEX('Daily Tracker'!$E18:$FA18,1,MATCH(X$16,'Daily Tracker'!$E$2:$FA$2,0)),0)) -> 16 | Y32: =IF(Y$16="","",IFERROR(INDEX('Daily Tracker'!$E18:$FA18,1,MATCH(Y$16,'Daily Tracker'!$E$2:$FA$2,0)),0)) -> 0 | Z32: =IF(Z$16="","",IFERROR(INDEX('Daily Tracker'!$E18:$FA18,1,MATCH(Z$16,'Daily Tracker'!$E$2:$FA$2,0)),0)) -> 0 | AA32: =IF(AA$16="","",IFERROR(INDEX('Daily Tracker'!$E18:$FA18,1,MATCH(AA$16,'Daily Tracker'!$E$2:$FA$2,0)),0)) -> 22 | AB32: =IF(AB$16="","",IFERROR(INDEX('Daily Tracker'!$E18:$FA18,1,MATCH(AB$16,'Daily Tracker'!$E$2:$FA$2,0)),0)) -> 0 | AC32: =IF(AC$16="","",IFERROR(INDEX('Daily Tracker'!$E18:$FA18,1,MATCH(AC$16,'Daily Tracker'!$E$2:$FA$2,0)),0)) -> 24 | AD32: =IF(AD$16="","",IFERROR(INDEX('Daily Tracker'!$E18:$FA18,1,MATCH(AD$16,'Daily Tracker'!$E$2:$FA$2,0)),0)) -> 21 | ... AJ32: =IF(AJ$16="","",IFERROR(INDEX('Daily Tracker'!$E18:$FA18,1,MATCH(AJ$16,'Daily Tracker'!$E$2:$FA$2,0)),0)) -> 22
A33: Support | B33: =IF('Daily Tracker'!B20="",A33,'Daily Tracker'!B20) -> Support | C33: ='Daily Tracker'!C20 -> Supervisors + Executive+AM +HR | D33: ='Daily Tracker'!D20 -> 21 | E33: =IFERROR(INDEX('Daily Tracker'!$E20:$FA20,1,MATCH($B$4,'Daily Tracker'!$E$2:$FA$2,0)),0) -> 13 | F33: =D33-E33 -> 8 | G33: =IFERROR(E33/D33,0) -> 0.61904762 | V33: 20 | W33: =IF(W$16="","",IFERROR(INDEX('Daily Tracker'!$E20:$FA20,1,MATCH(W$16,'Daily Tracker'!$E$2:$FA$2,0)),0)) -> 11 | X33: =IF(X$16="","",IFERROR(INDEX('Daily Tracker'!$E20:$FA20,1,MATCH(X$16,'Daily Tracker'!$E$2:$FA$2,0)),0)) -> 11 | Y33: =IF(Y$16="","",IFERROR(INDEX('Daily Tracker'!$E20:$FA20,1,MATCH(Y$16,'Daily Tracker'!$E$2:$FA$2,0)),0)) -> 0 | Z33: =IF(Z$16="","",IFERROR(INDEX('Daily Tracker'!$E20:$FA20,1,MATCH(Z$16,'Daily Tracker'!$E$2:$FA$2,0)),0)) -> 8 | AA33: =IF(AA$16="","",IFERROR(INDEX('Daily Tracker'!$E20:$FA20,1,MATCH(AA$16,'Daily Tracker'!$E$2:$FA$2,0)),0)) -> 0 | AB33: =IF(AB$16="","",IFERROR(INDEX('Daily Tracker'!$E20:$FA20,1,MATCH(AB$16,'Daily Tracker'!$E$2:$FA$2,0)),0)) -> 10 | AC33: =IF(AC$16="","",IFERROR(INDEX('Daily Tracker'!$E20:$FA20,1,MATCH(AC$16,'Daily Tracker'!$E$2:$FA$2,0)),0)) -> 11 | AD33: =IF(AD$16="","",IFERROR(INDEX('Daily Tracker'!$E20:$FA20,1,MATCH(AD$16,'Daily Tracker'!$E$2:$FA$2,0)),0)) -> 11 | ... AJ33: =IF(AJ$16="","",IFERROR(INDEX('Daily Tracker'!$E20:$FA20,1,MATCH(AJ$16,'Daily Tracker'!$E$2:$FA$2,0)),0)) -> 13
A34: Support | B34: =IF('Daily Tracker'!B21="",A34,'Daily Tracker'!B21) -> Support | C34: ='Daily Tracker'!C21 -> C39-HK | D34: ='Daily Tracker'!D21 -> 5 | E34: =IFERROR(INDEX('Daily Tracker'!$E21:$FA21,1,MATCH($B$4,'Daily Tracker'!$E$2:$FA$2,0)),0) -> 5 | F34: =D34-E34 -> 0 | G34: =IFERROR(E34/D34,0) -> 1 | V34: 21 | W34: =IF(W$16="","",IFERROR(INDEX('Daily Tracker'!$E21:$FA21,1,MATCH(W$16,'Daily Tracker'!$E$2:$FA$2,0)),0)) -> 5 | X34: =IF(X$16="","",IFERROR(INDEX('Daily Tracker'!$E21:$FA21,1,MATCH(X$16,'Daily Tracker'!$E$2:$FA$2,0)),0)) -> 4 | Y34: =IF(Y$16="","",IFERROR(INDEX('Daily Tracker'!$E21:$FA21,1,MATCH(Y$16,'Daily Tracker'!$E$2:$FA$2,0)),0)) -> 0 | Z34: =IF(Z$16="","",IFERROR(INDEX('Daily Tracker'!$E21:$FA21,1,MATCH(Z$16,'Daily Tracker'!$E$2:$FA$2,0)),0)) -> 5 | AA34: =IF(AA$16="","",IFERROR(INDEX('Daily Tracker'!$E21:$FA21,1,MATCH(AA$16,'Daily Tracker'!$E$2:$FA$2,0)),0)) -> 3 | AB34: =IF(AB$16="","",IFERROR(INDEX('Daily Tracker'!$E21:$FA21,1,MATCH(AB$16,'Daily Tracker'!$E$2:$FA$2,0)),0)) -> 6 | AC34: =IF(AC$16="","",IFERROR(INDEX('Daily Tracker'!$E21:$FA21,1,MATCH(AC$16,'Daily Tracker'!$E$2:$FA$2,0)),0)) -> 4 | AD34: =IF(AD$16="","",IFERROR(INDEX('Daily Tracker'!$E21:$FA21,1,MATCH(AD$16,'Daily Tracker'!$E$2:$FA$2,0)),0)) -> 5 | ... AJ34: =IF(AJ$16="","",IFERROR(INDEX('Daily Tracker'!$E21:$FA21,1,MATCH(AJ$16,'Daily Tracker'!$E$2:$FA$2,0)),0)) -> 5
A35: Support | B35: =IF('Daily Tracker'!B22="",A35,'Daily Tracker'!B22) -> Support | C35: ='Daily Tracker'!C22 -> C6-HK | D35: ='Daily Tracker'!D22 -> 9 | E35: =IFERROR(INDEX('Daily Tracker'!$E22:$FA22,1,MATCH($B$4,'Daily Tracker'!$E$2:$FA$2,0)),0) -> 9 | F35: =D35-E35 -> 0 | G35: =IFERROR(E35/D35,0) -> 1 | V35: 22 | W35: =IF(W$16="","",IFERROR(INDEX('Daily Tracker'!$E22:$FA22,1,MATCH(W$16,'Daily Tracker'!$E$2:$FA$2,0)),0)) -> 9 | X35: =IF(X$16="","",IFERROR(INDEX('Daily Tracker'!$E22:$FA22,1,MATCH(X$16,'Daily Tracker'!$E$2:$FA$2,0)),0)) -> 9 | Y35: =IF(Y$16="","",IFERROR(INDEX('Daily Tracker'!$E22:$FA22,1,MATCH(Y$16,'Daily Tracker'!$E$2:$FA$2,0)),0)) -> 0 | Z35: =IF(Z$16="","",IFERROR(INDEX('Daily Tracker'!$E22:$FA22,1,MATCH(Z$16,'Daily Tracker'!$E$2:$FA$2,0)),0)) -> 8 | AA35: =IF(AA$16="","",IFERROR(INDEX('Daily Tracker'!$E22:$FA22,1,MATCH(AA$16,'Daily Tracker'!$E$2:$FA$2,0)),0)) -> 6 | AB35: =IF(AB$16="","",IFERROR(INDEX('Daily Tracker'!$E22:$FA22,1,MATCH(AB$16,'Daily Tracker'!$E$2:$FA$2,0)),0)) -> 8 | AC35: =IF(AC$16="","",IFERROR(INDEX('Daily Tracker'!$E22:$FA22,1,MATCH(AC$16,'Daily Tracker'!$E$2:$FA$2,0)),0)) -> 8 | AD35: =IF(AD$16="","",IFERROR(INDEX('Daily Tracker'!$E22:$FA22,1,MATCH(AD$16,'Daily Tracker'!$E$2:$FA$2,0)),0)) -> 8 | ... AJ35: =IF(AJ$16="","",IFERROR(INDEX('Daily Tracker'!$E22:$FA22,1,MATCH(AJ$16,'Daily Tracker'!$E$2:$FA$2,0)),0)) -> 9
A36: Support | B36: =IF('Daily Tracker'!B23="",A36,'Daily Tracker'!B23) -> Support | C36: ='Daily Tracker'!C23 -> Maintenance-C6&C39 | D36: ='Daily Tracker'!D23 -> 6 | E36: =IFERROR(INDEX('Daily Tracker'!$E23:$FA23,1,MATCH($B$4,'Daily Tracker'!$E$2:$FA$2,0)),0) -> 5 | F36: =D36-E36 -> 1 | G36: =IFERROR(E36/D36,0) -> 0.83333333 | V36: 23 | W36: =IF(W$16="","",IFERROR(INDEX('Daily Tracker'!$E23:$FA23,1,MATCH(W$16,'Daily Tracker'!$E$2:$FA$2,0)),0)) -> 4 | X36: =IF(X$16="","",IFERROR(INDEX('Daily Tracker'!$E23:$FA23,1,MATCH(X$16,'Daily Tracker'!$E$2:$FA$2,0)),0)) -> 4 | Y36: =IF(Y$16="","",IFERROR(INDEX('Daily Tracker'!$E23:$FA23,1,MATCH(Y$16,'Daily Tracker'!$E$2:$FA$2,0)),0)) -> 0 | Z36: =IF(Z$16="","",IFERROR(INDEX('Daily Tracker'!$E23:$FA23,1,MATCH(Z$16,'Daily Tracker'!$E$2:$FA$2,0)),0)) -> 5 | AA36: =IF(AA$16="","",IFERROR(INDEX('Daily Tracker'!$E23:$FA23,1,MATCH(AA$16,'Daily Tracker'!$E$2:$FA$2,0)),0)) -> 3 | AB36: =IF(AB$16="","",IFERROR(INDEX('Daily Tracker'!$E23:$FA23,1,MATCH(AB$16,'Daily Tracker'!$E$2:$FA$2,0)),0)) -> 4 | AC36: =IF(AC$16="","",IFERROR(INDEX('Daily Tracker'!$E23:$FA23,1,MATCH(AC$16,'Daily Tracker'!$E$2:$FA$2,0)),0)) -> 4 | AD36: =IF(AD$16="","",IFERROR(INDEX('Daily Tracker'!$E23:$FA23,1,MATCH(AD$16,'Daily Tracker'!$E$2:$FA$2,0)),0)) -> 1 | ... AJ36: =IF(AJ$16="","",IFERROR(INDEX('Daily Tracker'!$E23:$FA23,1,MATCH(AJ$16,'Daily Tracker'!$E$2:$FA$2,0)),0)) -> 5
A37: Support | B37: =IF('Daily Tracker'!B24="",A37,'Daily Tracker'!B24) -> Support | C37: ='Daily Tracker'!C24 -> Admin | D37: ='Daily Tracker'!D24 -> 4 | E37: =IFERROR(INDEX('Daily Tracker'!$E24:$FA24,1,MATCH($B$4,'Daily Tracker'!$E$2:$FA$2,0)),0) -> 3 | F37: =D37-E37 -> 1 | G37: =IFERROR(E37/D37,0) -> 0.75 | V37: 24 | W37: =IF(W$16="","",IFERROR(INDEX('Daily Tracker'!$E24:$FA24,1,MATCH(W$16,'Daily Tracker'!$E$2:$FA$2,0)),0)) -> 3 | X37: =IF(X$16="","",IFERROR(INDEX('Daily Tracker'!$E24:$FA24,1,MATCH(X$16,'Daily Tracker'!$E$2:$FA$2,0)),0)) -> 3 | Y37: =IF(Y$16="","",IFERROR(INDEX('Daily Tracker'!$E24:$FA24,1,MATCH(Y$16,'Daily Tracker'!$E$2:$FA$2,0)),0)) -> 0 | Z37: =IF(Z$16="","",IFERROR(INDEX('Daily Tracker'!$E24:$FA24,1,MATCH(Z$16,'Daily Tracker'!$E$2:$FA$2,0)),0)) -> 3 | AA37: =IF(AA$16="","",IFERROR(INDEX('Daily Tracker'!$E24:$FA24,1,MATCH(AA$16,'Daily Tracker'!$E$2:$FA$2,0)),0)) -> 1 | AB37: =IF(AB$16="","",IFERROR(INDEX('Daily Tracker'!$E24:$FA24,1,MATCH(AB$16,'Daily Tracker'!$E$2:$FA$2,0)),0)) -> 3 | AC37: =IF(AC$16="","",IFERROR(INDEX('Daily Tracker'!$E24:$FA24,1,MATCH(AC$16,'Daily Tracker'!$E$2:$FA$2,0)),0)) -> 3 | AD37: =IF(AD$16="","",IFERROR(INDEX('Daily Tracker'!$E24:$FA24,1,MATCH(AD$16,'Daily Tracker'!$E$2:$FA$2,0)),0)) -> 3 | ... AJ37: =IF(AJ$16="","",IFERROR(INDEX('Daily Tracker'!$E24:$FA24,1,MATCH(AJ$16,'Daily Tracker'!$E$2:$FA$2,0)),0)) -> 3
A38: Support | B38: =IF('Daily Tracker'!B25="",A38,'Daily Tracker'!B25) -> Support | C38: ='Daily Tracker'!C25 -> Lab | D38: ='Daily Tracker'!D25 -> 1 | E38: =IFERROR(INDEX('Daily Tracker'!$E25:$FA25,1,MATCH($B$4,'Daily Tracker'!$E$2:$FA$2,0)),0) -> 1 | F38: =D38-E38 -> 0 | G38: =IFERROR(E38/D38,0) -> 1 | V38: 25 | W38: =IF(W$16="","",IFERROR(INDEX('Daily Tracker'!$E25:$FA25,1,MATCH(W$16,'Daily Tracker'!$E$2:$FA$2,0)),0)) -> 1 | X38: =IF(X$16="","",IFERROR(INDEX('Daily Tracker'!$E25:$FA25,1,MATCH(X$16,'Daily Tracker'!$E$2:$FA$2,0)),0)) -> 1 | Y38: =IF(Y$16="","",IFERROR(INDEX('Daily Tracker'!$E25:$FA25,1,MATCH(Y$16,'Daily Tracker'!$E$2:$FA$2,0)),0)) -> 0 | Z38: =IF(Z$16="","",IFERROR(INDEX('Daily Tracker'!$E25:$FA25,1,MATCH(Z$16,'Daily Tracker'!$E$2:$FA$2,0)),0)) -> 0 | AA38: =IF(AA$16="","",IFERROR(INDEX('Daily Tracker'!$E25:$FA25,1,MATCH(AA$16,'Daily Tracker'!$E$2:$FA$2,0)),0)) -> 0 | AB38: =IF(AB$16="","",IFERROR(INDEX('Daily Tracker'!$E25:$FA25,1,MATCH(AB$16,'Daily Tracker'!$E$2:$FA$2,0)),0)) -> 1 | AC38: =IF(AC$16="","",IFERROR(INDEX('Daily Tracker'!$E25:$FA25,1,MATCH(AC$16,'Daily Tracker'!$E$2:$FA$2,0)),0)) -> 1 | AD38: =IF(AD$16="","",IFERROR(INDEX('Daily Tracker'!$E25:$FA25,1,MATCH(AD$16,'Daily Tracker'!$E$2:$FA$2,0)),0)) -> 1 | ... AJ38: =IF(AJ$16="","",IFERROR(INDEX('Daily Tracker'!$E25:$FA25,1,MATCH(AJ$16,'Daily Tracker'!$E$2:$FA$2,0)),0)) -> 1
A39: Support | B39: =IF('Daily Tracker'!B26="",A39,'Daily Tracker'!B26) -> Support | C39: ='Daily Tracker'!C26 -> Project | D39: ='Daily Tracker'!D26 -> 2 | E39: =IFERROR(INDEX('Daily Tracker'!$E26:$FA26,1,MATCH($B$4,'Daily Tracker'!$E$2:$FA$2,0)),0) -> 1 | F39: =D39-E39 -> 1 | G39: =IFERROR(E39/D39,0) -> 0.5 | V39: 26 | W39: =IF(W$16="","",IFERROR(INDEX('Daily Tracker'!$E26:$FA26,1,MATCH(W$16,'Daily Tracker'!$E$2:$FA$2,0)),0)) -> 2 | X39: =IF(X$16="","",IFERROR(INDEX('Daily Tracker'!$E26:$FA26,1,MATCH(X$16,'Daily Tracker'!$E$2:$FA$2,0)),0)) -> 2 | Y39: =IF(Y$16="","",IFERROR(INDEX('Daily Tracker'!$E26:$FA26,1,MATCH(Y$16,'Daily Tracker'!$E$2:$FA$2,0)),0)) -> 0 | Z39: =IF(Z$16="","",IFERROR(INDEX('Daily Tracker'!$E26:$FA26,1,MATCH(Z$16,'Daily Tracker'!$E$2:$FA$2,0)),0)) -> 1 | AA39: =IF(AA$16="","",IFERROR(INDEX('Daily Tracker'!$E26:$FA26,1,MATCH(AA$16,'Daily Tracker'!$E$2:$FA$2,0)),0)) -> 0 | AB39: =IF(AB$16="","",IFERROR(INDEX('Daily Tracker'!$E26:$FA26,1,MATCH(AB$16,'Daily Tracker'!$E$2:$FA$2,0)),0)) -> 0 | AC39: =IF(AC$16="","",IFERROR(INDEX('Daily Tracker'!$E26:$FA26,1,MATCH(AC$16,'Daily Tracker'!$E$2:$FA$2,0)),0)) -> 1 | AD39: =IF(AD$16="","",IFERROR(INDEX('Daily Tracker'!$E26:$FA26,1,MATCH(AD$16,'Daily Tracker'!$E$2:$FA$2,0)),0)) -> 0 | ... AJ39: =IF(AJ$16="","",IFERROR(INDEX('Daily Tracker'!$E26:$FA26,1,MATCH(AJ$16,'Daily Tracker'!$E$2:$FA$2,0)),0)) -> 1
A40: Support | B40: =IF('Daily Tracker'!B27="",A40,'Daily Tracker'!B27) -> Support | C40: ='Daily Tracker'!C27 -> Accounts | D40: ='Daily Tracker'!D27 -> 2 | E40: =IFERROR(INDEX('Daily Tracker'!$E27:$FA27,1,MATCH($B$4,'Daily Tracker'!$E$2:$FA$2,0)),0) -> 1 | F40: =D40-E40 -> 1 | G40: =IFERROR(E40/D40,0) -> 0.5 | V40: 27 | W40: =IF(W$16="","",IFERROR(INDEX('Daily Tracker'!$E27:$FA27,1,MATCH(W$16,'Daily Tracker'!$E$2:$FA$2,0)),0)) -> 2 | X40: =IF(X$16="","",IFERROR(INDEX('Daily Tracker'!$E27:$FA27,1,MATCH(X$16,'Daily Tracker'!$E$2:$FA$2,0)),0)) -> 1 | Y40: =IF(Y$16="","",IFERROR(INDEX('Daily Tracker'!$E27:$FA27,1,MATCH(Y$16,'Daily Tracker'!$E$2:$FA$2,0)),0)) -> 0 | Z40: =IF(Z$16="","",IFERROR(INDEX('Daily Tracker'!$E27:$FA27,1,MATCH(Z$16,'Daily Tracker'!$E$2:$FA$2,0)),0)) -> 1 | AA40: =IF(AA$16="","",IFERROR(INDEX('Daily Tracker'!$E27:$FA27,1,MATCH(AA$16,'Daily Tracker'!$E$2:$FA$2,0)),0)) -> 0 | AB40: =IF(AB$16="","",IFERROR(INDEX('Daily Tracker'!$E27:$FA27,1,MATCH(AB$16,'Daily Tracker'!$E$2:$FA$2,0)),0)) -> 2 | AC40: =IF(AC$16="","",IFERROR(INDEX('Daily Tracker'!$E27:$FA27,1,MATCH(AC$16,'Daily Tracker'!$E$2:$FA$2,0)),0)) -> 1 | AD40: =IF(AD$16="","",IFERROR(INDEX('Daily Tracker'!$E27:$FA27,1,MATCH(AD$16,'Daily Tracker'!$E$2:$FA$2,0)),0)) -> 2 | ... AJ40: =IF(AJ$16="","",IFERROR(INDEX('Daily Tracker'!$E27:$FA27,1,MATCH(AJ$16,'Daily Tracker'!$E$2:$FA$2,0)),0)) -> 1
A41: Support | B41: =IF('Daily Tracker'!B28="",A41,'Daily Tracker'!B28) -> Support | C41: ='Daily Tracker'!C28 -> IT | D41: ='Daily Tracker'!D28 -> 2 | E41: =IFERROR(INDEX('Daily Tracker'!$E28:$FA28,1,MATCH($B$4,'Daily Tracker'!$E$2:$FA$2,0)),0) -> 1 | F41: =D41-E41 -> 1 | G41: =IFERROR(E41/D41,0) -> 0.5 | V41: 28 | W41: =IF(W$16="","",IFERROR(INDEX('Daily Tracker'!$E28:$FA28,1,MATCH(W$16,'Daily Tracker'!$E$2:$FA$2,0)),0)) -> 1 | X41: =IF(X$16="","",IFERROR(INDEX('Daily Tracker'!$E28:$FA28,1,MATCH(X$16,'Daily Tracker'!$E$2:$FA$2,0)),0)) -> 0 | Y41: =IF(Y$16="","",IFERROR(INDEX('Daily Tracker'!$E28:$FA28,1,MATCH(Y$16,'Daily Tracker'!$E$2:$FA$2,0)),0)) -> 0 | Z41: =IF(Z$16="","",IFERROR(INDEX('Daily Tracker'!$E28:$FA28,1,MATCH(Z$16,'Daily Tracker'!$E$2:$FA$2,0)),0)) -> 0 | AA41: =IF(AA$16="","",IFERROR(INDEX('Daily Tracker'!$E28:$FA28,1,MATCH(AA$16,'Daily Tracker'!$E$2:$FA$2,0)),0)) -> 0 | AB41: =IF(AB$16="","",IFERROR(INDEX('Daily Tracker'!$E28:$FA28,1,MATCH(AB$16,'Daily Tracker'!$E$2:$FA$2,0)),0)) -> 1 | AC41: =IF(AC$16="","",IFERROR(INDEX('Daily Tracker'!$E28:$FA28,1,MATCH(AC$16,'Daily Tracker'!$E$2:$FA$2,0)),0)) -> 1 | AD41: =IF(AD$16="","",IFERROR(INDEX('Daily Tracker'!$E28:$FA28,1,MATCH(AD$16,'Daily Tracker'!$E$2:$FA$2,0)),0)) -> 2 | ... AJ41: =IF(AJ$16="","",IFERROR(INDEX('Daily Tracker'!$E28:$FA28,1,MATCH(AJ$16,'Daily Tracker'!$E$2:$FA$2,0)),0)) -> 1
A42: Support | B42: =IF('Daily Tracker'!B29="",A42,'Daily Tracker'!B29) -> Support | C42: ='Daily Tracker'!C29 -> QA | D42: ='Daily Tracker'!D29 -> 9 | E42: =IFERROR(INDEX('Daily Tracker'!$E29:$FA29,1,MATCH($B$4,'Daily Tracker'!$E$2:$FA$2,0)),0) -> 7 | F42: =D42-E42 -> 2 | G42: =IFERROR(E42/D42,0) -> 0.77777778 | V42: 29 | W42: =IF(W$16="","",IFERROR(INDEX('Daily Tracker'!$E29:$FA29,1,MATCH(W$16,'Daily Tracker'!$E$2:$FA$2,0)),0)) -> 6 | X42: =IF(X$16="","",IFERROR(INDEX('Daily Tracker'!$E29:$FA29,1,MATCH(X$16,'Daily Tracker'!$E$2:$FA$2,0)),0)) -> 5 | Y42: =IF(Y$16="","",IFERROR(INDEX('Daily Tracker'!$E29:$FA29,1,MATCH(Y$16,'Daily Tracker'!$E$2:$FA$2,0)),0)) -> 0 | Z42: =IF(Z$16="","",IFERROR(INDEX('Daily Tracker'!$E29:$FA29,1,MATCH(Z$16,'Daily Tracker'!$E$2:$FA$2,0)),0)) -> 7 | AA42: =IF(AA$16="","",IFERROR(INDEX('Daily Tracker'!$E29:$FA29,1,MATCH(AA$16,'Daily Tracker'!$E$2:$FA$2,0)),0)) -> 2 | AB42: =IF(AB$16="","",IFERROR(INDEX('Daily Tracker'!$E29:$FA29,1,MATCH(AB$16,'Daily Tracker'!$E$2:$FA$2,0)),0)) -> 7 | AC42: =IF(AC$16="","",IFERROR(INDEX('Daily Tracker'!$E29:$FA29,1,MATCH(AC$16,'Daily Tracker'!$E$2:$FA$2,0)),0)) -> 8 | AD42: =IF(AD$16="","",IFERROR(INDEX('Daily Tracker'!$E29:$FA29,1,MATCH(AD$16,'Daily Tracker'!$E$2:$FA$2,0)),0)) -> 7 | ... AJ42: =IF(AJ$16="","",IFERROR(INDEX('Daily Tracker'!$E29:$FA29,1,MATCH(AJ$16,'Daily Tracker'!$E$2:$FA$2,0)),0)) -> 7
A43: Support | B43: =IF('Daily Tracker'!B30="",A43,'Daily Tracker'!B30) -> Support | C43: ='Daily Tracker'!C30 -> FRM | D43: ='Daily Tracker'!D30 -> 2 | E43: =IFERROR(INDEX('Daily Tracker'!$E30:$FA30,1,MATCH($B$4,'Daily Tracker'!$E$2:$FA$2,0)),0) -> 1 | F43: =D43-E43 -> 1 | G43: =IFERROR(E43/D43,0) -> 0.5 | V43: 30 | W43: =IF(W$16="","",IFERROR(INDEX('Daily Tracker'!$E30:$FA30,1,MATCH(W$16,'Daily Tracker'!$E$2:$FA$2,0)),0)) -> 1 | X43: =IF(X$16="","",IFERROR(INDEX('Daily Tracker'!$E30:$FA30,1,MATCH(X$16,'Daily Tracker'!$E$2:$FA$2,0)),0)) -> 1 | Y43: =IF(Y$16="","",IFERROR(INDEX('Daily Tracker'!$E30:$FA30,1,MATCH(Y$16,'Daily Tracker'!$E$2:$FA$2,0)),0)) -> 0 | Z43: =IF(Z$16="","",IFERROR(INDEX('Daily Tracker'!$E30:$FA30,1,MATCH(Z$16,'Daily Tracker'!$E$2:$FA$2,0)),0)) -> 1 | AA43: =IF(AA$16="","",IFERROR(INDEX('Daily Tracker'!$E30:$FA30,1,MATCH(AA$16,'Daily Tracker'!$E$2:$FA$2,0)),0)) -> 0 | AB43: =IF(AB$16="","",IFERROR(INDEX('Daily Tracker'!$E30:$FA30,1,MATCH(AB$16,'Daily Tracker'!$E$2:$FA$2,0)),0)) -> 0 | AC43: =IF(AC$16="","",IFERROR(INDEX('Daily Tracker'!$E30:$FA30,1,MATCH(AC$16,'Daily Tracker'!$E$2:$FA$2,0)),0)) -> 0 | AD43: =IF(AD$16="","",IFERROR(INDEX('Daily Tracker'!$E30:$FA30,1,MATCH(AD$16,'Daily Tracker'!$E$2:$FA$2,0)),0)) -> 1 | ... AJ43: =IF(AJ$16="","",IFERROR(INDEX('Daily Tracker'!$E30:$FA30,1,MATCH(AJ$16,'Daily Tracker'!$E$2:$FA$2,0)),0)) -> 1
C44: TOTAL | D44: =SUM(D17:D43) -> 266 | E44: =SUM(E17:E43) -> 234 | F44: =D44-E44 -> 32 | G44: =IFERROR(E44/D44,0) -> 0.87969925
A46: Positive gap means manpower below plan; negative gap means attendance exceeded plan.
A48: KPI KEY & FILTER GUIDE
A49: ON PLAN ≥95% | C49: WATCH 85–94.9% | E49: ACTION <85% | H49: Date updates the complete dashboard. Category, Plant and Section refine KPI cards and charts. Select All for the full workforce view.
A52: Gap vs Plan: positive = shortage | negative = attendance above plan | OT and Approved Leave are organization-wide Daily Tracker measures.

Sheet Daily Tracker
C1: Over sections: | E1: {=IFERROR(_xlfn.TEXTJOIN(", ",TRUE,IF(#REF!>#REF!,#REF!,"")),"")} | F1: {=IFERROR(_xlfn.TEXTJOIN(", ",TRUE,IF(#REF!>#REF!,#REF!,"")),"")} | G1: {=IFERROR(_xlfn.TEXTJOIN(", ",TRUE,IF(#REF!>#REF!,#REF!,"")),"")} | H1: {=IFERROR(_xlfn.TEXTJOIN(", ",TRUE,IF(#REF!>#REF!,#REF!,"")),"")} | I1: {=IFERROR(_xlfn.TEXTJOIN(", ",TRUE,IF(#REF!>#REF!,#REF!,"")),"")} | J1: {=IFERROR(_xlfn.TEXTJOIN(", ",TRUE,IF(#REF!>#REF!,#REF!,"")),"")} | K1: {=IFERROR(_xlfn.TEXTJOIN(", ",TRUE,IF(#REF!>#REF!,#REF!,"")),"")} | L1: {=IFERROR(_xlfn.TEXTJOIN(", ",TRUE,IF(#REF!>#REF!,#REF!,"")),"")} | ... Q1: {=IFERROR(_xlfn.TEXTJOIN(", ",TRUE,IF(#REF!>#REF!,#REF!,"")),"")} | R1: =IFERROR(_xlfn.TEXTJOIN(", ",TRUE,IF(#REF!>#REF!,#REF!,"")),"") | S1: {=IFERROR(_xlfn.TEXTJOIN(", ",TRUE,IF(#REF!>#REF!,#REF!,"")),"")} | T1: {=IFERROR(_xlfn.TEXTJOIN(", ",TRUE,IF(#REF!>#REF!,#REF!,"")),"")} | U1: {=IFERROR(_xlfn.TEXTJOIN(", ",TRUE,IF(#REF!>#REF!,#REF!,"")),"")} | V1: =IFERROR(_xlfn.TEXTJOIN(", ",TRUE,IF(#REF!>#REF!,#REF!,"")),"") | W1: {=IFERROR(_xlfn.TEXTJOIN(", ",TRUE,IF(#REF!>#REF!,#REF!,"")),"")} | X1: {=IFERROR(_xlfn.TEXTJOIN(", ",TRUE,IF(#REF!>#REF!,#REF!,"")),"")} | Y1: {=IFERROR(_xlfn.TEXTJOIN(", ",TRUE,IF(#REF!>#REF!,#REF!,"")),"")} | Z1: {=IFERROR(_xlfn.TEXTJOIN(", ",TRUE,IF(#REF!>#REF!,#REF!,"")),"")} | AA1: {=IFERROR(_xlfn.TEXTJOIN(", ",TRUE,IF(#REF!>#REF!,#REF!,"")),"")} | AB1: =IFERROR(_xlfn.TEXTJOIN(", ",TRUE,IF(#REF!>#REF!,#REF!,"")),"") | AC1: {=IFERROR(_xlfn.TEXTJOIN(", ",TRUE,IF(#REF!>#REF!,#REF!,"")),"")} | AD1: {=IFERROR(_xlfn.TEXTJOIN(", ",TRUE,IF(#REF!>#REF!,#REF!,"")),"")} | AE1: {=IFERROR(_xlfn.TEXTJOIN(", ",TRUE,IF(#REF!>#REF!,#REF!,"")),"")} | AF1: {=IFERROR(_xlfn.TEXTJOIN(", ",TRUE,IF(#REF!>#REF!,#REF!,"")),"")} | AG1: {=IFERROR(_xlfn.TEXTJOIN(", ",TRUE,IF(#REF!>#REF!,#REF!,"")),"")} | AH1: {=IFERROR(_xlfn.TEXTJOIN(", ",TRUE,IF(#REF!>#REF!,#REF!,"")),"")} | AI1: {=IFERROR(_xlfn.TEXTJOIN(", ",TRUE,IF(#REF!>#REF!,#REF!,"")),"")} | AJ1: {=IFERROR(_xlfn.TEXTJOIN(", ",TRUE,IF(#REF!>#REF!,#REF!,"")),"")} | ... BL1: {=IFERROR(_xlfn.TEXTJOIN(", ",TRUE,IF(#REF!>#REF!,#REF!,"")),"")}
A2: Category | B2: Plant | C2: Section | D2: Plan (MP) | E2: 46174 | F2: =E2+1 -> 46175 | G2: =F2+1 -> 46176 | H2: =G2+1 -> 46177 | I2: =H2+1 -> 46178 | J2: =I2+1 -> 46179 | K2: =J2+1 -> 46180 | L2: =K2+1 -> 46181 | M2: =L2+1 -> 46182 | ... AL2: =AK2+1 -> 46207 | AM2: 46208 | AN2: =AM2+1 -> 46209 | AO2: 46210 | AP2: =AO2+1 -> 46211 | AQ2: =AP2+1 -> 46212 | AR2: =AQ2+1 -> 46213 | AS2: =AR2+1 -> 46214 | AT2: =AS2+1 -> 46215 | AU2: =AT2+1 -> 46216 | AV2: =AU2+1 -> 46217 | AW2: =AV2+1 -> 46218 | ... FA2: =EZ2+1 -> 46326
A3: Production | B3: C6 | C3: =Master!B3 -> C6 - Oil | D3: =Master!C3 -> 14 | E3: 3 | F3: 2 | G3: 3 | H3: 8 | I3: 1 | J3: 13 | L3: 4 | M3: 12 | N3: 6 | O3: 10 | P3: 14 | Q3: 10 | S3: 11 | T3: 12 | U3: 12 | V3: 17 | W3: 20 | X3: 14 | Z3: 20 | AA3: 18 | AB3: 11 | AC3: 12 | AD3: 13 | AE3: 10 | AF3: 12 | AH3: 12 | AI3: 12 | AJ3: 14 | AK3: 11 | AL3: 12 | AN3: 17 | AO3: 18 | AP3: 9 | AQ3: 13 | AR3: 19 | AS3: 19 | AU3: 18 | AV3: 18 | AW3: 17 | AX3: 15 | AY3: 20 | AZ3: 6 | BA3: 4 | BB3: 17 | BC3: 17 | BD3: 13 | BE3: =14 -> 14 | BF3: =13 -> 13 | BG3: =12 -> 12 | BH3: 12 | BI3: 10 | BJ3: 12 | BK3: =12+12 -> 24 | BL3: =12+11 -> 23 | BM3: =12+12 -> 24 | BN3: =24+12 -> 36 | BO3: 13 | BP3: 18 | BQ3: =18+11 -> 29 | BR3: =19+10 -> 29 | BS3: 10 | BT3: =10+9 -> 19 | BU3: =19+10 -> 29 | BV3: =9+10 -> 19 | BW3: 15 | BX3: =17+9 -> 26 | BY3: =3+12 -> 15 | BZ3: =5+10+10 -> 25 | CA3: =17+9 -> 26 | CC3: 11 | CD3: 10 | CE3: =18+13 -> 31 | CF3: =20+15 -> 35 | CG3: =15+14 -> 29 | CH3: =18+15 -> 33 | CI3: =17+13 -> 30 | CJ3: 16 | CK3: 16 | CL3: =15+10 -> 25 | CM3: =14+8 -> 22 | CN3: 11 | CO3: =7+7 -> 14 | CP3: =9+9 -> 18 | CR3: 8 | CS3: =11+8 -> 19 | CT3: =6+7 -> 13 | CU3: 11 | CV3: =11+8 -> 19 | CW3: =12+8 -> 20 | CX3: =12+8 -> 20 | CY3: 9 | CZ3: =10+6 -> 16 | DA3: =10+6 -> 16 | DB3: =12+8 -> 20 | DC3: =12+10 -> 22 | DD3: =10+9 -> 19 | DE3: 9 | DG3: 10 | DH3: =9+9 -> 18 | DI3: 9 | DJ3: =9+8 -> 17 | DK3: =11+10 -> 21 | DL3: 9 | DM3: 11 | DN3: 12 | DO3: 14 | DQ3: 13 | DR3: 13 | DS3: 10 | DT3: 12 | DU3: 10 | DV3: 11 | DW3: 11 | DY3: 12 | EA3: 12 | EB3: 13 | EC3: 14 | ED3: 1 | EE3: 12 | EF3: 9 | EH3: 10 | EI3: 11
B4: Ghee | C4: =Master!B4 -> C6 - Ghee | D4: =Master!C4 -> 24 | E4: =22+8 -> 30 | F4: =24+9 -> 33 | G4: =25+9 -> 34 | H4: =30+9 -> 39 | I4: =27+9 -> 36 | J4: 32 | L4: =20+7 -> 27 | M4: =21+12 -> 33 | N4: =27+12 -> 39 | O4: =22+13 -> 35 | P4: =23+12 -> 35 | Q4: =22+13 -> 35 | R4: =11+8 -> 19 | S4: =22+11 -> 33 | T4: =17+10 -> 27 | U4: =21+13 -> 34 | V4: =21+12 -> 33 | W4: =24+13 -> 37 | X4: =26+13 -> 39 | Y4: =12+10 -> 22 | Z4: 28 | AA4: =19+11 -> 30 | AB4: =22+9 -> 31 | AC4: =25+12 -> 37 | AD4: =21+12 -> 33 | AE4: =25+12 -> 37 | AF4: =13+11 -> 24 | AG4: =8+11 -> 19 | AH4: =24+13 -> 37 | AI4: =22+13 -> 35 | AJ4: =24+12 -> 36 | AK4: =25+13 -> 38 | AL4: =24+13 -> 37 | AM4: =12+9 -> 21 | AN4: =24+14 -> 38 | AO4: =21+15 -> 36 | AP4: =20+9 -> 29 | AQ4: =21+16 -> 37 | AR4: =26+11 -> 37 | AS4: =23+15 -> 38 | AT4: =9+14 -> 23 | AU4: =23+14 -> 37 | AV4: =20+15 -> 35 | AW4: =24+15 -> 39 | AX4: =21+17 -> 38 | AY4: =23+12 -> 35 | AZ4: =21+16 -> 37 | BA4: =12+16 -> 28 | BB4: 26 | BC4: =21+17 -> 38 | BD4: =24+17 -> 41 | BE4: =22+18 -> 40 | BF4: =24+18 -> 42 | BG4: =20+18 -> 38 | BH4: 23 | BI4: =20+10 -> 30 | BJ4: =19+17 -> 36 | BK4: =19+18 -> 37 | BL4: =21+14 -> 35 | BM4: =16+15 -> 31 | BN4: 21 | BO4: =6+11 -> 17 | BP4: =19+14 -> 33 | BQ4: =21+14 -> 35 | BR4: =20+17 -> 37 | BS4: =19+18 -> 37 | BT4: =19+18 -> 37 | BU4: =21+13 -> 34 | BV4: =7+17 -> 24 | BW4: =20+13 -> 33 | BX4: =20+12 -> 32 | BY4: =21+12 -> 33 | BZ4: =23+11 -> 34 | CA4: =22+11 -> 33 | CB4: 13 | CC4: =20+11 -> 31 | CD4: =11+16 -> 27 | CE4: =20+18 -> 38 | CF4: =20+15 -> 35 | CG4: =22+16 -> 38 | CH4: =21+10 -> 31 | CI4: =23+15 -> 38 | CJ4: =11+16 -> 27 | CK4: =19+10 -> 29 | CL4: =17+16 -> 33 | CM4: =19+15 -> 34 | CN4: =21+19 -> 40 | CO4: =17+17 -> 34 | CP4: =20+11 -> 31 | CQ4: =11+14 -> 25 | CR4: =20+10 -> 30 | CS4: =22+15 -> 37 | CT4: =20+16 -> 36 | CU4: =21+15 -> 36 | CV4: =17+18 -> 35 | CW4: =19+15 -> 34 | CX4: =5+18 -> 23 | CY4: =15+11 -> 26 | CZ4: =15+17 -> 32 | DA4: =20+15 -> 35 | DB4: =17+14 -> 31 | DC4: =19+17 -> 36 | DD4: =22+19 -> 41 | DE4: =18+18 -> 36 | DF4: =11+6 -> 17 | DG4: =21+10 -> 31 | DH4: =23+15 -> 38 | DI4: =23+19 -> 42 | DJ4: =19+14 -> 33 | DK4: =19+15 -> 34 | DL4: =11+11 -> 22 | DM4: =19+7 -> 26 | DN4: 21 | DO4: 23 | DP4: 16 | DQ4: 19 | DR4: 19 | DS4: 18 | DT4: 20 | DU4: 17 | DV4: 18 | DW4: 20 | DY4: 19 | DZ4: 9 | EA4: 19 | EB4: 17 | EC4: 16 | ED4: 20 | EE4: 18 | EF4: 13 | EG4: 6 | EH4: 19 | EI4: 21
B5: C39 | C5: =Master!B5 -> C39 - MG batch Making | D5: =Master!C5 -> 7 | E5: 10 | F5: 21 | G5: 11 | H5: 16 | I5: 18 | J5: 14 | L5: 16 | M5: 12 | N5: 12 | O5: 12 | P5: 6 | Q5: 3 | S5: 7 | T5: 0 | U5: 7 | V5: 5 | W5: 9 | X5: 0 | Z5: 0 | AA5: 9 | AB5: 7 | AC5: 6 | AD5: 9 | AE5: 9 | AF5: 9 | AH5: 12 | AI5: 14 | AJ5: 12 | AK5: 13 | AL5: 8 | AN5: 8 | AO5: 12 | AP5: 11 | AQ5: 13 | AR5: 9 | AS5: 9 | AU5: 8 | AV5: 8 | AW5: 11 | AX5: 6 | AY5: 0 | AZ5: 0 | BA5: 0 | BB5: 8 | BC5: 14 | BD5: 13 | BE5: 9 | BF5: 9 | BG5: 9 | BI5: 11 | BJ5: 8 | BK5: 8 | BL5: 9 | BM5: 13 | BN5: 12 | BP5: 17 | BQ5: 12 | BR5: 11 | BT5: 8 | BU5: 9 | BV5: 12 | BW5: 12 | BX5: 14 | BY5: 12 | BZ5: 13 | CA5: 11 | CC5: 0 | CD5: 11 | CE5: 12 | CF5: 14 | CG5: 12 | CH5: 11 | CI5: 13 | CK5: 10 | CL5: 14 | CM5: 9 | CN5: 11 | CO5: 8 | CP5: 7 | CR5: 8 | CS5: 6 | CT5: 11 | CU5: 12 | CV5: 9 | CW5: 11 | CX5: 0 | CY5: 6 | CZ5: 10 | DA5: 11 | DB5: 12 | DC5: 9 | DD5: 10 | DG5: 8 | DH5: 9 | DJ5: 9 | DK5: 10 | DL5: 5 | DM5: 7 | DN5: 10 | DO5: 9 | DQ5: 10 | DR5: 9 | DS5: 0 | DT5: 9 | DU5: 9 | DV5: 9 | DW5: 9 | DY5: 9 | DZ5: 2 | EA5: 10 | EB5: 6 | EC5: 9 | EE5: 10 | EF5: 8 | EH5: 7 | EI5: 8
B6: Supply | C6: =Master!B6 -> Supply/ Dispatch (Common) | D6: =Master!C6 -> 11 | E6: 13 | F6: 17 | G6: 16 | H6: 11 | I6: 13 | J6: 11 | L6: 11 | M6: 11 | N6: 11 | O6: 10 | P6: 11 | Q6: 16 | S6: 13 | T6: 11 | U6: 11 | V6: 12 | W6: 12 | X6: 11 | Z6: 11 | AA6: 11 | AB6: 11 | AC6: 11 | AD6: 11 | AE6: 11 | AF6: 10 | AH6: 11 | AI6: 12 | AJ6: 11 | AK6: 11 | AL6: 11 | AN6: 11 | AO6: 11 | AP6: 11 | AQ6: 10 | AR6: 10 | AS6: 11 | AU6: 11 | AV6: 11 | AW6: 11 | AX6: 11 | AY6: 10 | AZ6: 5 | BA6: 4 | BB6: 11 | BC6: 11 | BD6: 11 | BE6: 11 | BF6: =11+8 -> 19 | BG6: 5 | BH6: 6 | BI6: 11 | BJ6: 10 | BK6: 11 | BL6: 11 | BM6: 9 | BN6: 11 | BO6: 6 | BP6: 11 | BQ6: 10 | BR6: 11 | BS6: 11 | BT6: 11 | BU6: 11 | BV6: 4 | BW6: 10 | BX6: 11 | BY6: 11 | BZ6: 11 | CA6: 11 | CC6: 0 | CD6: 11 | CE6: 10 | CF6: 11 | CG6: 11 | CH6: 10 | CI6: 11 | CK6: 11 | CL6: 11 | CM6: 11 | CN6: 11 | CO6: 11 | CP6: 9 | CR6: 11 | CS6: 11 | CT6: 11 | CU6: 11 | CV6: 12 | CW6: 11 | CX6: 7 | CY6: 12 | CZ6: 11 | DA6: 10 | DB6: 11 | DC6: 11 | DD6: 11 | DG6: 11 | DH6: 11 | DI6: 10 | DJ6: 11 | DK6: 11 | DL6: 4 | DM6: 11 | DN6: 11 | DO6: 12 | DP6: 11 | DQ6: 11 | DR6: 13 | DS6: 11 | DT6: 12 | DU6: 6 | DV6: =7+5 -> 12 | DW6: 11 | DY6: 6 | DZ6: 6 | EA6: 15 | EB6: 15 | EC6: 15 | ED6: 15 | EE6: 15 | EF6: 15 | EG6: 4 | EH6: 15 | EI6: 6
B7: Printer | C7: =Master!B7 -> Printer (Common) | D7: =Master!C7 -> 6 | E7: 6 | F7: 7 | G7: 7 | H7: 7 | I7: 6 | J7: 6 | L7: 5 | M7: 7 | N7: 7 | O7: 6 | P7: 7 | Q7: 6 | S7: 5 | T7: 7 | U7: 6 | V7: 7 | W7: 7 | X7: 7 | Z7: 6 | AA7: 6 | AB7: 5 | AC7: 5 | AD7: 4 | AE7: 7 | AF7: 5 | AH7: 7 | AI7: 7 | AJ7: 6 | AK7: 5 | AL7: 7 | AN7: 7 | AO7: 6 | AP7: 8 | AQ7: 8 | AR7: 7 | AS7: 8 | AU7: 6 | AV7: 7 | AW7: 6 | AX7: 7 | AY7: 7 | AZ7: 1 | BA7: 2 | BB7: 6 | BC7: 6 | BD7: 6 | BE7: 7 | BF7: 6 | BG7: 6 | BI7: 7 | BJ7: =1+6 -> 7 | BK7: 6 | BL7: 5 | BM7: 6 | BN7: 7 | BP7: 7 | BQ7: 7 | BR7: 7 | BS7: 1 | BT7: 6 | BU7: 7 | BV7: 5 | BW7: 7 | BX7: 5 | BY7: 7 | BZ7: 6 | CA7: 8 | CC7: 1 | CD7: 6 | CE7: 8 | CF7: 7 | CG7: 8 | CH7: 9 | CI7: 8 | CK7: 7 | CL7: 7 | CM7: 7 | CN7: 7 | CO7: 7 | CP7: 5 | CR7: 7 | CS7: 7 | CT7: 7 | CU7: 8 | CV7: 7 | CW7: 5 | CY7: 6 | CZ7: 5 | DA7: 7 | DB7: 7 | DC7: 6 | DD7: 7 | DE7: 3 | DG7: 6 | DH7: 8 | DJ7: 7 | DK7: 8 | DL7: 2 | DM7: 7 | DN7: 6 | DO7: 6 | DQ7: 6 | DR7: 5 | DS7: 5 | DT7: 6 | DU7: 6 | DV7: 7 | DW7: 8 | DY7: 7 | DZ7: 3 | EA7: 6 | EB7: 6 | EC7: 5 | ED7: 2 | EE7: 5 | EF7: 4 | EG7: 1 | EH7: 6 | EI7: 8
B8: C6 | C8: =Master!B8 -> C6 - Raw Agri (Millets) | D8: =Master!C8 -> 16 | E8: 13 | F8: 14 | G8: 20 | H8: 16 | I8: 14 | J8: 15 | L8: 12 | M8: 13 | N8: 20 | O8: 17 | P8: 13 | Q8: 14 | S8: 15 | T8: 9 | U8: 14 | V8: 6 | W8: 10 | X8: 11 | Z8: 11 | AA8: 16 | AB8: 20 | AC8: 22 | AD8: 17 | AE8: 16 | AF8: 14 | AH8: 18 | AI8: 17 | AJ8: 16 | AK8: 20 | AL8: 18 | AN8: 9 | AO8: 5 | AP8: 19 | AQ8: 14 | AR8: 12 | AS8: 12 | AU8: 8 | AV8: 10 | AW8: 10 | AX8: 10 | AY8: 5 | AZ8: 3 | BA8: 4 | BB8: 10 | BC8: 13 | BD8: 20 | BE8: 14 | BF8: 13 | BG8: 10 | BI8: 15 | BJ8: 13 | BK8: 12 | BL8: 12 | BM8: 19 | BN8: 21 | BP8: 25 | BQ8: 18 | BR8: 21 | BT8: 20 | BU8: 19 | BV8: 15 | BW8: 21 | BX8: 15 | BY8: 23 | BZ8: 21 | CA8: 23 | CC8: 23 | CD8: 14 | CE8: 26 | CF8: 23 | CG8: 8 | CH8: 18 | CI8: 8 | CK8: 20 | CL8: 16 | CM8: 17 | CN8: 24 | CO8: 9 | CP8: 17 | CR8: 21 | CS8: 15 | CT8: 20 | CU8: 19 | CV8: 22 | CW8: 16 | CY8: 19 | CZ8: 17 | DA8: 19 | DB8: 18 | DC8: 15 | DD8: 17 | DG8: 19 | DH8: 18 | DJ8: 14 | DK8: 15 | DL8: 0 | DM8: 16 | DN8: 18 | DO8: 17 | DQ8: 19 | DR8: 17 | DS8: 12 | DT8: 18 | DU8: 17 | DV8: 18 | DW8: 19 | DY8: 23 | EA8: 18 | EB8: 18 | EC8: 15 | EE8: 14 | EF8: 11 | EG8: 7 | EH8: 21 | EI8: 22
B9: C39 | C9: =Master!B9 -> C39 - Honey / all Spices | D9: =Master!C9 -> 22 | E9: 10 | F9: 7 | G9: 13 | H9: 11 | I9: 8 | J9: 10 | L9: 16 | M9: 7 | N9: 16 | O9: 16 | P9: 21 | Q9: 10 | S9: 10 | T9: 13 | U9: 13 | V9: 12 | W9: 10 | X9: 13 | Z9: 10 | AA9: 9 | AB9: 14 | AC9: 11 | AD9: 16 | AE9: 10 | AF9: 8 | AH9: 6 | AI9: 8 | AJ9: 19 | AK9: 14 | AL9: 10 | AN9: 13 | AO9: 17 | AP9: 14 | AQ9: 13 | AR9: 15 | AS9: 11 | AU9: 10 | AV9: 12 | AW9: 16 | AX9: 14 | AY9: 15 | AZ9: 0 | BA9: 2 | BB9: 19 | BC9: 13 | BD9: =12+22 -> 34 | BE9: 14 | BF9: 11 | BG9: 11 | BI9: 9 | BJ9: 16 | BK9: 17 | BL9: 12 | BM9: 11 | BN9: 16 | BP9: 14 | BQ9: 10 | BR9: 15 | BT9: 10 | BU9: 13 | BV9: 10 | BW9: 9 | BX9: 9 | BY9: 18 | BZ9: 13 | CA9: 13 | CC9: 0 | CD9: 7 | CE9: 11 | CF9: 9 | CG9: 12 | CH9: 15 | CI9: 13 | CK9: 16 | CL9: 15 | CM9: 15 | CN9: 12 | CO9: 12 | CP9: 9 | CR9: 17 | CS9: 16 | CT9: 11 | CU9: 14 | CV9: 9 | CW9: 10 | CY9: 10 | CZ9: 14 | DA9: 17 | DB9: 14 | DC9: 17 | DD9: 15 | DE9: 8 | DG9: 18 | DH9: 15 | DJ9: 11 | DK9: 15 | DL9: 7 | DM9: 14 | DN9: 18 | DO9: 16 | DQ9: 14 | DR9: 14 | DS9: 10 | DT9: 16 | DU9: 18 | DV9: 15 | DW9: 19 | DY9: 18 | EA9: 15 | EB9: 11 | EC9: 16 | EE9: 12 | EF9: 13 | EH9: 16 | EI9: 18
B10: C39 | C10: =Master!B10 -> C39 - Jaggery | D10: =Master!C10 -> 9 | E10: 16 | F10: 18 | G10: 10 | H10: 14 | I10: 12 | J10: 14 | L10: 10 | M10: 16 | N10: 9 | O10: 8 | P10: 0 | Q10: 13 | S10: 14 | T10: 15 | U10: 15 | V10: 15 | W10: 15 | X10: 12 | Z10: 15 | AA10: 13 | AB10: 12 | AC10: 13 | AD10: 8 | AE10: 15 | AF10: 13 | AH10: 17 | AI10: 20 | AJ10: 12 | AK10: 17 | AL10: 19 | AN10: 14 | AO10: 10 | AP10: 15 | AQ10: 16 | AR10: 12 | AS10: 17 | AU10: 16 | AV10: 17 | AW10: 13 | AX10: 15 | AY10: 13 | AZ10: 2 | BA10: 3 | BB10: 15 | BC10: 15 | BD10: 16 | BE10: 14 | BF10: 17 | BG10: 15 | BI10: 13 | BJ10: 11 | BK10: 11 | BL10: 20 | BM10: =16+2 -> 18 | BN10: 14 | BO10: 5 | BP10: 15 | BQ10: 12 | BR10: 14 | BT10: 16 | BU10: 15 | BV10: 14 | BW10: 19 | BX10: 14 | BY10: 10 | BZ10: 17 | CA10: 15 | CC10: 0 | CD10: 14 | CE10: 15 | CF10: 19 | CG10: 15 | CH10: 15 | CI10: 18 | CK10: 15 | CL10: 16 | CM10: 14 | CN10: 16 | CO10: 15 | CP10: 14 | CR10: 11 | CS10: 11 | CT10: 18 | CU10: 15 | CV10: 20 | CY10: 18 | CZ10: 16 | DA10: 17 | DB10: 17 | DC10: 16 | DD10: 19 | DE10: 8 | DG10: 16 | DH10: 14 | DJ10: 9 | DK10: 14 | DL10: 12 | DM10: 13 | DN10: 16 | DO10: 17 | DQ10: 17 | DR10: 19 | DS10: 13 | DT10: 15 | DU10: 15 | DV10: 20 | DW10: 14 | DY10: 15 | DZ10: 15 | EA10: 17 | EB10: 16 | EC10: 15 | EE10: 17 | EF10: 20 | EH10: 19 | EI10: 19
B11: C39 | C11: =Master!B11 -> C39 - Atta | D11: =Master!C11 -> 22 | E11: 29 | F11: 26 | G11: 30 | H11: 29 | I11: 25 | J11: 25 | L11: 25 | M11: 27 | N11: 23 | O11: 22 | P11: 24 | Q11: 18 | S11: 23 | T11: 29 | U11: 30 | V11: 26 | W11: 25 | X11: 9 | Z11: 30 | AA11: 22 | AB11: 26 | AC11: 24 | AD11: 20 | AE11: 18 | AF11: 23 | AG11: 3 | AH11: 26 | AI11: 26 | AJ11: 25 | AK11: 23 | AL11: 27 | AN11: 24 | AO11: 27 | AP11: =27 -> 27 | AQ11: 17 | AR11: 21 | AS11: =29+15 -> 44 | AT11: 9 | AU11: 24 | AV11: =30 -> 30 | AW11: =27 -> 27 | AX11: =33 -> 33 | AY11: =29 -> 29 | AZ11: =4+16 -> 20 | BA11: 16 | BB11: 24 | BC11: =26 -> 26 | BD11: 24 | BE11: =31 -> 31 | BF11: 34 | BG11: 31 | BH11: 9 | BI11: 25 | BJ11: =31 -> 31 | BK11: 26 | BL11: 23 | BM11: 19 | BN11: 28 | BP11: 24 | BQ11: 27 | BR11: 27 | BS11: 17 | BT11: 32 | BU11: 28 | BV11: 19 | BW11: 26 | BX11: 22 | BY11: 25 | BZ11: 21 | CA11: 24 | CC11: 10 | CD11: 22 | CE11: 27 | CF11: 21 | CG11: 21 | CH11: 19 | CI11: 19 | CJ11: 13 | CK11: 19 | CL11: 18 | CM11: 19 | CN11: =18+7 -> 25 | CO11: 18 | CP11: 22 | CQ11: 9 | CR11: 21 | CS11: 25 | CT11: 23 | CU11: 17 | CV11: 18 | CW11: 17 | CX11: 11 | CY11: 22 | CZ11: 12 | DA11: 12 | DB11: 13 | DC11: 16 | DD11: 15 | DE11: 9 | DG11: 8 | DH11: 12 | DI11: 18 | DJ11: 13 | DK11: 14 | DL11: 15 | DM11: 15 | DN11: 11 | DO11: 9 | DP11: 12 | DQ11: 11 | DR11: 13 | DS11: 4 | DT11: 12 | DU11: 12 | DV11: 11 | DW11: 13 | DY11: 14 | DZ11: 13 | EA11: 10 | EB11: 17 | EC11: 10 | ED11: 12 | EE11: 12 | EF11: 10 | EG11: 11 | EH11: 10 | EI11: 9
B12: C6 | C12: =Master!B12 -> C6 - Atta - 1 | D12: =Master!C12 -> 14 | E12: 13 | F12: 8 | G12: 11 | H12: 10 | I12: 4 | J12: 8 | L12: 10 | M12: 10 | N12: 12 | O12: 11 | P12: 13 | Q12: 15 | S12: 14 | T12: 16 | U12: 15 | V12: 11 | W12: 12 | X12: 11 | Z12: 9 | AA12: 9 | AB12: 13 | AC12: 5 | AD12: 10 | AE12: 7 | AF12: 9 | AH12: 8 | AI12: 11 | AJ12: 12 | AK12: 9 | AL12: 11 | AM12: 2 | AN12: 9 | AO12: 8 | AP12: 6 | AQ12: 21 | AR12: 5 | AS12: 2 | AU12: 14 | AV12: 12 | AW12: 8 | AX12: 13 | AY12: 17 | AZ12: 1 | BA12: 7 | BB12: 5 | BC12: 5 | BD12: 0 | BE12: 11 | BF12: 11 | BG12: 9 | BI12: 11 | BJ12: =7+12 -> 19 | BK12: =10+12 -> 22 | BL12: 9 | BM12: =12+12 -> 24 | BN12: 13 | BP12: 12 | BQ12: 14 | BR12: 18 | BT12: 18 | BU12: 20 | BV12: 9 | BW12: 19 | BX12: 11 | BY12: 19 | BZ12: 13 | CA12: 20 | CC12: 0 | CD12: 9 | CE12: 12 | CF12: 11 | CG12: 21 | CH12: 14 | CI12: 15 | CK12: 14 | CL12: 16 | CM12: 14 | CN12: 17 | CO12: 11 | CP12: 11 | CR12: 13 | CS12: 21 | CT12: 19 | CU12: 18 | CV12: 17 | CW12: 15 | CY12: 15 | CZ12: 16 | DA12: 15 | DB12: 20 | DC12: 15 | DD12: 18 | DG12: 15 | DH12: 17 | DI12: 6 | DJ12: 17 | DK12: 18 | DL12: 0 | DM12: 16 | DN12: 18 | DO12: 18 | DQ12: 15 | DR12: 14 | DS12: 12 | DT12: 17 | DU12: 18 | DV12: 16 | DW12: 17 | DY12: 16 | EA12: 17 | EB12: 16 | EC12: 16 | ED12: 12 | EE12: 15 | EF12: 17 | EG12: 14 | EH12: 15 | EI12: 16
B13: C6 | C13: =Master!B13 -> C6 Atta - 2 | D13: =Master!C13 -> 11 | E13: 0 | F13: 0 | G13: 4 | H13: 6 | I13: 13 | J13: 4 | L13: 6 | M13: 5 | N13: 3 | O13: 5 | P13: 2 | Q13: 3 | S13: 6 | T13: 0 | U13: 0 | V13: 4 | W13: 5 | X13: 5 | Z13: 4 | AA13: 3 | AB13: 0 | AC13: 0 | AD13: 0 | AE13: 2 | AF13: 0 | AH13: 2 | AI13: 4 | AJ13: 0 | AK13: 5 | AL13: 6 | AN13: 4 | AO13: 5 | AP13: 4 | AQ13: 0 | AR13: 11 | AS13: 9 | AU13: 8 | AV13: 2 | AW13: 5 | AX13: 2 | AY13: 3 | AZ13: 0 | BA13: 0 | BB13: 5 | BC13: 4 | BD13: 4 | BE13: 0 | BF13: 0 | BG13: 5 | BI13: 2 | BJ13: 3 | BK13: 0 | BL13: 0 | BM13: 6 | BN13: 4 | BP13: 3 | BQ13: 6 | BR13: 4 | BT13: 4 | BU13: 4 | BV13: 4 | BW13: 0 | BX13: 5 | BY13: 5 | BZ13: 3 | CA13: 4 | CC13: 2 | CD13: 4 | CE13: 4 | CF13: 4 | CG13: 4 | CH13: 9 | CI13: 9 | CK13: 9 | CL13: 9 | CM13: 5 | CN13: 3 | CO13: 4 | CP13: 3 | CR13: 4 | CS13: 4 | CT13: 6 | CU13: 5 | CV13: 5 | CW13: 15 | CY13: 4 | CZ13: 4 | DA13: 5 | DB13: 3 | DC13: 5 | DD13: 4 | DG13: 5 | DH13: 3 | DJ13: 3 | DK13: 3 | DL13: 5 | DM13: 4 | DN13: 4 | DO13: 5 | DQ13: 4 | DR13: 4 | DS13: 3 | DT13: 3 | DU13: 5 | DV13: 5 | DW13: 4 | DY13: 5 | EA13: 4 | EB13: 4 | EC13: 4 | EE13: 5 | EF13: 6 | EH13: 4 | EI13: 5
B14: FRM | C14: FRM - Khapal-Khapli | D14: 0 | AP14: 6 | AQ14: 3 | AR14: 3 | AS14: 0 | AU14: 6 | AV14: 3 | AW14: 6 | AX14: 6 | AY14: 6 | AZ14: 0 | BA14: 0 | BB14: 6 | BC14: 5 | BD14: 4 | BE14: 5 | BF14: 6 | BG14: 4 | BI14: 4 | BJ14: 6 | BK14: 5 | BL14: 5 | BM14: 5 | BN14: 0 | BP14: 0 | BQ14: 0 | BR14: 0 | BT14: 0 | BU14: 0 | BV14: 0 | BW14: 0 | BX14: 0 | BY14: 0 | BZ14: 0 | CA14: 0 | CC14: 0 | CD14: 0 | CE14: 0 | CF14: 0 | CG14: 0 | CH14: 0 | CI14: 0 | CK14: 0 | CL14: 0 | CM14: 0 | CN14: 0 | CO14: 0 | CP14: 0 | CR14: 0 | CS14: 0 | CT14: 0 | CU14: 0 | CV14: 0 | CW14: 5 | CY14: 0 | CZ14: 0 | DA14: 0 | DB14: 0 | DC14: 0 | DD14: 0 | DG14: 0 | DH14: 0 | DI14: 0 | DJ14: 0 | DK14: 0 | DL14: 0 | DM14: 0 | DN14: 0 | DO14: 0 | DQ14: 0 | DR14: 0 | DS14: 0 | DT14: 0 | DU14: 0 | DV14: 0 | DW14: 0 | DY14: 0 | DZ14: 0 | EA14: 0 | EB14: 0 | EC14: 0 | ED14: 0 | EE14: 0 | EF14: 0 | EH14: 0 | EI14: 0
B15: Ghee | C15: B Shift MP Total Ghee | D15: 14 | ED15: 17 | EE15: 18 | EF15: 14 | EG15: 5 | EH15: 8 | EI15: 17
B16: Ghee | C16: Night MP Total Ghee | D16: 5 | DN16: 13 | DO16: 19 | DQ16: 14 | DR16: 14 | DS16: 9 | DT16: 10 | DU16: 19 | DV16: 17 | DW16: 15 | DY16: 11 | DZ16: 11 | EA16: 11 | EB16: 16 | EC16: 16
B17: C6 | C17: Total C6 Night MP | D17: 7 | DN17: 28 | DO17: =23+2 -> 25 | DQ17: 12 | DR17: 12 | DS17: 12 | DT17: 0 | DV17: 3 | DW17: 5 | DY17: 0 | DZ17: 7 | EA17: 0 | EB17: 6 | EC17: 9 | ED17: 9 | EE17: 9 | EF17: 9 | EG17: 9 | EI17: 5
B18: C39 | C18: Total C39 Night MP | D18: 21 | DT18: 0 | DU18: 21 | DV18: 15 | DW18: 16 | DY18: 0 | DZ18: 22 | EA18: 0 | EB18: 24 | EC18: 21 | ED18: 28 | EE18: 25 | EF18: 24 | EG18: 23 | EI18: 22
C19: Production Sub Total | D19: =SUM(D3:D18) -> 203 | E19: =SUM(E3:E13) -> 143 | F19: =SUM(F3:F13) -> 153 | G19: =SUM(G3:G13) -> 159 | H19: =SUM(H3:H13) -> 167 | I19: =SUM(I3:I13) -> 150 | J19: =SUM(J3:J13) -> 152 | K19: =SUM(K3:K13) -> 0 | L19: =SUM(L3:L13) -> 142 | ... AH19: =SUM(AH3:AH13) -> 156 | AI19: =SUM(AI3:AI14) -> 166 | AJ19: =SUM(AJ3:AJ14) -> 163 | AK19: =SUM(AK3:AK14) -> 166 | AL19: =SUM(AL3:AL14) -> 166 | AM19: =SUM(AM3:AM14) -> 23 | AN19: =SUM(AN3:AN14) -> 154 | AO19: =SUM(AO3:AO14) -> 155 | AP19: =SUM(AP3:AP14) -> 159 | ... DM19: =SUM(DM3:DM14) -> 140 | DN19: =SUM(DN3:DN14,DN16:DN18) -> 186 | DO19: =SUM(DO3:DO14,DO16:DO18) -> 190 | DP19: =SUM(DP3:DP14,DP16:DP18) -> 39 | DQ19: =SUM(DQ3:DQ14,DQ16:DQ18) -> 165 | DR19: =SUM(DR3:DR14,DR16:DR18) -> 166 | DS19: =SUM(DS3:DS14,DS16:DS18) -> 119 | DT19: =SUM(DT3:DT14,DT16:DT18) -> 150 | DU19: =SUM(DU3:DU18) -> 173 | DV19: =SUM(DV3:DV18) -> 177 | DW19: =SUM(DW3:DW18) -> 181 | DX19: =SUM(DX3:DX18) -> 0 | DY19: =SUM(DY3:DY18) -> 155 | DZ19: =SUM(DZ3:DZ18) -> 88 | EA19: =SUM(EA3:EA18) -> 154 | EB19: =SUM(EB3:EB18) -> 185 | ... FA19: =SUM(FA3:FA18) -> 0
A20: Support | B20: Support | C20: =Master!B15 -> Supervisors + Executive+AM +HR | D20: =Master!C15 -> 21 | E20: 14 | F20: 16 | G20: 18 | H20: 16 | I20: 18 | J20: 20 | L20: 19 | M20: 19 | N20: 16 | O20: 19 | P20: 18 | Q20: 16 | S20: =17+2 -> 19 | T20: =21+2 -> 23 | U20: =20+2 -> 22 | V20: =19+2 -> 21 | W20: =21+2 -> 23 | X20: =19+2 -> 21 | Y20: 9 | Z20: 18 | AA20: =20+1 -> 21 | AB20: =19+2 -> 21 | AC20: =19+2 -> 21 | AD20: 16 | AE20: =13+2 -> 15 | AF20: =7+2 -> 9 | AG20: 9 | AH20: 19 | AI20: 16 | AJ20: 17 | AK20: 20 | AL20: 19 | AM20: 6 | AN20: 11 | AO20: =18+2 -> 20 | AP20: 17 | AQ20: 19 | AR20: =19+2 -> 21 | AS20: 16 | AT20: 4 | AU20: 17 | AV20: 19 | AW20: 17 | AX20: 18 | AY20: 16 | AZ20: 12 | BA20: 9 | BB20: 17 | BC20: 16 | BD20: 13 | BE20: 12 | BF20: 15 | BG20: 13 | BH20: 3 | BI20: 13 | BJ20: 11 | BK20: 15 | BL20: 13 | BM20: 11 | BN20: 10 | BO20: 2 | BP20: 13 | BQ20: 16 | BR20: 14 | BS20: 14 | BT20: 14 | BU20: 13 | BV20: 3 | BW20: 9 | BX20: 13 | BY20: 16 | BZ20: 17 | CA20: 17 | CC20: 2 | CD20: 13 | CE20: 21 | CF20: 15 | CG20: 15 | CH20: 14 | CI20: 15 | CJ20: 3 | CK20: 13 | CL20: 14 | CM20: 16 | CN20: 14 | CO20: 15 | CP20: 9 | CR20: 14 | CS20: 15 | CT20: 17 | CU20: 16 | CV20: 17 | CW20: 15 | CX20: 1 | CY20: 13 | CZ20: 14 | DA20: 14 | DB20: 15 | DC20: 16 | DD20: 15 | DE20: 4 | DG20: 15 | DH20: 16 | DI20: 9 | DJ20: 14 | DK20: 16 | DL20: 4 | DM20: 10 | DN20: 10 | DO20: 8 | DQ20: 11 | DR20: 8 | DS20: 1 | DT20: 11 | DU20: 10 | DV20: 11 | DW20: 11 | DY20: 8 | EA20: 10 | EB20: 11 | EC20: 11 | ED20: 11 | EE20: 12 | EF20: 11 | EH20: 10 | EI20: 13
B21: Support | C21: =Master!B16 -> C39-HK | D21: =Master!C16 -> 5 | E21: 4 | F21: 3 | G21: 5 | H21: 5 | I21: 5 | J21: 4 | L21: 4 | M21: 5 | N21: 5 | O21: 5 | P21: 5 | Q21: 4 | R21: 5 | S21: 3 | T21: 3 | U21: 2 | V21: 3 | W21: 4 | X21: 4 | Z21: 4 | AA21: 3 | AB21: 3 | AC21: 4 | AD21: 4 | AE21: 4 | AF21: 4 | AH21: 4 | AI21: 4 | AJ21: 4 | AK21: 5 | AL21: 6 | AM21: 6 | AN21: 4 | AO21: 5 | AP21: 4 | AQ21: 5 | AR21: 5 | AS21: 3 | AT21: 5 | AU21: 2 | AV21: 3 | AW21: 5 | AX21: 5 | AY21: 5 | AZ21: 4 | BA21: 3 | BB21: 5 | BC21: 4 | BD21: 5 | BE21: 5 | BF21: 5 | BG21: 5 | BH21: 4 | BI21: 5 | BJ21: 2 | BK21: 6 | BL21: 4 | BM21: 4 | BN21: 5 | BP21: 2 | BQ21: 3 | BR21: 3 | BS21: 4 | BT21: 2 | BU21: 2 | BV21: 1 | BW21: 4 | BX21: 6 | BY21: 7 | BZ21: 5 | CA21: 5 | CC21: 6 | CD21: 5 | CE21: 4 | CF21: 6 | CG21: 6 | CH21: 3 | CI21: 5 | CJ21: 4 | CK21: 6 | CL21: 6 | CM21: 5 | CN21: 6 | CO21: 5 | CP21: 4 | CQ21: 3 | CR21: 4 | CS21: 3 | CT21: 3 | CU21: 5 | CV21: 5 | CW21: 4 | CX21: 2 | CY21: 6 | CZ21: 6 | DA21: 6 | DB21: 3 | DC21: 5 | DD21: 5 | DE21: 5 | DG21: 4 | DH21: 6 | DI21: 5 | DJ21: 3 | DK21: 5 | DM21: 5 | DN21: 3 | DO21: 4 | DQ21: 3 | DR21: 5 | DS21: 5 | DT21: 5 | DU21: 5 | DV21: 5 | DW21: 4 | DY21: 5 | DZ21: 3 | EA21: 6 | EB21: 4 | EC21: 5 | ED21: 3 | EE21: 5 | EF21: 2 | EG21: 1 | EH21: 6 | EI21: 5
B22: Support | C22: =Master!B17 -> C6-HK | D22: =Master!C17 -> 9 | E22: 8 | F22: 8 | G22: 9 | H22: 8 | I22: 8 | J22: 6 | L22: 8 | M22: 7 | N22: 9 | O22: 8 | P22: 8 | Q22: 8 | S22: 7 | T22: 8 | U22: 9 | V22: 8 | W22: 9 | X22: 10 | Y22: 7 | Z22: 9 | AA22: 9 | AB22: 10 | AC22: 10 | AD22: 9 | AE22: 8 | AF22: 6 | AH22: 8 | AI22: 9 | AJ22: 9 | AK22: 10 | AL22: 10 | AN22: 9 | AO22: 7 | AP22: 9 | AQ22: 5 | AR22: 8 | AS22: 4 | AU22: 10 | AV22: 9 | AW22: 9 | AX22: 9 | AY22: 8 | AZ22: 4 | BA22: 6 | BB22: 9 | BC22: 8 | BD22: 7 | BE22: 6 | BF22: 6 | BG22: 8 | BH22: 3 | BI22: 8 | BJ22: 8 | BK22: 8 | BL22: 7 | BM22: 9 | BN22: 8 | BO22: 4 | BP22: 8 | BQ22: 8 | BR22: 9 | BS22: 9 | BT22: 9 | BU22: 7 | BV22: 5 | BW22: 7 | BX22: 7 | BY22: 7 | BZ22: 10 | CA22: 9 | CC22: 9 | CD22: 3 | CE22: 9 | CF22: 10 | CG22: 8 | CH22: 8 | CI22: 9 | CJ22: 3 | CK22: 6 | CL22: 8 | CM22: 9 | CN22: 7 | CO22: 7 | CP22: 10 | CQ22: 5 | CR22: 7 | CS22: 9 | CT22: 9 | CU22: 10 | CV22: 10 | CW22: 9 | CX22: 4 | CY22: 9 | CZ22: 5 | DA22: 8 | DB22: 10 | DC22: 8 | DD22: 11 | DE22: 6 | DG22: 8 | DH22: 10 | DI22: 10 | DJ22: 9 | DK22: 5 | DM22: 8 | DN22: 8 | DO22: 9 | DQ22: 7 | DR22: 6 | DS22: 6 | DT22: 10 | DU22: 9 | DV22: 9 | DW22: 9 | DY22: 8 | DZ22: 6 | EA22: 8 | EB22: 8 | EC22: 8 | ED22: 7 | EE22: 9 | EF22: 7 | EG22: 2 | EH22: 8 | EI22: 9
B23: Support | C23: =Master!B18 -> Maintenance-C6&C39 | D23: =Master!C18 -> 6 | E23: 4 | F23: 5 | G23: 4 | H23: 4 | I23: 4 | J23: 4 | L23: 2 | M23: 4 | N23: 5 | O23: 4 | P23: 4 | Q23: 4 | R23: 3 | S23: 3 | T23: 4 | U23: 4 | V23: 5 | W23: 4 | X23: 4 | Y23: 1 | Z23: 3 | AA23: 4 | AB23: 4 | AC23: 4 | AD23: 3 | AE23: 0 | AF23: 2 | AH23: 5 | AI23: 5 | AJ23: 6 | AK23: 6 | AL23: 5 | AM23: 4 | AN23: 6 | AO23: 3 | AP23: 4 | AQ23: 5 | AR23: 6 | AS23: 6 | AT23: 4 | AU23: 4 | AV23: 5 | AW23: 7 | AX23: 5 | AY23: 5 | AZ23: 5 | BA23: 4 | BB23: 6 | BC23: 6 | BD23: 6 | BE23: =1+5 -> 6 | BF23: 7 | BG23: 4 | BH23: 6 | BI23: 8 | BJ23: 6 | BK23: 5 | BL23: 6 | BM23: 4 | BN23: 6 | BO23: 5 | BP23: 7 | BQ23: 7 | BR23: 7 | BS23: 5 | BT23: 3 | BU23: 7 | BV23: 6 | BW23: 7 | BX23: 6 | BY23: 4 | BZ23: 6 | CA23: 7 | CC23: 6 | CD23: 5 | CE23: 5 | CF23: 6 | CG23: 5 | CH23: 5 | CI23: 7 | CJ23: 3 | CK23: 6 | CL23: 5 | CM23: 6 | CN23: 5 | CO23: 6 | CP23: 5 | CQ23: 5 | CR23: 5 | CS23: 5 | CT23: 4 | CU23: 4 | CV23: 5 | CW23: 5 | CX23: 5 | CY23: 5 | CZ23: 5 | DA23: 6 | DB23: 4 | DC23: 5 | DD23: 5 | DE23: 5 | DF23: 7 | DG23: 5 | DH23: 4 | DI23: 5 | DJ23: 6 | DK23: 5 | DL23: 6 | DM23: 5 | DN23: 5 | DO23: 5 | DQ23: 4 | DR23: 4 | DS23: 5 | DT23: 4 | DU23: 4 | DV23: 4 | DW23: 4 | DY23: 5 | DZ23: 3 | EA23: 4 | EB23: 4 | EC23: 1 | ED23: 5 | EE23: 3 | EF23: 4 | EG23: 4 | EH23: 4 | EI23: 5
B24: Support | C24: =Master!B19 -> Admin | D24: =Master!C19 -> 4 | E24: 3 | F24: 4 | G24: 2 | H24: 3 | I24: 3 | J24: 4 | L24: 3 | M24: 4 | N24: 3 | O24: 4 | P24: 3 | Q24: 4 | S24: 4 | T24: 3 | U24: 4 | V24: 4 | W24: 4 | X24: 4 | Z24: 4 | AA24: 4 | AB24: 3 | AC24: 4 | AD24: 4 | AE24: 3 | AF24: 3 | AH24: 4 | AI24: 3 | AJ24: 3 | AK24: 3 | AL24: 3 | AN24: 2 | AO24: 3 | AP24: 3 | AQ24: 3 | AR24: 3 | AS24: 3 | AU24: 3 | AV24: 3 | AW24: 3 | AX24: 3 | AY24: 3 | AZ24: 1 | BA24: 0 | BB24: 2 | BC24: 3 | BD24: 2 | BE24: 2 | BF24: 1 | BG24: 1 | BH24: 1 | BI24: 2 | BJ24: 3 | BK24: 1 | BL24: 3 | BM24: 1 | BN24: 2 | BP24: 3 | BQ24: 3 | BR24: 3 | BS24: 1 | BT24: 3 | BU24: 3 | BV24: 2 | BW24: 3 | BX24: 4 | BY24: 4 | BZ24: 3 | CA24: 3 | CC24: 1 | CD24: 2 | CE24: 3 | CF24: 3 | CG24: 3 | CH24: 3 | CI24: 2 | CK24: 2 | CL24: 2 | CM24: 3 | CN24: 2 | CO24: 3 | CP24: 3 | CR24: 3 | CS24: 3 | CT24: 3 | CU24: 3 | CV24: 1 | CW24: 3 | CY24: 1 | CZ24: 4 | DA24: 3 | DB24: 3 | DC24: 2 | DD24: 3 | DE24: 1 | DG24: 3 | DH24: 3 | DJ24: 3 | DK24: 3 | DM24: 4 | DN24: 3 | DO24: 3 | DQ24: 2 | DR24: 3 | DS24: 0 | DT24: 3 | DU24: 2 | DV24: 3 | DW24: 3 | DY24: 3 | DZ24: 1 | EA24: 3 | EB24: 3 | EC24: 3 | ED24: 1 | EE24: 3 | EF24: 4 | EG24: 1 | EH24: 3 | EI24: 3
B25: Support | C25: =Master!B20 -> Lab | D25: =Master!C20 -> 1 | E25: 2 | F25: 1 | G25: 1 | H25: 1 | I25: 1 | J25: 1 | L25: 1 | M25: 1 | N25: 1 | O25: 1 | P25: 1 | Q25: 1 | S25: 1 | T25: 1 | U25: 1 | V25: 1 | W25: 1 | X25: 1 | Z25: 1 | AA25: 0 | AB25: 1 | AC25: 1 | AD25: 1 | AE25: 1 | AF25: 1 | AH25: 1 | AI25: 1 | AJ25: 1 | AK25: 1 | AL25: 1 | AN25: 1 | AO25: 1 | AP25: 1 | AQ25: 1 | AR25: 1 | AS25: 1 | AT25: 1 | AU25: 1 | AV25: 1 | AW25: 1 | AX25: 1 | AY25: 1 | AZ25: 0 | BA25: 0 | BB25: 1 | BC25: 1 | BD25: 1 | BE25: 1 | BF25: 1 | BG25: 1 | BI25: 1 | BJ25: 1 | BK25: 1 | BL25: 1 | BM25: 1 | BN25: 0 | BP25: 1 | BQ25: 1 | BR25: 1 | BS25: 0 | BT25: 1 | BU25: 1 | BV25: 1 | BW25: 1 | BX25: 1 | BY25: 1 | BZ25: 1 | CA25: 1 | CC25: 1 | CD25: 0 | CE25: 1 | CF25: 1 | CG25: 1 | CH25: 1 | CI25: 1 | CK25: 1 | CL25: 1 | CM25: 1 | CN25: 1 | CO25: 1 | CP25: 0 | CR25: 0 | CS25: 1 | CT25: 1 | CU25: 1 | CV25: 1 | CW25: 1 | CY25: 1 | CZ25: 1 | DA25: 1 | DB25: 1 | DC25: 1 | DD25: 1 | DG25: 1 | DH25: 1 | DI25: 1 | DJ25: 1 | DK25: 1 | DL25: 3 | DM25: 1 | DN25: 1 | DO25: 1 | DQ25: 1 | DR25: 1 | DS25: 0 | DT25: 1 | DU25: 1 | DV25: 1 | DW25: 1 | DY25: 0 | EA25: 1 | EB25: 1 | EC25: 1 | ED25: 1 | EE25: 1 | EF25: 0 | EH25: 1 | EI25: 1
B26: Support | C26: =Master!B21 -> Project | D26: =Master!C21 -> 2 | E26: 2 | F26: 2 | G26: 2 | H26: 1 | I26: 1 | J26: 1 | L26: 1 | M26: 2 | N26: 2 | O26: 2 | P26: 1 | Q26: 1 | S26: 2 | T26: 1 | U26: 1 | V26: 2 | W26: 2 | X26: 2 | Z26: 2 | AA26: 2 | AB26: 1 | AC26: 2 | AD26: 2 | AE26: 2 | AF26: 1 | AH26: 2 | AI26: 2 | AJ26: 2 | AK26: 2 | AL26: 2 | AN26: 2 | AO26: 2 | AP26: 2 | AQ26: 1 | AR26: 2 | AS26: 2 | AU26: 1 | AV26: 1 | AW26: 1 | AX26: 1 | AY26: 2 | AZ26: 2 | BA26: 0 | BB26: 2 | BC26: 2 | BD26: 0 | BE26: 2 | BF26: 2 | BG26: 1 | BI26: 1 | BJ26: 2 | BK26: 2 | BL26: 2 | BM26: 1 | BN26: 1 | BP26: 1 | BQ26: 2 | BR26: 1 | BS26: 2 | BT26: 1 | BU26: 2 | BV26: 0 | BW26: 2 | BX26: 2 | BY26: 2 | BZ26: 2 | CA26: 2 | CC26: 0 | CD26: 2 | CE26: 2 | CF26: 2 | CG26: 1 | CH26: 1 | CI26: 2 | CK26: 2 | CL26: 2 | CM26: 2 | CN26: 2 | CO26: 1 | CP26: 2 | CR26: 2 | CS26: 2 | CT26: 2 | CU26: 2 | CV26: 2 | CW26: 2 | CY26: 2 | CZ26: 2 | DA26: 2 | DB26: 2 | DC26: 2 | DD26: 2 | DG26: 2 | DH26: 1 | DJ26: 2 | DK26: 2 | DM26: 2 | DN26: 2 | DO26: 2 | DQ26: 1 | DR26: 2 | DS26: 0 | DT26: 2 | DU26: 2 | DV26: 2 | DW26: 2 | DY26: 1 | EA26: 0 | EB26: 1 | EC26: 0 | ED26: 1 | EE26: 1 | EF26: 1 | EH26: 1 | EI26: 1
B27: Support | C27: =Master!B22 -> Accounts | D27: =Master!C22 -> 2 | E27: 2 | F27: 2 | G27: 1 | H27: 2 | I27: 1 | J27: 2 | L27: 1 | M27: 2 | N27: 2 | O27: 2 | P27: 2 | Q27: 1 | S27: 2 | T27: 1 | U27: 2 | V27: 2 | W27: 2 | X27: 1 | Z27: 2 | AA27: 2 | AB27: 2 | AC27: 2 | AD27: 2 | AE27: 2 | AF27: 0 | AH27: 2 | AI27: 1 | AJ27: 2 | AK27: 2 | AL27: 2 | AN27: 2 | AO27: 2 | AP27: 1 | AQ27: 2 | AR27: 2 | AS27: 2 | AU27: 1 | AV27: 2 | AW27: 1 | AX27: 2 | AY27: 2 | AZ27: 0 | BA27: 0 | BB27: 1 | BC27: 2 | BD27: 1 | BE27: 1 | BF27: 2 | BG27: 1 | BI27: 2 | BJ27: 2 | BK27: 2 | BL27: 1 | BM27: 1 | BN27: 1 | BP27: 1 | BQ27: 1 | BR27: 1 | BS27: 2 | BT27: 2 | BU27: 2 | BV27: 0 | BW27: 1 | BX27: 1 | BY27: 2 | BZ27: 1 | CA27: 1 | CC27: 0 | CD27: 0 | CE27: 2 | CF27: 2 | CG27: 2 | CH27: 2 | CI27: 1 | CK27: 2 | CL27: 2 | CM27: 2 | CN27: 1 | CO27: 1 | CP27: 2 | CR27: 2 | CS27: 2 | CT27: 2 | CU27: 2 | CV27: 2 | CW27: 2 | CY27: 2 | CZ27: 1 | DA27: 2 | DB27: 2 | DC27: 1 | DD27: 2 | DG27: 1 | DH27: 1 | DI27: 1 | DJ27: 1 | DK27: 2 | DM27: 2 | DN27: 2 | DO27: 2 | DQ27: 1 | DR27: 1 | DS27: 0 | DT27: 1 | DU27: 1 | DV27: 2 | DW27: 1 | DY27: 1 | EA27: 2 | EB27: 1 | EC27: 2 | ED27: 1 | EE27: 1 | EF27: 1 | EG27: 1 | EH27: 2 | EI27: 1
B28: Support | C28: =Master!B23 -> IT | D28: =Master!C23 -> 2 | E28: 1 | F28: 2 | G28: 2 | H28: 2 | I28: 1 | J28: 1 | L28: 2 | M28: 2 | N28: 1 | O28: 1 | P28: 1 | Q28: 1 | S28: 2 | T28: 2 | U28: 2 | V28: 2 | W28: 2 | X28: 2 | Z28: 2 | AA28: 2 | AB28: 2 | AC28: 2 | AD28: 1 | AE28: 1 | AF28: 0 | AH28: 1 | AI28: 1 | AJ28: 1 | AK28: 0 | AL28: 1 | AN28: 0 | AO28: 2 | AP28: 1 | AQ28: 2 | AR28: 2 | AS28: 0 | AU28: 0 | AV28: 2 | AW28: 2 | AX28: 2 | AY28: 1 | AZ28: 1 | BA28: 0 | BB28: 2 | BC28: 2 | BD28: 1 | BE28: 1 | BF28: 1 | BG28: 0 | BI28: 0 | BJ28: 2 | BK28: 2 | BL28: 2 | BM28: 1 | BN28: 0 | BP28: 1 | BQ28: 1 | BR28: 1 | BS28: 2 | BT28: 2 | BU28: 0 | BV28: 0 | BW28: 0 | BX28: 2 | BY28: 1 | BZ28: 2 | CA28: 1 | CC28: 0 | CD28: 0 | CE28: 2 | CF28: 2 | CG28: 1 | CH28: 2 | CI28: 1 | CK28: 2 | CL28: 2 | CM28: 2 | CN28: 1 | CO28: 1 | CP28: 2 | CR28: 1 | CS28: 2 | CT28: 2 | CU28: 2 | CV28: 1 | CW28: 2 | CY28: 2 | CZ28: 1 | DA28: 1 | DB28: 1 | DC28: 1 | DD28: 1 | DG28: 2 | DH28: 1 | DI28: 1 | DJ28: 1 | DK28: 1 | DM28: 1 | DN28: 2 | DO28: 2 | DQ28: 1 | DR28: 1 | DS28: 0 | DT28: 2 | DU28: 0 | DV28: 1 | DW28: 0 | DY28: 0 | EA28: 1 | EB28: 1 | EC28: 2 | ED28: 2 | EF28: 0 | EH28: 2 | EI28: 1
B29: Support | C29: =Master!B24 -> QA | D29: =Master!C24 -> 9 | E29: 7 | F29: 7 | G29: 7 | H29: 7 | I29: 7 | J29: 7 | L29: 8 | M29: 2 | N29: 5 | O29: 7 | P29: 7 | Q29: 5 | S29: 7 | T29: 5 | U29: 7 | V29: 6 | W29: 6 | X29: 6 | Z29: 6 | AA29: 5 | AB29: 6 | AC29: 8 | AD29: 6 | AE29: 6 | AF29: 6 | AH29: 8 | AI29: 8 | AJ29: 6 | AK29: 7 | AL29: 5 | AN29: 7 | AO29: 7 | AP29: 7 | AQ29: 8 | AR29: 9 | AS29: 6 | AU29: 7 | AV29: 7 | AW29: 8 | AX29: 8 | AY29: 7 | AZ29: 2 | BA29: 4 | BB29: 6 | BC29: 7 | BD29: 4 | BE29: 7 | BF29: 7 | BG29: 4 | BH29: 1 | BI29: 5 | BJ29: 8 | BK29: 8 | BL29: 5 | BM29: 7 | BN29: 6 | BP29: 7 | BQ29: 5 | BR29: 6 | BS29: 8 | BT29: 7 | BU29: 5 | BV29: 3 | BW29: 5 | BX29: 6 | BY29: 7 | BZ29: 7 | CA29: 6 | CC29: 3 | CD29: 4 | CE29: 5 | CF29: 8 | CG29: 7 | CH29: 5 | CI29: 7 | CK29: 6 | CL29: 7 | CM29: 7 | CN29: 7 | CO29: 8 | CP29: 6 | CQ29: 3 | CR29: 9 | CS29: 8 | CT29: 8 | CU29: 10 | CV29: 9 | CW29: 6 | CX29: 2 | CY29: 8 | CZ29: 8 | DA29: 5 | DB29: 7 | DC29: 8 | DD29: 7 | DE29: 2 | DG29: 3 | DH29: 7 | DI29: 5 | DJ29: 7 | DK29: 7 | DM29: 8 | DN29: 8 | DO29: 8 | DQ29: 7 | DR29: 5 | DS29: 3 | DT29: 7 | DU29: 6 | DV29: 6 | DW29: 5 | DY29: 7 | DZ29: 2 | EA29: 7 | EB29: 8 | EC29: 7 | ED29: 7 | EE29: 8 | EF29: 7 | EG29: 2 | EH29: 7 | EI29: 7
B30: Support | C30: =Master!B25 -> FRM | D30: =Master!C25 -> 2 | E30: 1 | F30: 1 | G30: 0 | H30: 1 | I30: 1 | J30: 1 | L30: 0 | M30: 1 | N30: 0 | O30: 1 | P30: 1 | Q30: 1 | S30: 1 | T30: 1 | U30: 1 | V30: 1 | W30: 0 | X30: 1 | Z30: 1 | AA30: 0 | AB30: 1 | AC30: 1 | AD30: 0 | AE30: 0 | AF30: 0 | AH30: 0 | AI30: 1 | AJ30: 1 | AK30: 1 | AL30: 0 | AN30: 0 | AO30: 1 | AP30: 1 | AQ30: 0 | AR30: 1 | AS30: 1 | AU30: 1 | AV30: 1 | AW30: 1 | AX30: 1 | AY30: 0 | AZ30: 0 | BA30: 0 | BB30: 1 | BC30: 0 | BD30: 0 | BE30: 0 | BF30: 0 | BG30: 1 | BI30: 1 | BJ30: 1 | BK30: 1 | BL30: 1 | BM30: 1 | BN30: 1 | BP30: 1 | BQ30: 0 | BR30: 1 | BS30: 0 | BT30: 0 | BU30: 1 | BV30: 0 | BW30: 0 | BX30: 1 | BY30: 0 | BZ30: 0 | CA30: 1 | CC30: 0 | CD30: 0 | CE30: 1 | CF30: 1 | CG30: 0 | CH30: 1 | CI30: 1 | CK30: 1 | CL30: 1 | CM30: 1 | CN30: 1 | CO30: 0 | CP30: 0 | CQ30: 0 | CR30: 1 | CS30: 1 | CT30: 1 | CU30: 1 | CV30: 1 | CW30: 1 | CY30: 0 | CZ30: 1 | DB30: 1 | DC30: 0 | DD30: 1 | DG30: 0 | DH30: 0 | DJ30: 1 | DK30: 1 | DM30: 0 | DN30: 1 | DO30: 1 | DQ30: 1 | DR30: 0 | DS30: 0 | DT30: 0 | DU30: 1 | DV30: 1 | DW30: 1 | DY30: 1 | EB30: 0 | EC30: 1 | EE30: 1 | EF30: 1 | EH30: 1 | EI30: 1
C31: Support Sub Total | D31: =SUM(D20:D30) -> 63 | E31: =SUM(E20:E30) -> 48 | F31: =SUM(F20:F30) -> 51 | G31: =SUM(G20:G30) -> 51 | H31: =SUM(H20:H30) -> 50 | I31: =SUM(I20:I30) -> 50 | J31: =SUM(J20:J30) -> 51 | K31: =SUM(K20:K30) -> 0 | ... FA31: =SUM(FA20:FA30) -> 0
C32: Week Off, PH, DP | DS32: 89 | DX32: 173 | DZ32: 90 | EG32: 85
C33: TOTAL | D33: =D19+D31 -> 266 | E33: =E19+E31 -> 191 | F33: =F19+F31 -> 204 | G33: =G19+G31 -> 210 | H33: =H19+H31 -> 217 | I33: =I19+I31 -> 200 | J33: =J19+J31 -> 203 | K33: =K19+K31 -> 0 | ... FA33: =FA19+FA31 -> 0
C34: Variance vs Plan | D34: — | E34: =IF(COUNT(E3:E13,E20:E30)=0,"",E33-$D$33) -> -75 | F34: =IF(COUNT(F3:F13,F20:F30)=0,"",F33-$D$33) -> -62 | G34: =IF(COUNT(G3:G13,G20:G30)=0,"",G33-$D$33) -> -56 | H34: =IF(COUNT(H3:H13,H20:H30)=0,"",H33-$D$33) -> -49 | I34: =IF(COUNT(I3:I13,I20:I30)=0,"",I33-$D$33) -> -66 | J34: =IF(COUNT(J3:J13,J20:J30)=0,"",J33-$D$33) -> -63 | K34: =IF(COUNT(K3:K13,K20:K30)=0,"",K33-$D$33) | L34: =IF(COUNT(L3:L13,L20:L30)=0,"",L33-$D$33) -> -75 | ... FA34: =IF(COUNT(FA3:FA13,FA20:FA30)=0,"",FA33-$D$33)
C35: Ab % | D35: — | E35: =IF(E33=0,"NA",($D$33-E33)/$D$33) -> 0.28195489 | F35: =IF(F33=0,"NA",($D$33-F33)/$D$33) -> 0.23308271 | G35: =IF(G33=0,"NA",($D$33-G33)/$D$33) -> 0.21052632 | H35: =IF(H33=0,"NA",($D$33-H33)/$D$33) -> 0.18421053 | I35: =IF(I33=0,"NA",($D$33-I33)/$D$33) -> 0.2481203 | J35: =IF(J33=0,"NA",($D$33-J33)/$D$33) -> 0.23684211 | K35: =IF(K33=0,"NA",($D$33-K33)/$D$33) -> NA | L35: =IF(L33=0,"NA",($D$33-L33)/$D$33) -> 0.28195489 | ... FA35: =IF(FA33=0,"NA",($D$33-FA33)/$D$33) -> NA
C36: Approved Leave | AI36: 1 | AJ36: 2 | AK36: =2+1 -> 3 | AL36: =1+1 -> 2 | AN36: =2 -> 2 | AO36: =7 -> 7 | AP36: =4 -> 4 | AQ36: =2 -> 2 | AR36: =4 -> 4 | AS36: =2+2 -> 4 | AV36: =3 -> 3 | AW36: =4 -> 4 | AX36: =2 -> 2 | AY36: =2 -> 2 | BC36: =1+1 -> 2 | BD36: 3 | BE36: 2 | BF36: =2+1 -> 3 | BG36: 5 | BI36: 2 | BK36: 2 | BL36: 3 | BQ36: =6+1 -> 7 | BR36: 2 | BS36: 2 | BT36: 1 | CN36: 4 | CO36: 9 | CT36: 1 | CU36: 1 | CV36: 1 | CW36: 5 | CY36: 1 | CZ36: 1 | DA36: 2 | DB36: 3 | DC36: 6 | DH36: 7 | DJ36: 21 | DK36: 5 | DT36: 5 | DU36: 2 | DW36: 3 | DY36: 6 | EC36: 3
A37: OT | C37: OT in Hours/Adhoc MP | E37: 8 | F37: 28 | G37: 12 | H37: 32 | I37: 23.5 | J37: 18 | L37: 20 | M37: 20 | N37: 36 | O37: 48 | P37: 38 | Q37: =24+29.5 -> 53.5 | R37: 23 | S37: 67.5 | T37: 52 | U37: 30 | V37: 57 | W37: 67.5 | Y37: 22.5 | Z37: 54 | AA37: 55 | AB37: 59 | AC37: 51.5 | AD37: 49 | AE37: 58 | AF37: 23.5 | AG37: 41.5 | AH37: 55.5 | AI37: 64.5 | AJ37: =40+24 -> 64 | AK37: 59 | AL37: =30+24 -> 54 | AM37: 22.5 | AN37: 47 | AO37: 51 | AP37: 82.5 | AQ37: 60 | AR37: 45.5 | AS37: =52+35 -> 87 | AT37: 40 | AU37: 47.5 | AV37: 117.5 | AW37: =53+102 -> 155 | AX37: =51.5+99 -> 150.5 | AY37: =39+111 -> 150 | AZ37: 32 | BA37: =46+90 -> 136 | BC37: =23.5+112 -> 135.5 | BD37: =51+136 -> 187 | BE37: =41+152 -> 193 | BF37: =43.5+114 -> 157.5 | BG37: =52+88 -> 140 | BH37: =42.5+44.5 -> 87 | BI37: 30 | BJ37: =12+48+52 -> 112 | BK37: =43+48+51 -> 142 | BL37: =68+53 -> 121 | BM37: =30+35+60 -> 125 | BN37: =29+48+64 -> 141 | BO37: =39+51+54 -> 144 | BP37: 19.5 | BQ37: =28+20.5+45 -> 93.5 | BR37: =56+28.5+40 -> 124.5 | BS37: =52+52 -> 104 | BT37: =34.5+52 -> 86.5 | BU37: =54+21.5+24 -> 99.5 | BV37: =52+32 -> 84 | BW37: =8+32 -> 40 | BX37: =62.5+3+36 -> 101.5 | BY37: =47+1+36 -> 84 | BZ37: =52+41+38 -> 131 | CA37: 38 | CD37: =40+44 -> 84 | CE37: =36+41+66 -> 143 | CF37: =48+35 -> 83 | CG37: =11.5+5+40 -> 56.5 | CH37: =32.5+10 -> 42.5 | CI37: =29+34 -> 63 | CJ37: =40.5+32 -> 72.5 | CK37: =32+8 -> 40 | CL37: =28+33 -> 61 | CM37: =24+41 -> 65 | CN37: =41.5+3.5+41 -> 86 | CO37: =45 -> 45 | CP37: =29.5+22 -> 51.5 | CQ37: =27+21 -> 48 | CR37: =5+22 -> 27 | CS37: =25+35 -> 60 | CT37: =36 -> 36 | CU37: =34 -> 34 | CV37: =41 -> 41 | CW37: =11+37 -> 48 | CX37: 41 | CY37: =37+6 -> 43 | CZ37: =13+33 -> 46 | DA37: =13+54 -> 67 | DB37: =36+20 -> 56 | DC37: 33 | DD37: 32 | DE37: 44 | DH37: 20 | DI37: 32 | DJ37: 42 | DK37: 47 | DM37: 13 | DN37: =13+100+45 -> 158 | DO37: =2+100+24 -> 126 | DQ37: 8 | DR37: =4+48+18 -> 70 | DS37: =48+1 -> 49 | DT37: =SUM(DT39:DT42) -> 12 | DU37: =SUM(DU39:DU42) -> 76 | DV37: =SUM(DV39:DV42) -> 0 | DW37: =SUM(DW39:DW42) -> 103 | DX37: =SUM(DX39:DX42) -> 0 | DY37: =SUM(DY39:DY42) -> 8 | DZ37: =92+48 -> 140 | EA37: =SUM(EA39:EA42) -> 0 | EB37: =SUM(EB39:EB42) -> 112 | EC37: =4+81 -> 85 | ED37: =SUM(ED39:ED42) -> 92 | EE37: =SUM(EE39:EE42) -> 101 | EF37: =SUM(EF39:EF42) -> 90 | EG37: =SUM(EG39:EG42) -> 96 | EH37: =SUM(EH39:EH42) -> 0 | EI37: =SUM(EI39:EI42) -> 92 | EJ37: =SUM(EJ39:EJ42) -> 0 | EK37: =SUM(EK39:EK42) -> 0 | ... FA37: =SUM(FA39:FA42) -> 0
C38: Over sections: | E38: {=IFERROR(_xlfn.TEXTJOIN(", ",TRUE,IF(E3:E13>D3:D13,C3:C13,"")),"")} -> C6 - Ghee, C39 - MG batch Making, Supply/ Dispatch (Common), C39 - Jaggery, C39 - Atta | F38: {=IFERROR(_xlfn.TEXTJOIN(", ",TRUE,IF(F3:F13>D3:D13,C3:C13,"")),"")} -> C6 - Ghee, C39 - MG batch Making, Supply/ Dispatch (Common), Printer (Common), C39 - Jaggery, C39 - Atta | G38: {=IFERROR(_xlfn.TEXTJOIN(", ",TRUE,IF(G3:G13>E3:E13,C3:C13,"")),"")} -> C6 - Ghee, C39 - MG batch Making, Supply/ Dispatch (Common), Printer (Common), C6 - Raw Agri (Millets), C39 - Honey / all Spices, C39 - Atta, C6 Atta - 2 | H38: {=IFERROR(_xlfn.TEXTJOIN(", ",TRUE,IF(H3:H13>F3:F13,C3:C13,"")),"")} -> C6 - Oil, C6 - Ghee, C6 - Raw Agri (Millets), C39 - Honey / all Spices, C39 - Atta, C6 - Atta - 1, C6 Atta - 2 | I38: {=IFERROR(_xlfn.TEXTJOIN(", ",TRUE,IF(I3:I13>G3:G13,C3:C13,"")),"")} -> C6 - Ghee, C39 - MG batch Making, C39 - Jaggery, C6 Atta - 2 | J38: {=IFERROR(_xlfn.TEXTJOIN(", ",TRUE,IF(J3:J13>H3:H13,C3:C13,"")),"")} -> C6 - Oil | K38: {=IFERROR(_xlfn.TEXTJOIN(", ",TRUE,IF(K3:K13>I3:I13,C3:C13,"")),"")} | L38: {=IFERROR(_xlfn.TEXTJOIN(", ",TRUE,IF(L3:L13>J3:J13,C3:C13,"")),"")} -> C39 - MG batch Making, C39 - Honey / all Spices, C6 - Atta - 1, C6 Atta - 2 | M38: {=IFERROR(_xlfn.TEXTJOIN(", ",TRUE,IF(M3:M13>K3:K13,C3:C13,"")),"")} -> C6 - Oil, C6 - Ghee, C39 - MG batch Making, Supply/ Dispatch (Common), Printer (Common), C6 - Raw Agri (Millets), C39 - Honey / all Spices, C39 - Jaggery, C39 - Atta, C6 - Atta - 1, C6 Atta - 2 | N38: {=IFERROR(_xlfn.TEXTJOIN(", ",TRUE,IF(N3:N13>L3:L13,C3:C13,"")),"")} -> C6 - Oil, C6 - Ghee, Printer (Common), C6 - Raw Agri (Millets), C6 - Atta - 1 | O38: {=IFERROR(_xlfn.TEXTJOIN(", ",TRUE,IF(O3:O13>M3:M13,C3:C13,"")),"")} -> C6 - Ghee, C6 - Raw Agri (Millets), C39 - Honey / all Spices, C6 - Atta - 1 | P38: {=IFERROR(_xlfn.TEXTJOIN(", ",TRUE,IF(P3:P13>N3:N13,C3:C13,"")),"")} -> C6 - Oil, C39 - Honey / all Spices, C39 - Atta, C6 - Atta - 1 | Q38: {=IFERROR(_xlfn.TEXTJOIN(", ",TRUE,IF(Q3:Q13>O3:O13,C3:C13,"")),"")} -> Supply/ Dispatch (Common), C39 - Jaggery, C6 - Atta - 1 | R38: {=IFERROR(_xlfn.TEXTJOIN(", ",TRUE,IF(R3:R13>P3:P13,C3:C13,"")),"")} | S38: {=IFERROR(_xlfn.TEXTJOIN(", ",TRUE,IF(S3:S13>Q3:Q13,C3:C13,"")),"")} -> C6 - Oil, C39 - MG batch Making, C6 - Raw Agri (Millets), C39 - Jaggery, C39 - Atta, C6 Atta - 2 | T38: {=IFERROR(_xlfn.TEXTJOIN(", ",TRUE,IF(T3:T13>R3:R13,C3:C13,"")),"")} -> C6 - Oil, C6 - Ghee, Supply/ Dispatch (Common), Printer (Common), C6 - Raw Agri (Millets), C39 - Honey / all Spices, C39 - Jaggery, C39 - Atta, C6 - Atta - 1 | U38: {=IFERROR(_xlfn.TEXTJOIN(", ",TRUE,IF(U3:U13>S3:S13,C3:C13,"")),"")} -> C6 - Oil, C6 - Ghee, Printer (Common), C39 - Honey / all Spices, C39 - Jaggery, C39 - Atta, C6 - Atta - 1 | V38: {=IFERROR(_xlfn.TEXTJOIN(", ",TRUE,IF(V3:V13>T3:T13,C3:C13,"")),"")} -> C6 - Oil, C6 - Ghee, C39 - MG batch Making, Supply/ Dispatch (Common), C6 Atta - 2 | W38: {=IFERROR(_xlfn.TEXTJOIN(", ",TRUE,IF(W3:W13>U3:U13,C3:C13,"")),"")} -> C6 - Oil, C6 - Ghee, C39 - MG batch Making, Supply/ Dispatch (Common), Printer (Common), C6 Atta - 2 | X38: {=IFERROR(_xlfn.TEXTJOIN(", ",TRUE,IF(X3:X13>V3:V13,C3:C13,"")),"")} -> C6 - Ghee, C6 - Raw Agri (Millets), C39 - Honey / all Spices, C6 Atta - 2 | Y38: {=IFERROR(_xlfn.TEXTJOIN(", ",TRUE,IF(Y3:Y13>W3:W13,C3:C13,"")),"")} | Z38: {=IFERROR(_xlfn.TEXTJOIN(", ",TRUE,IF(Z3:Z13>X3:X13,C3:C13,"")),"")} -> C6 - Oil, C39 - Jaggery, C39 - Atta | AA38: {=IFERROR(_xlfn.TEXTJOIN(", ",TRUE,IF(AA3:AA13>Y3:Y13,C3:C13,"")),"")} -> C6 - Oil, C6 - Ghee, C39 - MG batch Making, Supply/ Dispatch (Common), Printer (Common), C6 - Raw Agri (Millets), C39 - Honey / all Spices, C39 - Jaggery, C39 - Atta, C6 - Atta - 1, C6 Atta - 2 | AB38: {=IFERROR(_xlfn.TEXTJOIN(", ",TRUE,IF(AB3:AB13>Z3:Z13,C3:C13,"")),"")} -> C6 - Ghee, C39 - MG batch Making, C6 - Raw Agri (Millets), C39 - Honey / all Spices, C6 - Atta - 1 | AC38: {=IFERROR(_xlfn.TEXTJOIN(", ",TRUE,IF(AC3:AC13>AA3:AA13,C3:C13,"")),"")} -> C6 - Ghee, C6 - Raw Agri (Millets), C39 - Honey / all Spices, C39 - Atta | AD38: {=IFERROR(_xlfn.TEXTJOIN(", ",TRUE,IF(AD3:AD13>AB3:AB13,C3:C13,"")),"")} -> C6 - Oil, C6 - Ghee, C39 - MG batch Making, C39 - Honey / all Spices | AE38: {=IFERROR(_xlfn.TEXTJOIN(", ",TRUE,IF(AE3:AE13>AC3:AC13,C3:C13,"")),"")} -> C39 - MG batch Making, Printer (Common), C39 - Jaggery, C6 - Atta - 1, C6 Atta - 2 | AF38: {=IFERROR(_xlfn.TEXTJOIN(", ",TRUE,IF(AF3:AF13>AD3:AD13,C3:C13,"")),"")} -> Printer (Common), C39 - Jaggery, C39 - Atta | AG38: {=IFERROR(_xlfn.TEXTJOIN(", ",TRUE,IF(AG3:AG13>AE3:AE13,C3:C13,"")),"")} | AH38: {=IFERROR(_xlfn.TEXTJOIN(", ",TRUE,IF(AH3:AH13>AF3:AF13,C3:C13,"")),"")} -> C6 - Ghee, C39 - MG batch Making, Supply/ Dispatch (Common), Printer (Common), C6 - Raw Agri (Millets), C39 - Jaggery, C39 - Atta, C6 Atta - 2 | AI38: {=IFERROR(_xlfn.TEXTJOIN(", ",TRUE,IF(AI3:AI13>AG3:AG13,C3:C13,"")),"")} -> C6 - Oil, C6 - Ghee, C39 - MG batch Making, Supply/ Dispatch (Common), Printer (Common), C6 - Raw Agri (Millets), C39 - Honey / all Spices, C39 - Jaggery, C39 - Atta, C6 - Atta - 1, C6 Atta - 2 | AJ38: {=IFERROR(_xlfn.TEXTJOIN(", ",TRUE,IF(AJ3:AJ13>AH3:AH13,C3:C13,"")),"")} -> C6 - Oil, C39 - Honey / all Spices, C6 - Atta - 1 | AK38: {=IFERROR(_xlfn.TEXTJOIN(", ",TRUE,IF(AK3:AK13>AI3:AI13,C3:C13,"")),"")} -> C6 - Ghee, C6 - Raw Agri (Millets), C39 - Honey / all Spices, C6 Atta - 2 | AL38: {=IFERROR(_xlfn.TEXTJOIN(", ",TRUE,IF(AL3:AL13>AJ3:AJ13,C3:C13,"")),"")} -> C6 - Ghee, Printer (Common), C6 - Raw Agri (Millets), C39 - Jaggery, C39 - Atta, C6 Atta - 2 | AM38: {=IFERROR(_xlfn.TEXTJOIN(", ",TRUE,IF(AM3:AM13>AK3:AK13,D3:D13,"")),"")} | AN38: {=IFERROR(_xlfn.TEXTJOIN(", ",TRUE,IF(AN3:AN13>AL3:AL13,E3:E13,"")),"")} -> 3, 30, 10 | AO38: {=IFERROR(_xlfn.TEXTJOIN(", ",TRUE,IF(AO3:AO13>AM3:AM13,F3:F13,"")),"")} -> 2, 33, 21, 17, 7, 14, 7, 18, 26, 8, 0 | AP38: {=IFERROR(_xlfn.TEXTJOIN(", ",TRUE,IF(AP3:AP13>AN3:AN13,G3:G13,"")),"")} -> 11, 7, 20, 13, 10, 30 | AQ38: {=IFERROR(_xlfn.TEXTJOIN(", ",TRUE,IF(AQ3:AQ13>AO3:AO13,H3:H13,"")),"")} -> 39, 16, 7, 16, 14, 10 | AR38: {=IFERROR(_xlfn.TEXTJOIN(", ",TRUE,IF(AR3:AR13>AP3:AP13,I3:I13,"")),"")} -> 1, 36, 8, 13 | AS38: {=IFERROR(_xlfn.TEXTJOIN(", ",TRUE,IF(AS3:AS13>AQ3:AQ13,J3:J13,"")),"")} -> 13, 32, 11, 14, 25, 4 | ... BN38: {=IFERROR(_xlfn.TEXTJOIN(", ",TRUE,IF(BN3:BN13>BL3:BL13,AE3:AE13,"")),"")} -> 10, 9, 7, 16, 10, 18, 7, 2 | BO38: 54 | BP38: {=IFERROR(_xlfn.TEXTJOIN(", ",TRUE,IF(BP3:BP13>BN3:BN13,AG3:AG13,"")),"")} -> 19, 0, 0, 0 | BQ38: {=IFERROR(_xlfn.TEXTJOIN(", ",TRUE,IF(BQ3:BQ13>BO3:BO13,AH3:AH13,"")),"")} -> 12, 37, 12, 11, 7, 18, 6, 17, 26, 8, 2 | BR38: {=IFERROR(_xlfn.TEXTJOIN(", ",TRUE,IF(BR3:BR13>BP3:BP13,AI3:AI13,"")),"")} -> 12, 35, 8, 26, 11, 4 | BS38: {=IFERROR(_xlfn.TEXTJOIN(", ",TRUE,IF(BS3:BS13>BQ3:BQ13,AJ3:AJ13,"")),"")} -> 36, 11 | BT38: {=IFERROR(_xlfn.TEXTJOIN(", ",TRUE,IF(BT3:BT13>BR3:BR13,AK3:AK13,"")),"")} -> 17, 23 | BU38: {=IFERROR(_xlfn.TEXTJOIN(", ",TRUE,IF(BU3:BU13>BS3:BS13,AL3:AL13,"")),"")} -> 12, 8, 7, 18, 10, 19, 27, 11, 6 | BV38: {=IFERROR(_xlfn.TEXTJOIN(", ",TRUE,IF(BV3:BV13>BT3:BT13,AM3:AM13,"")),"")} -> 0 | BW38: {=IFERROR(_xlfn.TEXTJOIN(", ",TRUE,IF(BW3:BW13>BU3:BU13,AN3:AN13,"")),"")} -> 8, 9, 14 | BX38: {=IFERROR(_xlfn.TEXTJOIN(", ",TRUE,IF(BX3:BX13>BV3:BV13,AO3:AO13,"")),"")} -> 18, 36, 12, 11, 27, 8, 5 | BY38: 36 | BZ38: {=IFERROR(_xlfn.TEXTJOIN(", ",TRUE,IF(BZ3:BZ13>BX3:BX13,AQ3:AQ13,"")),"")} -> 37, 8, 14, 13, 16, 21 | CA38: {=IFERROR(_xlfn.TEXTJOIN(", ",TRUE,IF(CA3:CA13>BY3:BY13,AR3:AR13,"")),"")} -> 19, 7, 12, 5 | CB38: {=IFERROR(_xlfn.TEXTJOIN(", ",TRUE,IF(CB3:CB13>BZ3:BZ13,AS3:AS13,"")),"")} | CC38: {=IFERROR(_xlfn.TEXTJOIN(", ",TRUE,IF(CC3:CC13>CA3:CA13,AT3:AT13,"")),"")} | CD38: {=IFERROR(_xlfn.TEXTJOIN(", ",TRUE,IF(CD3:CD13>CB3:CB13,AU3:AU13,"")),"")} -> 18, 37, 8, 11, 6, 8, 10, 16, 24, 14, 8 | CE38: {=IFERROR(_xlfn.TEXTJOIN(", ",TRUE,IF(CE3:CE13>CC3:CC13,AV3:AV13,"")),"")} -> 18, 35, 8, 11, 7, 10, 12, 17, 30, 12, 2 | CF38: {=IFERROR(_xlfn.TEXTJOIN(", ",TRUE,IF(CF3:CF13>CD3:CD13,AW3:AW13,"")),"")} -> 17, 39, 11, 6, 10, 16, 13, 8 | CG38: {=IFERROR(_xlfn.TEXTJOIN(", ",TRUE,IF(CG3:CG13>CE3:CE13,AX3:AX13,"")),"")} -> 11, 14, 13 | ... CY38: {=IFERROR(_xlfn.TEXTJOIN(", ",TRUE,IF(CY3:CY13>CW3:CW13,BP3:BP13,"")),"")} -> 11, 7, 25, 15, 24 | CZ38: 33 | DA38: {=IFERROR(_xlfn.TEXTJOIN(", ",TRUE,IF(DA3:DA13>CY3:CY13,BR3:BR13,"")),"")} -> 29, 37, 11, 7, 15, 4 | DB38: {=IFERROR(_xlfn.TEXTJOIN(", ",TRUE,IF(DB3:DB13>CZ3:CZ13,BS3:BS13,"")),"")} -> 10, 0, 1, 0, 0, 17, 0 | DC38: {=IFERROR(_xlfn.TEXTJOIN(", ",TRUE,IF(DC3:DC13>DA3:DA13,BT3:BT13,"")),"")} -> 19, 37, 11, 32 | DD38: {=IFERROR(_xlfn.TEXTJOIN(", ",TRUE,IF(DD3:DD13>DB3:DB13,BU3:BU13,"")),"")} -> 34, 13, 15, 28, 4 | DE38: {=IFERROR(_xlfn.TEXTJOIN(", ",TRUE,IF(DE3:DE13>DC3:DC13,BV3:BV13,"")),"")} | DF38: {=IFERROR(_xlfn.TEXTJOIN(", ",TRUE,IF(DF3:DF13>DD3:DD13,BW3:BW13,"")),"")} | DG38: {=IFERROR(_xlfn.TEXTJOIN(", ",TRUE,IF(DG3:DG13>DE3:DE13,BX3:BX13,"")),"")} -> 26, 14, 11, 5, 15, 9, 14, 11, 5 | DH38: {=IFERROR(_xlfn.TEXTJOIN(", ",TRUE,IF(DH3:DH13>DF3:DF13,BY3:BY13,"")),"")} -> 15, 33, 12, 11, 7, 23, 18, 10, 25, 19, 5 | ... FA38: {=IFERROR(_xlfn.TEXTJOIN(", ",TRUE,IF(FA3:FA13>EY3:EY13,DR3:DR13,"")),"")}
A39: Total Ghee OT | DT39: 12 | DW39: 3 | DY39: 8 | EB39: 12 | EE39: 8 | EG39: 12
A40: Total C6 OT
A41: Total C39 OT | DU41: =39+36+1 -> 76 | DW41: 100 | DZ41: =92+48 -> 140 | EB41: 100 | EC41: =84+40 -> 124 | ED41: 92 | EE41: 92 | EF41: 90 | EG41: 84 | EI41: 92
A42: Total Maintanance OT | EE42: 1
C43: Day Type (W / OFF) | AI43: =IF(WEEKDAY(AI2,1)=1,"OFF","W") -> W | AJ43: =IF(WEEKDAY(AJ2,1)=1,"OFF","W") -> W | AK43: =IF(WEEKDAY(AK2,1)=1,"OFF","W") -> W | AL43: =IF(WEEKDAY(AL2,1)=1,"OFF","W") -> W | AM43: =IF(WEEKDAY(AM2,1)=1,"OFF","W") -> OFF | AN43: =IF(WEEKDAY(AN2,1)=1,"OFF","W") -> W | AO43: =IF(WEEKDAY(AO2,1)=1,"OFF","W") -> W | AP43: =IF(WEEKDAY(AP2,1)=1,"OFF","W") -> W | ... AY43: =IF(WEEKDAY(AY2,1)=1,"OFF","W") -> W | AZ43: OFF | BA43: =IF(WEEKDAY(BA2,1)=1,"OFF","W") -> OFF | BB43: =IF(WEEKDAY(BB2,1)=1,"OFF","W") -> W | BC43: =IF(WEEKDAY(BC2,1)=1,"OFF","W") -> W | BD43: =IF(WEEKDAY(BD2,1)=1,"OFF","W") -> W | BE43: =IF(WEEKDAY(BE2,1)=1,"OFF","W") -> W | BF43: =IF(WEEKDAY(BF2,1)=1,"OFF","W") -> W | BG43: =IF(WEEKDAY(BG2,1)=1,"OFF","W") -> W | BH43: =IF(WEEKDAY(BH2,1)=1,"OFF","W") -> OFF | ... BM43: =IF(WEEKDAY(BM2,1)=1,"OFF","W") -> W
C44: Non Ghee Production(PKT) | DR44: 19868 | DS44: 9633 | DT44: 18329 | DU44: 14276 | DV44: 19133 | DW44: 13853 | DX44: 2933 | DY44: 10548 | DZ44: 4066 | EA44: 15413 | EB44: 19396 | EC44: 13057 | ED44: 7505 | EE44: 29057 | EF44: 16699 | EG44: 1480 | EH44: 11501
C45: Ghee Production(PKT) | DR45: 2638 | DS45: 2854 | DT45: 1237 | DU45: 2109 | DV45: 2326 | DW45: 2488 | DX45: 0 | DY45: 3412 | DZ45: 0 | EA45: 2855 | EB45: 3011 | EC45: 2285 | ED45: 2370 | EE45: 2338 | EF45: 2140 | EG45: 0 | EH45: 2514
BZ49: 5956 | CB49: 4690 | CD49: 5664
BZ51: =2554/8 -> 319.25 | CB51: =2554/8 -> 319.25 | CD51: =2554/8 -> 319.25
BZ52: =BZ51+BZ49 -> 6275.25
BZ54: 6241 | CB54: 6241
BG56: 4690 | BH56: Prod sub total
BG57: 612 | BH57: Other sec | BZ57: =BZ52-BZ54 -> 34.25
BG58: =2554/8 -> 319.25 | BH58: OT days
BG60: =SUM(BG56:BG58) -> 5621.25 | BH60: Sum
BG61: 6241 | BH61: salary
BG62: =(56+284)+(36+178) -> 554 | BH62: aaradhya + vaibhav * 5 week offs + 1 PH
BG64: =BG62+BG60 -> 6175.25 | BH64: Sum of sheed incl diff week off
BG66: =BG61-BG64 -> 65.75 | BH66: Diff
BG67: =31 -> 31 | BH67: Sanjiv Jha
BG69: =BG66-BG67 -> 34.75 | BH69: FInal diff

Sheet Master
B2: Section | C2: MP with current Automation | D2: Male | E2: Female
A3: Production | B3: C6 - Oil | C3: 14 | D3: 8 | E3: 6
B4: C6 - Ghee | C4: 24 | D4: 29 | E4: 14
B5: C39 - MG batch Making | C5: 7 | D5: 3 | E5: 4
B6: Supply/ Dispatch (Common) | C6: 11 | D6: 11 | E6: 0
B7: Printer (Common) | C7: 6 | D7: 2 | E7: 4
B8: C6 - Raw Agri (Millets) | C8: 16 | D8: 2 | E8: 14
B9: C39 - Honey / all Spices | C9: 22 | D9: 1 | E9: 21
B10: C39 - Jaggery | C10: 9 | D10: 1 | E10: 8
B11: C39 - Atta | C11: 22 | D11: 12 | E11: 10
B12: C6 - Atta - 1 | C12: 14 | D12: 9 | E12: 5
B13: C6 Atta - 2 | C13: 11 | D13: 6 | E13: 5
B14: Sub Total | C14: =SUM(C3:C13) -> 156 | D14: =SUM(D3:D13) -> 84 | E14: =SUM(E3:E13) -> 91
B15: Supervisors + Executive+AM +HR | C15: 21 | D15: 20 | E15: 1
A16: Support Team | B16: C39-HK | C16: 5 | D16: 1 | E16: 4
B17: C6-HK | C17: 9 | D17: 3 | E17: 6
B18: Maintenance-C6&C39 | C18: 6 | D18: 6 | E18: 0
B19: Admin | C19: 4 | D19: 3 | E19: 1
B20: Lab | C20: 1 | D20: 0 | E20: 1
B21: Project | C21: 2 | D21: 2 | E21: 0
B22: Accounts | C22: 2 | D22: 1 | E22: 1
B23: IT | C23: 2 | D23: 2 | E23: 0
B24: QA | C24: 9 | D24: 7 | E24: 2
B25: FRM | C25: 2 | D25: 2 | E25: 0
B27: Sub Total | C27: =SUM(C15:C26) -> 63 | D27: =SUM(D15:D26) -> 47 | E27: =SUM(E15:E26) -> 16
B28: Total | C28: =SUM(C27,C14) -> 219 | D28: =SUM(D27,D14) -> 131 | E28: =SUM(E27,E14) -> 107

Sheet Weekly Tracking
A1: MP Weekly Tracking — July 2026 (Production only)
A4: Metric | B4: Week 1 | C4: Week 2 | D4: Week 3 | E4: Week 4 | F4: Week 5 | G4: MTD (Jul)
A5: Start Date | B5: 46204 | C5: 46211 | D5: 46218 | E5: 46225 | F5: 46232 | G5: =B5 -> 46204
A6: End Date | B6: 46210 | C6: 46217 | D6: 46224 | E6: 46231 | F6: 46234 | G6: =F6 -> 46234
A7: Working Days Counted | B7: =COUNTIFS('Daily Tracker'!$AI$2:$BM$2,">="&B$5,'Daily Tracker'!$AI$2:$BM$2,"<="&B$6,'Daily Tracker'!$AI$43:$BM$43,"W",'Daily Tracker'!$AI$19:$BM$19,">0") -> 6 | C7: =COUNTIFS('Daily Tracker'!$AI$2:$BM$2,">="&C$5,'Daily Tracker'!$AI$2:$BM$2,"<="&C$6,'Daily Tracker'!$AI$43:$BM$43,"W",'Daily Tracker'!$AI$19:$BM$19,">0") -> 6 | D7: =COUNTIFS('Daily Tracker'!$AI$2:$BM$2,">="&D$5,'Daily Tracker'!$AI$2:$BM$2,"<="&D$6,'Daily Tracker'!$AI$43:$BM$43,"W",'Daily Tracker'!$AI$19:$BM$19,">0") -> 5 | E7: =COUNTIFS('Daily Tracker'!$AI$2:$BM$2,">="&E$5,'Daily Tracker'!$AI$2:$BM$2,"<="&E$6,'Daily Tracker'!$AI$43:$BM$43,"W",'Daily Tracker'!$AI$19:$BM$19,">0") -> 6 | F7: =COUNTIFS('Daily Tracker'!$AI$2:$BM$2,">="&F$5,'Daily Tracker'!$AI$2:$BM$2,"<="&F$6,'Daily Tracker'!$AI$43:$BM$43,"W",'Daily Tracker'!$AI$19:$BM$19,">0") -> 3 | G7: =COUNTIFS('Daily Tracker'!$AI$2:$BM$2,">="&G$5,'Daily Tracker'!$AI$2:$BM$2,"<="&G$6,'Daily Tracker'!$AI$43:$BM$43,"W",'Daily Tracker'!$AI$19:$BM$19,">0") -> 26
A8: Plan MP (per day) – Production | B8: ='Daily Tracker'!$D$19 -> 203 | C8: ='Daily Tracker'!$D$19 -> 203 | D8: ='Daily Tracker'!$D$19 -> 203 | E8: ='Daily Tracker'!$D$19 -> 203 | F8: ='Daily Tracker'!$D$19 -> 203 | G8: ='Daily Tracker'!$D$19 -> 203
A9: Avg Production MP Present | B9: =IFERROR(AVERAGEIFS('Daily Tracker'!$AI$19:$BM$19,'Daily Tracker'!$AI$2:$BM$2,">="&B$5,'Daily Tracker'!$AI$2:$BM$2,"<="&B$6,'Daily Tracker'!$AI$43:$BM$43,"W",'Daily Tracker'!$AI$19:$BM$19,">0"),"-") -> 161.66667 | C9: =IFERROR(AVERAGEIFS('Daily Tracker'!$AI$19:$BM$19,'Daily Tracker'!$AI$2:$BM$2,">="&C$5,'Daily Tracker'!$AI$2:$BM$2,"<="&C$6,'Daily Tracker'!$AI$43:$BM$43,"W",'Daily Tracker'!$AI$19:$BM$19,">0"),"-") -> 166 | D9: =IFERROR(AVERAGEIFS('Daily Tracker'!$AI$19:$BM$19,'Daily Tracker'!$AI$2:$BM$2,">="&D$5,'Daily Tracker'!$AI$2:$BM$2,"<="&D$6,'Daily Tracker'!$AI$43:$BM$43,"W",'Daily Tracker'!$AI$19:$BM$19,">0"),"-") -> 163.6 | E9: =IFERROR(AVERAGEIFS('Daily Tracker'!$AI$19:$BM$19,'Daily Tracker'!$AI$2:$BM$2,">="&E$5,'Daily Tracker'!$AI$2:$BM$2,"<="&E$6,'Daily Tracker'!$AI$43:$BM$43,"W",'Daily Tracker'!$AI$19:$BM$19,">0"),"-") -> 168.66667 | F9: =IFERROR(AVERAGEIFS('Daily Tracker'!$AI$19:$BM$19,'Daily Tracker'!$AI$2:$BM$2,">="&F$5,'Daily Tracker'!$AI$2:$BM$2,"<="&F$6,'Daily Tracker'!$AI$43:$BM$43,"W",'Daily Tracker'!$AI$19:$BM$19,">0"),"-") -> 176 | G9: =IFERROR(AVERAGEIFS('Daily Tracker'!$AI$19:$BM$19,'Daily Tracker'!$AI$2:$BM$2,">="&G$5,'Daily Tracker'!$AI$2:$BM$2,"<="&G$6,'Daily Tracker'!$AI$43:$BM$43,"W",'Daily Tracker'!$AI$19:$BM$19,">0"),"-") -> 166.30769
A10: Avg Production MP Absent | B10: =IF(B7=0,"-",B8-B9) -> 41.333333 | C10: =IF(C7=0,"-",C8-C9) -> 37 | D10: =IF(D7=0,"-",D8-D9) -> 39.4 | E10: =IF(E7=0,"-",E8-E9) -> 34.333333 | F10: =IF(F7=0,"-",F8-F9) -> 27 | G10: =IF(G7=0,"-",G8-G9) -> 36.692308
A11: Absent % | B11: =IF(B7=0,"-",B10/B8) -> 0.20361248 | C11: =IF(C7=0,"-",C10/C8) -> 0.18226601 | D11: =IF(D7=0,"-",D10/D8) -> 0.19408867 | E11: =IF(E7=0,"-",E10/E8) -> 0.16912972 | F11: =IF(F7=0,"-",F10/F8) -> 0.13300493 | G11: =IF(G7=0,"-",G10/G8) -> 0.18075028
A12: Approved Leave (all staff) | B12: =AVERAGEIFS('Daily Tracker'!$AI$36:$BM$36,'Daily Tracker'!$AI$2:$BM$2,">="&B$5,'Daily Tracker'!$AI$2:$BM$2,"<="&B$6) -> 2.8333333 | C12: =AVERAGEIFS('Daily Tracker'!$AI$36:$BM$36,'Daily Tracker'!$AI$2:$BM$2,">="&C$5,'Daily Tracker'!$AI$2:$BM$2,"<="&C$6) -> 3.4 | D12: =AVERAGEIFS('Daily Tracker'!$AI$36:$BM$36,'Daily Tracker'!$AI$2:$BM$2,">="&D$5,'Daily Tracker'!$AI$2:$BM$2,"<="&D$6) -> 2.5 | E12: =AVERAGEIFS('Daily Tracker'!$AI$36:$BM$36,'Daily Tracker'!$AI$2:$BM$2,">="&E$5,'Daily Tracker'!$AI$2:$BM$2,"<="&E$6) -> 3 | F12: =SUMIFS('Daily Tracker'!$AI$36:$BM$36,'Daily Tracker'!$AI$2:$BM$2,">="&F$5,'Daily Tracker'!$AI$2:$BM$2,"<="&F$6) -> 5 | G12: =AVERAGEIFS('Daily Tracker'!$AI$36:$BM$36,'Daily Tracker'!$AI$2:$BM$2,">="&G$5,'Daily Tracker'!$AI$2:$BM$2,"<="&G$6) -> 2.9090909
A13: Adhoc MP (Night Shift) | B13: =(AVERAGEIFS('Daily Tracker'!$AI$37:$BM$37,'Daily Tracker'!$AI$2:$BM$2,">="&B$5,'Daily Tracker'!$AI$2:$BM$2,"<="&B$6))/8 -> 6.4642857 | C13: =(AVERAGEIFS('Daily Tracker'!$AI$37:$BM$37,'Daily Tracker'!$AI$2:$BM$2,">="&C$5,'Daily Tracker'!$AI$2:$BM$2,"<="&C$6))/8 -> 8.5714286 | D13: =(AVERAGEIFS('Daily Tracker'!$AI$37:$BM$37,'Daily Tracker'!$AI$2:$BM$2,">="&D$5,'Daily Tracker'!$AI$2:$BM$2,"<="&D$6))/8 -> 15.8125 | E13: =(AVERAGEIFS('Daily Tracker'!$AI$37:$BM$37,'Daily Tracker'!$AI$2:$BM$2,">="&E$5,'Daily Tracker'!$AI$2:$BM$2,"<="&E$6))/8 -> 16.1875 | F13: =(SUMIFS('Daily Tracker'!$AI$37:$BM$37,'Daily Tracker'!$AI$2:$BM$2,">="&F$5,'Daily Tracker'!$AI$2:$BM$2,"<="&F$6))/8 -> 48.5 | G13: =AVERAGEIFS('Daily Tracker'!$AI$37:$BM$37,'Daily Tracker'!$AI$2:$BM$2,">="&G$5,'Daily Tracker'!$AI$2:$BM$2,"<="&G$6)/8 -> 12.064583
A14: OFF days in period | B14: =COUNTIFS('Daily Tracker'!$AI$2:$BM$2,">="&B$5,'Daily Tracker'!$AI$2:$BM$2,"<="&B$6,'Daily Tracker'!$AI$43:$BM$43,"OFF") -> 1 | C14: =COUNTIFS('Daily Tracker'!$AI$2:$BM$2,">="&C$5,'Daily Tracker'!$AI$2:$BM$2,"<="&C$6,'Daily Tracker'!$AI$43:$BM$43,"OFF") -> 1 | D14: =COUNTIFS('Daily Tracker'!$AI$2:$BM$2,">="&D$5,'Daily Tracker'!$AI$2:$BM$2,"<="&D$6,'Daily Tracker'!$AI$43:$BM$43,"OFF") -> 2 | E14: =COUNTIFS('Daily Tracker'!$AI$2:$BM$2,">="&E$5,'Daily Tracker'!$AI$2:$BM$2,"<="&E$6,'Daily Tracker'!$AI$43:$BM$43,"OFF") -> 1 | F14: =COUNTIFS('Daily Tracker'!$AI$2:$BM$2,">="&F$5,'Daily Tracker'!$AI$2:$BM$2,"<="&F$6,'Daily Tracker'!$AI$43:$BM$43,"OFF") -> 0 | G14: =COUNTIFS('Daily Tracker'!$AI$2:$BM$2,">="&G$5,'Daily Tracker'!$AI$2:$BM$2,"<="&G$6,'Daily Tracker'!$AI$43:$BM$43,"OFF") -> 5

Sheet MP Split
A1: MP Split — Present vs Planned (C6 / C39 / Common / FRM)
A3: Report Date (today) | B3: 46233
A5: TODAY'S PRESENT VS PLANNED
A6: Plant | B6: Planned MP | C6: Present MP | D6: Variance | E6: Present %
A7: C6 | B7: =SUMIF('Daily Tracker'!$B$3:$B$14,$A7,'Daily Tracker'!$D$3:$D$14) -> 55 | C7: {=SUMPRODUCT(('Daily Tracker'!$B$3:$B$14=$A7)*INDEX('Daily Tracker'!$E$3:$BL$14,0,MATCH($B$3,'Daily Tracker'!$E$2:$BL$2,0)))} -> 44 | D7: =C7-B7 -> -11 | E7: =IFERROR(C7/B7,"") -> 0.8
A8: C39 | B8: =SUMIF('Daily Tracker'!$B$3:$B$14,$A8,'Daily Tracker'!$D$3:$D$14) -> 60 | C8: {=SUMPRODUCT(('Daily Tracker'!$B$3:$B$14=$A8)*INDEX('Daily Tracker'!$E$3:$BL$14,0,MATCH($B$3,'Daily Tracker'!$E$2:$BL$2,0)))} -> 64 | D8: =C8-B8 -> 4 | E8: =IFERROR(C8/B8,"") -> 1.0666667
A9: Common | B9: =SUMIF('Daily Tracker'!$B$3:$B$14,$A9,'Daily Tracker'!$D$3:$D$14) -> 0 | C9: {=SUMPRODUCT(('Daily Tracker'!$B$3:$B$14=$A9)*INDEX('Daily Tracker'!$E$3:$BL$14,0,MATCH($B$3,'Daily Tracker'!$E$2:$BL$2,0)))} -> 0 | D9: =C9-B9 -> 0 | E9: =IFERROR(C9/B9,"")
A10: FRM | B10: =SUMIF('Daily Tracker'!$B$3:$B$14,$A10,'Daily Tracker'!$D$3:$D$14) -> 0 | C10: {=SUMPRODUCT(('Daily Tracker'!$B$3:$B$14=$A10)*INDEX('Daily Tracker'!$E$3:$BL$14,0,MATCH($B$3,'Daily Tracker'!$E$2:$BL$2,0)))} -> 5 | D10: =C10-B10 -> 5 | E10: =IFERROR(C10/B10,"")
A11: Total | B11: =SUM(B7:B10) -> 115 | C11: =SUM(C7:C10) -> 113 | D11: =C11-B11 -> -2 | E11: =IFERROR(C11/B11,"") -> 0.9826087
A13: Month | B13: 46204 | C13: Days counted | D13: =SUM($B$30:$BI$30) -> 30
A15: MONTHLY AVERAGE — PRESENT VS PLANNED
A16: Plant | B16: Planned MP | C16: Avg Present MP | D16: Variance | E16: Present %
A17: C6 | B17: =SUMIF('Daily Tracker'!$B$3:$B$14,$A17,'Daily Tracker'!$D$3:$D$14) -> 55 | C17: =IFERROR(SUMPRODUCT(INDEX($B$25:$BI$28,MATCH($A17,$A$25:$A$28,0),0),$B$30:$BI$30)/SUM($B$30:$BI$30),"") -> 36.466667 | D17: =C17-B17 -> -18.533333 | E17: =IFERROR(C17/B17,"") -> 0.6630303
A18: C39 | B18: =SUMIF('Daily Tracker'!$B$3:$B$14,$A18,'Daily Tracker'!$D$3:$D$14) -> 60 | C18: =IFERROR(SUMPRODUCT(INDEX($B$25:$BI$28,MATCH($A18,$A$25:$A$28,0),0),$B$30:$BI$30)/SUM($B$30:$BI$30),"") -> 57 | D18: =C18-B18 -> -3 | E18: =IFERROR(C18/B18,"") -> 0.95
A19: Common | B19: =SUMIF('Daily Tracker'!$B$3:$B$14,$A19,'Daily Tracker'!$D$3:$D$14) -> 0 | C19: =IFERROR(SUMPRODUCT(INDEX($B$25:$BI$28,MATCH($A19,$A$25:$A$28,0),0),$B$30:$BI$30)/SUM($B$30:$BI$30),"") -> 0 | D19: =C19-B19 -> 0 | E19: =IFERROR(C19/B19,"")
A20: FRM | B20: =SUMIF('Daily Tracker'!$B$3:$B$14,$A20,'Daily Tracker'!$D$3:$D$14) -> 0 | C20: =IFERROR(SUMPRODUCT(INDEX($B$25:$BI$28,MATCH($A20,$A$25:$A$28,0),0),$B$30:$BI$30)/SUM($B$30:$BI$30),"") -> 2.9666667 | D20: =C20-B20 -> 2.9666667 | E20: =IFERROR(C20/B20,"")
A21: Total | B21: =SUM(B17:B20) -> 115 | C21: =SUM(C17:C20) -> 96.433333 | D21: =C21-B21 -> -18.566667 | E21: =IFERROR(C21/B21,"") -> 0.83855072
A23: Helper — daily MP by plant (source: Daily Tracker E:BL)
A24: Date | B24: ='Daily Tracker'!E$2 -> 46174 | C24: ='Daily Tracker'!F$2 -> 46175 | D24: ='Daily Tracker'!G$2 -> 46176 | E24: ='Daily Tracker'!H$2 -> 46177 | F24: ='Daily Tracker'!I$2 -> 46178 | G24: ='Daily Tracker'!J$2 -> 46179 | H24: ='Daily Tracker'!K$2 -> 46180 | I24: ='Daily Tracker'!L$2 -> 46181 | ... BI24: ='Daily Tracker'!BL$2 -> 46233
A25: C6 | B25: =SUMIF('Daily Tracker'!$B$3:$B$14,$A25,'Daily Tracker'!E$3:E$14) -> 29 | C25: =SUMIF('Daily Tracker'!$B$3:$B$14,$A25,'Daily Tracker'!F$3:F$14) -> 24 | D25: =SUMIF('Daily Tracker'!$B$3:$B$14,$A25,'Daily Tracker'!G$3:G$14) -> 38 | E25: =SUMIF('Daily Tracker'!$B$3:$B$14,$A25,'Daily Tracker'!H$3:H$14) -> 40 | F25: =SUMIF('Daily Tracker'!$B$3:$B$14,$A25,'Daily Tracker'!I$3:I$14) -> 32 | G25: =SUMIF('Daily Tracker'!$B$3:$B$14,$A25,'Daily Tracker'!J$3:J$14) -> 40 | H25: =SUMIF('Daily Tracker'!$B$3:$B$14,$A25,'Daily Tracker'!K$3:K$14) -> 0 | I25: =SUMIF('Daily Tracker'!$B$3:$B$14,$A25,'Daily Tracker'!L$3:L$14) -> 32 | ... BI25: =SUMIF('Daily Tracker'!$B$3:$B$14,$A25,'Daily Tracker'!BL$3:BL$14) -> 44
A26: C39 | B26: =SUMIF('Daily Tracker'!$B$3:$B$14,$A26,'Daily Tracker'!E$3:E$14) -> 65 | C26: =SUMIF('Daily Tracker'!$B$3:$B$14,$A26,'Daily Tracker'!F$3:F$14) -> 72 | D26: =SUMIF('Daily Tracker'!$B$3:$B$14,$A26,'Daily Tracker'!G$3:G$14) -> 64 | E26: =SUMIF('Daily Tracker'!$B$3:$B$14,$A26,'Daily Tracker'!H$3:H$14) -> 70 | F26: =SUMIF('Daily Tracker'!$B$3:$B$14,$A26,'Daily Tracker'!I$3:I$14) -> 63 | G26: =SUMIF('Daily Tracker'!$B$3:$B$14,$A26,'Daily Tracker'!J$3:J$14) -> 63 | H26: =SUMIF('Daily Tracker'!$B$3:$B$14,$A26,'Daily Tracker'!K$3:K$14) -> 0 | I26: =SUMIF('Daily Tracker'!$B$3:$B$14,$A26,'Daily Tracker'!L$3:L$14) -> 67 | ... BI26: =SUMIF('Daily Tracker'!$B$3:$B$14,$A26,'Daily Tracker'!BL$3:BL$14) -> 64
A27: Common | B27: =SUMIF('Daily Tracker'!$B$3:$B$14,$A27,'Daily Tracker'!E$3:E$14) -> 0 | C27: =SUMIF('Daily Tracker'!$B$3:$B$14,$A27,'Daily Tracker'!F$3:F$14) -> 0 | D27: =SUMIF('Daily Tracker'!$B$3:$B$14,$A27,'Daily Tracker'!G$3:G$14) -> 0 | E27: =SUMIF('Daily Tracker'!$B$3:$B$14,$A27,'Daily Tracker'!H$3:H$14) -> 0 | F27: =SUMIF('Daily Tracker'!$B$3:$B$14,$A27,'Daily Tracker'!I$3:I$14) -> 0 | G27: =SUMIF('Daily Tracker'!$B$3:$B$14,$A27,'Daily Tracker'!J$3:J$14) -> 0 | H27: =SUMIF('Daily Tracker'!$B$3:$B$14,$A27,'Daily Tracker'!K$3:K$14) -> 0 | I27: =SUMIF('Daily Tracker'!$B$3:$B$14,$A27,'Daily Tracker'!L$3:L$14) -> 0 | ... BI27: =SUMIF('Daily Tracker'!$B$3:$B$14,$A27,'Daily Tracker'!BL$3:BL$14) -> 0
A28: FRM | B28: =SUMIF('Daily Tracker'!$B$3:$B$14,$A28,'Daily Tracker'!E$3:E$14) -> 0 | C28: =SUMIF('Daily Tracker'!$B$3:$B$14,$A28,'Daily Tracker'!F$3:F$14) -> 0 | D28: =SUMIF('Daily Tracker'!$B$3:$B$14,$A28,'Daily Tracker'!G$3:G$14) -> 0 | E28: =SUMIF('Daily Tracker'!$B$3:$B$14,$A28,'Daily Tracker'!H$3:H$14) -> 0 | F28: =SUMIF('Daily Tracker'!$B$3:$B$14,$A28,'Daily Tracker'!I$3:I$14) -> 0 | G28: =SUMIF('Daily Tracker'!$B$3:$B$14,$A28,'Daily Tracker'!J$3:J$14) -> 0 | H28: =SUMIF('Daily Tracker'!$B$3:$B$14,$A28,'Daily Tracker'!K$3:K$14) -> 0 | I28: =SUMIF('Daily Tracker'!$B$3:$B$14,$A28,'Daily Tracker'!L$3:L$14) -> 0 | ... BI28: =SUMIF('Daily Tracker'!$B$3:$B$14,$A28,'Daily Tracker'!BL$3:BL$14) -> 5
A29: Day Total (all sections) | B29: ='Daily Tracker'!E$33 -> 191 | C29: ='Daily Tracker'!F$33 -> 204 | D29: ='Daily Tracker'!G$33 -> 210 | E29: ='Daily Tracker'!H$33 -> 217 | F29: ='Daily Tracker'!I$33 -> 200 | G29: ='Daily Tracker'!J$33 -> 203 | H29: ='Daily Tracker'!K$33 -> 0 | I29: ='Daily Tracker'!L$33 -> 191 | ... BI29: ='Daily Tracker'!BL$33 -> 209
A30: Include in month? | B30: =IF(AND(B$29>0,TEXT(B$24,"yyyy-mm")=TEXT($B$13,"yyyy-mm")),1,0) -> 0 | C30: =IF(AND(C$29>0,TEXT(C$24,"yyyy-mm")=TEXT($B$13,"yyyy-mm")),1,0) -> 0 | D30: =IF(AND(D$29>0,TEXT(D$24,"yyyy-mm")=TEXT($B$13,"yyyy-mm")),1,0) -> 0 | E30: =IF(AND(E$29>0,TEXT(E$24,"yyyy-mm")=TEXT($B$13,"yyyy-mm")),1,0) -> 0 | F30: =IF(AND(F$29>0,TEXT(F$24,"yyyy-mm")=TEXT($B$13,"yyyy-mm")),1,0) -> 0 | G30: =IF(AND(G$29>0,TEXT(G$24,"yyyy-mm")=TEXT($B$13,"yyyy-mm")),1,0) -> 0 | H30: =IF(AND(H$29>0,TEXT(H$24,"yyyy-mm")=TEXT($B$13,"yyyy-mm")),1,0) -> 0 | I30: =IF(AND(I$29>0,TEXT(I$24,"yyyy-mm")=TEXT($B$13,"yyyy-mm")),1,0) -> 0 | ... BI30: =IF(AND(BI$29>0,TEXT(BI$24,"yyyy-mm")=TEXT($B$13,"yyyy-mm")),1,0) -> 1

Sheet Leaders
A1: Name | B1: Designation | C1: Section | D1: Monday | E1: Tuesday | F1: Wednesday | G1: Thursday | H1: Friday | I1: Saturday | J1: Sunday
A2: Aniket Sutar | B2: Supervisors | C2: C39 | D2: 09:00-17:30 | E2: 09:00-17:30 | F2: 09:00-17:30 | G2: 09:00-17:30 | H2: 09:00-17:30 | I2: 09:00-17:30 | J2: Off
A3: Ganesh Dongare | B3: Supervisors | C3: C39 | D3: 09:00-17:30 | E3: 09:00-17:30 | F3: 09:00-17:30 | G3: 09:00-17:30 | H3: 09:00-17:30 | I3: 09:00-17:30 | J3: Off
A4: Dhananjay Ranmode | B4: Supervisors | C4: C39 | D4: 09:00-17:30 | E4: 09:00-17:30 | F4: 09:00-17:30 | G4: 09:00-17:30 | H4: 09:00-17:30 | I4: 09:00-17:30 | J4: Off
A5: Gourav Shelar | B5: Executive | C5: C39 | D5: 09:00-17:30 | E5: 09:00-17:30 | F5: 09:00-17:30 | G5: 09:00-17:30 | H5: 09:00-17:30 | I5: 09:00-17:30 | J5: Off
A6: Sushant | B6: Executive | C6: C39 | D6: 09:00-17:30 | E6: 09:00-17:30 | F6: 09:00-17:30 | G6: 09:00-17:30 | H6: 09:00-17:30 | I6: 09:00-17:30 | J6: Off
A7: Pratik Devkar | B7: Supervisors | C7: C6 | D7: 09:00-17:30 | E7: 09:00-17:30 | F7: 09:00-17:30 | G7: 09:00-17:30 | H7: 09:00-17:30 | I7: 09:00-17:30 | J7: Off
A8: Shriram Dhaigude | B8: Supervisors | C8: C6 | D8: 09:00-17:30 | E8: 09:00-17:30 | F8: 09:00-17:30 | G8: 09:00-17:30 | H8: 09:00-17:30 | I8: 09:00-17:30 | J8: Off
A9: Prashik | B9: MIS | C9: C6 | D9: 09:00-17:30 | E9: 09:00-17:30 | F9: 09:00-17:30 | G9: 09:00-17:30 | H9: 09:00-17:30 | I9: 09:00-17:30 | J9: Off
A10: Ganesh Katkar | B10: Executive | C10: C6 | D10: 09:00-17:30 | E10: 09:00-17:30 | F10: 09:00-17:30 | G10: 09:00-17:30 | H10: 09:00-17:30 | I10: 09:00-17:30 | J10: Off
A11: Payal | B11: Supervisors | C11: Dairy | D11: 09:00-17:30 | E11: 09:00-17:30 | F11: 09:00-17:30 | G11: 09:00-17:30 | H11: 09:00-17:30 | I11: 09:00-17:30 | J11: Off
A12: Sambhav | B12: Supervisors | C12: Dairy | D12: 09:00-17:30 | E12: 09:00-17:30 | F12: 09:00-17:30 | G12: 09:00-17:30 | H12: 09:00-17:30 | I12: 09:00-17:30 | J12: Off
... A22: Asim Bagwan | B22: AM | C22: Miller | D22: 09:00-17:30 | E22: 09:00-17:30 | F22: 09:00-17:30 | G22: 09:00-17:30 | H22: 09:00-17:30 | I22: 09:00-17:30 | J22: Off

Sheet Chart
A1: Date | B1: Standard MP | C1: Present MP | D1: OT in Hours | E1: Absent | T1: Section | U1: Standard MP | V1: Present MP | W1: Absent MP | Y1: Section | Z1: Planned | AA1: Avg Present | AB1: Avg Absent | AC1: Approved Leave
A2: ='Daily Tracker'!E2 -> 46174 | B2: ='Daily Tracker'!$D$33 -> 266 | C2: =IFERROR(IF('Daily Tracker'!E33=0,NA(),'Daily Tracker'!E33),) -> 191 | D2: =IF('Daily Tracker'!E37=0,NA(),'Daily Tracker'!E37) -> 8 | E2: =B2-C2 -> 75 | T2: C6 - Oil | U2: 14 | V2: {=_xlfn.CHOOSECOLS('Daily Tracker'!CS3:FA13,_xlfn.XMATCH(TODAY()+1,'Daily Tracker'!CS2:FA2,0))} -> 0 | W2: =U2-V2 -> 14 | Y2: ='Daily Tracker'!C3 -> C6 - Oil | Z2: ='Daily Tracker'!$D3 -> 14 | AA2: =AVERAGEIFS('Daily Tracker'!$E3:$BL3,'Daily Tracker'!$E$33:$BL$33,">0") -> 12.759259 | AB2: =Z2-AA2 -> 1.2407407
A3: ='Daily Tracker'!F2 -> 46175 | B3: ='Daily Tracker'!$D$33 -> 266 | C3: =IF('Daily Tracker'!F33=0,NA(),'Daily Tracker'!F33) -> 204 | D3: =IF('Daily Tracker'!F37=0,NA(),'Daily Tracker'!F37) -> 28 | E3: =B3-C3 -> 62 | T3: C6 - Ghee | U3: 24 | V3: 0 | W3: =U3-V3 -> 24 | Y3: ='Daily Tracker'!C4 -> C6 - Ghee | Z3: ='Daily Tracker'!$D4 -> 24 | AA3: =AVERAGEIFS('Daily Tracker'!$E4:$BL4,'Daily Tracker'!$E$33:$BL$33,">0") -> 33.355932 | AB3: =Z3-AA3 -> -9.3559322
A4: ='Daily Tracker'!G2 -> 46176 | B4: ='Daily Tracker'!$D$33 -> 266 | C4: =IF('Daily Tracker'!G33=0,NA(),'Daily Tracker'!G33) -> 210 | D4: =IF('Daily Tracker'!G37=0,NA(),'Daily Tracker'!G37) -> 12 | E4: =B4-C4 -> 56 | T4: C39 - MG batch Making | U4: 7 | V4: 0 | W4: =U4-V4 -> 7 | Y4: ='Daily Tracker'!C5 -> C39 - MG batch Making | Z4: ='Daily Tracker'!$D5 -> 7 | AA4: =AVERAGEIFS('Daily Tracker'!$E5:$BL5,'Daily Tracker'!$E$33:$BL$33,">0") -> 9.0566038 | AB4: =Z4-AA4 -> -2.0566038
A5: ='Daily Tracker'!H2 -> 46177 | B5: ='Daily Tracker'!$D$33 -> 266 | C5: =IF('Daily Tracker'!H33=0,NA(),'Daily Tracker'!H33) -> 217 | D5: =IF('Daily Tracker'!H37=0,NA(),'Daily Tracker'!H37) -> 32 | E5: =B5-C5 -> 49 | T5: Supply/ Dispatch | U5: 11 | V5: 0 | W5: =U5-V5 -> 11 | Y5: ='Daily Tracker'!C6 -> Supply/ Dispatch (Common) | Z5: ='Daily Tracker'!$D6 -> 11 | AA5: =AVERAGEIFS('Daily Tracker'!$E6:$BL6,'Daily Tracker'!$E$33:$BL$33,">0") -> 11.055556 | AB5: =Z5-AA5 -> -0.055555556
A6: ='Daily Tracker'!I2 -> 46178 | B6: ='Daily Tracker'!$D$33 -> 266 | C6: =IF('Daily Tracker'!I33=0,NA(),'Daily Tracker'!I33) -> 200 | D6: =IF('Daily Tracker'!I37=0,NA(),'Daily Tracker'!I37) -> 23.5 | E6: =B6-C6 -> 66 | T6: Printer | U6: 6 | V6: 0 | W6: =U6-V6 -> 6 | Y6: ='Daily Tracker'!C7 -> Printer (Common) | Z6: ='Daily Tracker'!$D7 -> 6 | AA6: =AVERAGEIFS('Daily Tracker'!$E7:$BL7,'Daily Tracker'!$E$33:$BL$33,">0") -> 6.1886792 | AB6: =Z6-AA6 -> -0.18867925
A7: ='Daily Tracker'!J2 -> 46179 | B7: ='Daily Tracker'!$D$33 -> 266 | C7: =IF('Daily Tracker'!J33=0,NA(),'Daily Tracker'!J33) -> 203 | D7: =IF('Daily Tracker'!J37=0,NA(),'Daily Tracker'!J37) -> 18 | E7: =B7-C7 -> 63 | T7: C6 Row Agri (millet) | U7: 16 | V7: 0 | W7: =U7-V7 -> 16 | Y7: ='Daily Tracker'!C8 -> C6 - Raw Agri (Millets) | Z7: ='Daily Tracker'!$D8 -> 16 | AA7: =AVERAGEIFS('Daily Tracker'!$E8:$BL8,'Daily Tracker'!$E$33:$BL$33,">0") -> 13.283019 | AB7: =Z7-AA7 -> 2.7169811
A8: ='Daily Tracker'!K2 -> 46180 | B8: ='Daily Tracker'!$D$33 -> 266 | C8: =IFERROR(IF('Daily Tracker'!K33=0,NA(),'Daily Tracker'!K33),0) -> 0 | D8: =IFERROR(IF('Daily Tracker'!K37=0,NA(),'Daily Tracker'!K37),0) -> 0 | E8: =B8-C8 -> 266 | T8: C39 - Honey / all Spices | U8: 22 | V8: 0 | W8: =U8-V8 -> 22 | Y8: ='Daily Tracker'!C9 -> C39 - Honey / all Spices | Z8: ='Daily Tracker'!$D9 -> 22 | AA8: =AVERAGEIFS('Daily Tracker'!$E9:$BL9,'Daily Tracker'!$E$33:$BL$33,">0") -> 12.433962 | AB8: =Z8-AA8 -> 9.5660377
A9: ='Daily Tracker'!L2 -> 46181 | B9: ='Daily Tracker'!$D$33 -> 266 | C9: =IF('Daily Tracker'!L33=0,NA(),'Daily Tracker'!L33) -> 191 | D9: =IF('Daily Tracker'!L37=0,NA(),'Daily Tracker'!L37) -> 20 | E9: =B9-C9 -> 75 | T9: C39 - Jaggery | U9: 9 | V9: 0 | W9: =U9-V9 -> 9 | Y9: ='Daily Tracker'!C10 -> C39 - Jaggery | Z9: ='Daily Tracker'!$D10 -> 9 | AA9: =AVERAGEIFS('Daily Tracker'!$E10:$BL10,'Daily Tracker'!$E$33:$BL$33,">0") -> 13.396226 | AB9: =Z9-AA9 -> -4.3962264
A10: ='Daily Tracker'!M2 -> 46182 | B10: ='Daily Tracker'!$D$33 -> 266 | C10: =IF('Daily Tracker'!M33=0,NA(),'Daily Tracker'!M33) -> 202 | D10: =IF('Daily Tracker'!M37=0,NA(),'Daily Tracker'!M37) -> 20 | E10: =B10-C10 -> 64 | T10: C39 - Atta | U10: 22 | V10: 0 | W10: =U10-V10 -> 22 | Y10: ='Daily Tracker'!C11 -> C39 - Atta | Z10: ='Daily Tracker'!$D11 -> 22 | AA10: =AVERAGEIFS('Daily Tracker'!$E11:$BL11,'Daily Tracker'!$E$33:$BL$33,">0") -> 24.464286 | AB10: =Z10-AA10 -> -2.4642857
A11: ='Daily Tracker'!N2 -> 46183 | B11: ='Daily Tracker'!$D$33 -> 266 | C11: =IF('Daily Tracker'!N33=0,NA(),'Daily Tracker'!N33) -> 207 | D11: =IF('Daily Tracker'!N37=0,NA(),'Daily Tracker'!N37) -> 36 | E11: =B11-C11 -> 59 | T11: C6 - Atta - 1 | U11: 14 | V11: 0 | W11: =U11-V11 -> 14 | Y11: ='Daily Tracker'!C12 -> C6 - Atta - 1 | Z11: ='Daily Tracker'!$D12 -> 14 | AA11: =AVERAGEIFS('Daily Tracker'!$E12:$BL12,'Daily Tracker'!$E$33:$BL$33,">0") -> 10.074074 | AB11: =Z11-AA11 -> 3.9259259
A12: ='Daily Tracker'!O2 -> 46184 | B12: ='Daily Tracker'!$D$33 -> 266 | C12: =IF('Daily Tracker'!O33=0,NA(),'Daily Tracker'!O33) -> 206 | D12: =IF('Daily Tracker'!O37=0,NA(),'Daily Tracker'!O37) -> 48 | E12: =B12-C12 -> 60 | T12: C6 Atta - 2 | U12: 11 | V12: 0 | W12: =U12-V12 -> 11 | Y12: ='Daily Tracker'!C13 -> C6 Atta - 2 | Z12: ='Daily Tracker'!$D13 -> 11 | AA12: =AVERAGEIFS('Daily Tracker'!$E13:$BL13,'Daily Tracker'!$E$33:$BL$33,">0") -> 3.2641509 | AB12: =Z12-AA12 -> 7.7358491
A13: ='Daily Tracker'!P2 -> 46185 | B13: ='Daily Tracker'!$D$33 -> 266 | C13: =IF('Daily Tracker'!P33=0,NA(),'Daily Tracker'!P33) -> 197 | D13: =IF('Daily Tracker'!P37=0,NA(),'Daily Tracker'!P37) -> 38 | E13: =B13-C13 -> 69 | T13: Total Ghee B Shift MP | U13: 14 | V13: {=_xlfn.CHOOSECOLS('Daily Tracker'!CS15:FA18,_xlfn.XMATCH(TODAY()+1,'Daily Tracker'!CS2:FA2,0))} -> 0 | W13: =U13-V13 -> 14 | Y13: ='Daily Tracker'!C14 -> FRM - Khapal-Khapli | Z13: ='Daily Tracker'!$D14 -> 0 | AA13: =AVERAGEIFS('Daily Tracker'!$E14:$BL14,'Daily Tracker'!$E$33:$BL$33,">0") -> 4.2380952 | AB13: =Z13-AA13 -> -4.2380952
A14: ='Daily Tracker'!Q2 -> 46186 | B14: ='Daily Tracker'!$D$33 -> 266 | C14: =IF('Daily Tracker'!Q33=0,NA(),'Daily Tracker'!Q33) -> 189 | D14: =IF('Daily Tracker'!Q37=0,NA(),'Daily Tracker'!Q37) -> 53.5 | E14: =B14-C14 -> 77 | T14: Total Ghee Night MP | U14: 5 | V14: 0 | W14: =U14-V14 -> 5 | Y14: ='Daily Tracker'!C20 -> Supervisors + Executive+AM +HR | Z14: ='Daily Tracker'!$D20 -> 21 | AA14: =AVERAGEIFS('Daily Tracker'!$E20:$BL20,'Daily Tracker'!$E$33:$BL$33,">0") -> 16.051724 | AB14: =Z14-AA14 -> 4.9482759
A15: ='Daily Tracker'!R2 -> 46187 | B15: ='Daily Tracker'!$D$33 -> 266 | C15: =IF('Daily Tracker'!R33=0,NA(),'Daily Tracker'!R33) -> 27 | D15: =IF('Daily Tracker'!R37=0,NA(),'Daily Tracker'!R37) -> 23 | E15: =B15-C15 -> 239 | T15: Total C6 Night MP | U15: 7 | V15: 0 | W15: =U15-V15 -> 7 | Y15: ='Daily Tracker'!C21 -> C39-HK | Z15: ='Daily Tracker'!$D21 -> 5 | AA15: =AVERAGEIFS('Daily Tracker'!$E21:$BL21,'Daily Tracker'!$E$33:$BL$33,">0") -> 4.2280702 | AB15: =Z15-AA15 -> 0.77192982
A16: ='Daily Tracker'!S2 -> 46188 | B16: ='Daily Tracker'!$D$33 -> 266 | C16: =IF('Daily Tracker'!S33=0,NA(),'Daily Tracker'!S33) -> 202 | D16: =IF('Daily Tracker'!S37=0,NA(),'Daily Tracker'!S37) -> 67.5 | E16: =B16-C16 -> 64 | T16: Total C39 Night MP | U16: 21 | V16: 0 | W16: =U16-V16 -> 21 | Y16: ='Daily Tracker'!C22 -> C6-HK | Z16: ='Daily Tracker'!$D22 -> 9 | AA16: =AVERAGEIFS('Daily Tracker'!$E22:$BL22,'Daily Tracker'!$E$33:$BL$33,">0") -> 7.9090909 | AB16: =Z16-AA16 -> 1.0909091
A17: ='Daily Tracker'!T2 -> 46189 | B17: ='Daily Tracker'!$D$33 -> 266 | C17: =IF('Daily Tracker'!T33=0,NA(),'Daily Tracker'!T33) -> 191 | D17: =IF('Daily Tracker'!T37=0,NA(),'Daily Tracker'!T37) -> 52 | E17: =B17-C17 -> 75 | T17: Production Sub Total | U17: =SUM(U2:U16) -> 203 | V17: =SUM(V2:V16) -> 0 | W17: =U17-V17 -> 203 | Y17: ='Daily Tracker'!C23 -> Maintenance-C6&C39 | Z17: ='Daily Tracker'!$D23 -> 6 | AA17: =AVERAGEIFS('Daily Tracker'!$E23:$BL23,'Daily Tracker'!$E$33:$BL$33,">0") -> 4.5172414 | AB17: =Z17-AA17 -> 1.4827586
A18: ='Daily Tracker'!U2 -> 46190 | B18: ='Daily Tracker'!$D$33 -> 266 | C18: =IF('Daily Tracker'!U33=0,NA(),'Daily Tracker'!U33) -> 212 | D18: =IF('Daily Tracker'!U37=0,NA(),'Daily Tracker'!U37) -> 30 | E18: =B18-C18 -> 54 | Y18: ='Daily Tracker'!C24 -> Admin | Z18: ='Daily Tracker'!$D24 -> 4 | AA18: =AVERAGEIFS('Daily Tracker'!$E24:$BL24,'Daily Tracker'!$E$33:$BL$33,">0") -> 2.9259259 | AB18: =Z18-AA18 -> 1.0740741
A19: ='Daily Tracker'!V2 -> 46191 | B19: ='Daily Tracker'!$D$33 -> 266 | C19: =IF('Daily Tracker'!V33=0,NA(),'Daily Tracker'!V33) -> 203 | D19: =IF('Daily Tracker'!V37=0,NA(),'Daily Tracker'!V37) -> 57 | E19: =B19-C19 -> 63 | T19: Total Present MP : | U19: =V17 -> 0 | Y19: ='Daily Tracker'!C25 -> Lab | Z19: ='Daily Tracker'!$D25 -> 1 | AA19: =AVERAGEIFS('Daily Tracker'!$E25:$BL25,'Daily Tracker'!$E$33:$BL$33,">0") -> 0.96296296 | AB19: =Z19-AA19 -> 0.037037037
A20: ='Daily Tracker'!W2 -> 46192 | B20: ='Daily Tracker'!$D$33 -> 266 | C20: =IF('Daily Tracker'!W33=0,NA(),'Daily Tracker'!W33) -> 219 | D20: =IF('Daily Tracker'!W37=0,NA(),'Daily Tracker'!W37) -> 67.5 | E20: =B20-C20 -> 47 | T20: Total Absent MP : | U20: =W17 -> 203 | Y20: ='Daily Tracker'!C26 -> Project | Z20: ='Daily Tracker'!$D26 -> 2 | AA20: =AVERAGEIFS('Daily Tracker'!$E26:$BL26,'Daily Tracker'!$E$33:$BL$33,">0") -> 1.6037736 | AB20: =Z20-AA20 -> 0.39622642
A21: ='Daily Tracker'!X2 -> 46193 | B21: ='Daily Tracker'!$D$33 -> 266 | C21: =IF('Daily Tracker'!X33=0,NA(),'Daily Tracker'!X33) -> 188 | D21: =IF('Daily Tracker'!X37=0,NA(),'Daily Tracker'!X37) -> #N/A | E21: =B21-C21 -> 78 | T21: Total Approved Leave MP : | U21: {=INDEX('Daily Tracker'!CS36:FA36,1,_xlfn.XMATCH(TODAY()+1,'Daily Tracker'!CS2:FA2,0))} -> 0 | Y21: ='Daily Tracker'!C27 -> Accounts | Z21: ='Daily Tracker'!$D27 -> 2 | AA21: =AVERAGEIFS('Daily Tracker'!$E27:$BL27,'Daily Tracker'!$E$33:$BL$33,">0") -> 1.6037736 | AB21: =Z21-AA21 -> 0.39622642
A22: ='Daily Tracker'!Y2 -> 46194 | B22: ='Daily Tracker'!$D$33 -> 266 | C22: =IF('Daily Tracker'!Y33=0,NA(),'Daily Tracker'!Y33) -> 39 | D22: =IF('Daily Tracker'!Y37=0,NA(),'Daily Tracker'!Y37) -> 22.5 | E22: =B22-C22 -> 227 | T22: Total OT Ghee : | U22: {=INDEX('Daily Tracker'!CS39:FA39,1,_xlfn.XMATCH(TODAY()+1,'Daily Tracker'!CS2:FA2,0))} -> 0 | Y22: ='Daily Tracker'!C28 -> IT | Z22: ='Daily Tracker'!$D28 -> 2 | AA22: =AVERAGEIFS('Daily Tracker'!$E28:$BL28,'Daily Tracker'!$E$33:$BL$33,">0") -> 1.3396226 | AB22: =Z22-AA22 -> 0.66037736
A23: ='Daily Tracker'!Z2 -> 46195 | B23: ='Daily Tracker'!$D$33 -> 266 | C23: =IF('Daily Tracker'!Z33=0,NA(),'Daily Tracker'!Z33) -> 196 | D23: =IF('Daily Tracker'!Z37=0,NA(),'Daily Tracker'!Z37) -> 54 | E23: =B23-C23 -> 70 | T23: Total OT C6 : | U23: {=INDEX('Daily Tracker'!CS40:FA40,1,_xlfn.XMATCH(TODAY()+1,'Daily Tracker'!CS2:FA2,0))} -> 0 | Y23: ='Daily Tracker'!C29 -> QA | Z23: ='Daily Tracker'!$D29 -> 9 | AA23: =AVERAGEIFS('Daily Tracker'!$E29:$BL29,'Daily Tracker'!$E$33:$BL$33,">0") -> 6.2777778 | AB23: =Z23-AA23 -> 2.7222222
A24: ='Daily Tracker'!AA2 -> 46196 | B24: ='Daily Tracker'!$D$33 -> 266 | C24: =IF('Daily Tracker'!AA33=0,NA(),'Daily Tracker'!AA33) -> 198 | D24: =IF('Daily Tracker'!AA37=0,NA(),'Daily Tracker'!AA37) -> 55 | E24: =B24-C24 -> 68 | T24: Total OT C39 : | U24: {=INDEX('Daily Tracker'!CS41:FA41,1,_xlfn.XMATCH(TODAY()+1,'Daily Tracker'!CS2:FA2,0))} -> 0 | Y24: ='Daily Tracker'!C30 -> FRM | Z24: ='Daily Tracker'!$D30 -> 2 | AA24: =AVERAGEIFS('Daily Tracker'!$E30:$BL30,'Daily Tracker'!$E$33:$BL$33,">0") -> 0.64150943 | AB24: =Z24-AA24 -> 1.3584906
A25: ='Daily Tracker'!AB2 -> 46197 | B25: ='Daily Tracker'!$D$33 -> 266 | C25: =IF('Daily Tracker'!AB33=0,NA(),'Daily Tracker'!AB33) -> 204 | D25: =IF('Daily Tracker'!AB37=0,NA(),'Daily Tracker'!AB37) -> 59 | E25: =B25-C25 -> 62 | T25: Total OT Maintenance : | U25: {=INDEX('Daily Tracker'!CS42:FA42,1,_xlfn.XMATCH(TODAY()+1,'Daily Tracker'!CS2:FA2,0))} -> 0 | Y25: Overall Average | Z25: ='Daily Tracker'!$D$33 -> 266 | AA25: =AVERAGEIFS('Daily Tracker'!$E$33:$BL$33,'Daily Tracker'!$E$33:$BL$33,">0") -> 186.50847 | AB25: =Z25-AA25 -> 79.491525 | AC25: =AVERAGEIFS('Daily Tracker'!$E$36:$BL$36,'Daily Tracker'!$E$33:$BL$33,">0") -> 2.9090909
A26: ='Daily Tracker'!AC2 -> 46198 | B26: ='Daily Tracker'!$D$33 -> 266 | C26: =IF('Daily Tracker'!AC33=0,NA(),'Daily Tracker'!AC33) -> 205 | D26: =IF('Daily Tracker'!AC37=0,NA(),'Daily Tracker'!AC37) -> 51.5 | E26: =B26-C26 -> 61 | T26: Total B Shift MP Ghee : | U26: {=INDEX('Daily Tracker'!CS15:FA15,1,_xlfn.XMATCH(TODAY()+1,'Daily Tracker'!CS2:FA2,0))} -> 0
A27: ='Daily Tracker'!AD2 -> 46199 | B27: ='Daily Tracker'!$D$33 -> 266 | C27: =IF('Daily Tracker'!AD33=0,NA(),'Daily Tracker'!AD33) -> 189 | D27: =IF('Daily Tracker'!AD37=0,NA(),'Daily Tracker'!AD37) -> 49 | E27: =B27-C27 -> 77 | T27: Total Night MP Ghee : | U27: {=INDEX('Daily Tracker'!CS16:FA16,1,_xlfn.XMATCH(TODAY()+1,'Daily Tracker'!CS2:FA2,0))} -> 0
A28: ='Daily Tracker'!AE2 -> 46200 | B28: ='Daily Tracker'!$D$33 -> 266 | C28: =IF('Daily Tracker'!AE33=0,NA(),'Daily Tracker'!AE33) -> 184 | D28: =IF('Daily Tracker'!AE37=0,NA(),'Daily Tracker'!AE37) -> 58 | E28: =B28-C28 -> 82 | T28: Total Night MP C6 : | U28: {=INDEX('Daily Tracker'!CS17:FA17,1,_xlfn.XMATCH(TODAY()+1,'Daily Tracker'!CS2:FA2,0))} -> 0
A29: ='Daily Tracker'!AF2 -> 46201 | B29: ='Daily Tracker'!$D$33 -> 266 | C29: =IF('Daily Tracker'!AF33=0,NA(),'Daily Tracker'!AF33) -> 159 | D29: =IF('Daily Tracker'!AF37=0,NA(),'Daily Tracker'!AF37) -> 23.5 | E29: =B29-C29 -> 107 | T29: Total Night MP C39 : | U29: {=INDEX('Daily Tracker'!CS18:FA18,1,_xlfn.XMATCH(TODAY()+1,'Daily Tracker'!CS2:FA2,0))} -> 0
A30: ='Daily Tracker'!AG2 -> 46202 | B30: ='Daily Tracker'!$D$33 -> 266 | C30: =IF('Daily Tracker'!AG33=0,NA(),'Daily Tracker'!AG33) -> 31 | D30: =IF('Daily Tracker'!AG37=0,NA(),'Daily Tracker'!AG37) -> 41.5 | E30: =B30-C30 -> 235 | T30: =T1 -> Section | U30: =U1 -> Standard MP | V30: =V1 -> Present MP | W30: =W1 -> Absent MP
A31: ='Daily Tracker'!AH2 -> 46203 | B31: ='Daily Tracker'!$D$33 -> 266 | C31: =IF('Daily Tracker'!AH33=0,NA(),'Daily Tracker'!AH33) -> 210 | D31: =IF('Daily Tracker'!AH37=0,NA(),'Daily Tracker'!AH37) -> 55.5 | E31: =B31-C31 -> 56 | T31: =T2 -> C6 - Oil | U31: =U2 -> 14 | V31: =V2 -> 0 | W31: =W2 -> 14
A32: ='Daily Tracker'!AI2 -> 46204 | B32: ='Daily Tracker'!$D$33 -> 266 | C32: =IF('Daily Tracker'!AI33=0,NA(),'Daily Tracker'!AI33) -> 217 | D32: =IF('Daily Tracker'!AI37=0,NA(),'Daily Tracker'!AI37) -> 64.5 | E32: =B32-C32 -> 49 | T32: =T3 -> C6 - Ghee | U32: =U3 -> 24 | V32: =V3 -> 0 | W32: =W3 -> 24
A33: ='Daily Tracker'!AJ2 -> 46205 | B33: ='Daily Tracker'!$D$33 -> 266 | C33: =IF('Daily Tracker'!AJ33=0,NA(),'Daily Tracker'!AJ33) -> 215 | D33: =IF('Daily Tracker'!AJ37=0,NA(),'Daily Tracker'!AJ37) -> 64 | E33: =B33-C33 -> 51 | T33: =T4 -> C39 - MG batch Making | U33: =U4 -> 7 | V33: =V4 -> 0 | W33: =W4 -> 7
A34: ='Daily Tracker'!AK2 -> 46206 | B34: ='Daily Tracker'!$D$33 -> 266 | C34: =IF('Daily Tracker'!AK33=0,NA(),'Daily Tracker'!AK33) -> 223 | D34: =IF('Daily Tracker'!AK37=0,NA(),'Daily Tracker'!AK37) -> 59 | E34: =B34-C34 -> 43 | T34: =T5 -> Supply/ Dispatch | U34: =U5 -> 11 | V34: =V5 -> 0 | W34: =W5 -> 11
A35: ='Daily Tracker'!AL2 -> 46207 | B35: ='Daily Tracker'!$D$33 -> 266 | C35: =IF('Daily Tracker'!AL33=0,NA(),'Daily Tracker'!AL33) -> 220 | D35: =IF('Daily Tracker'!AL37=0,NA(),'Daily Tracker'!AL37) -> 54 | E35: =B35-C35 -> 46 | T35: =T6 -> Printer | U35: =U6 -> 6 | V35: =V6 -> 0 | W35: =W6 -> 6
A36: ='Daily Tracker'!AM2 -> 46208 | B36: ='Daily Tracker'!$D$33 -> 266 | C36: =IF('Daily Tracker'!AM33=0,NA(),'Daily Tracker'!AM33) -> 39 | D36: =IF('Daily Tracker'!AM37=0,NA(),'Daily Tracker'!AM37) -> 22.5 | E36: =B36-C36 -> 227 | T36: =T7 -> C6 Row Agri (millet) | U36: =U7 -> 16 | V36: =V7 -> 0 | W36: =W7 -> 16
A37: ='Daily Tracker'!AN2 -> 46209 | B37: ='Daily Tracker'!$D$33 -> 266 | C37: =IF('Daily Tracker'!AN33=0,NA(),'Daily Tracker'!AN33) -> 198 | D37: =IF('Daily Tracker'!AN37=0,NA(),'Daily Tracker'!AN37) -> 47 | E37: =B37-C37 -> 68 | T37: =T8 -> C39 - Honey / all Spices | U37: =U8 -> 22 | V37: =V8 -> 0 | W37: =W8 -> 22
A38: ='Daily Tracker'!AO2 -> 46210 | B38: ='Daily Tracker'!$D$33 -> 266 | C38: =IF('Daily Tracker'!AO33=0,NA(),'Daily Tracker'!AO33) -> 208 | D38: =IF('Daily Tracker'!AO37=0,NA(),'Daily Tracker'!AO37) -> 51 | E38: =B38-C38 -> 58 | T38: =T9 -> C39 - Jaggery | U38: =U9 -> 9 | V38: =V9 -> 0 | W38: =W9 -> 9
A39: ='Daily Tracker'!AP2 -> 46211 | B39: ='Daily Tracker'!$D$33 -> 266 | C39: =IF('Daily Tracker'!AP33=0,NA(),'Daily Tracker'!AP33) -> 209 | D39: =IF('Daily Tracker'!AP37=0,NA(),'Daily Tracker'!AP37) -> 82.5 | E39: =B39-C39 -> 57 | T39: =T10 -> C39 - Atta | U39: =U10 -> 22 | V39: =V10 -> 0 | W39: =W10 -> 22
A40: ='Daily Tracker'!AQ2 -> 46212 | B40: ='Daily Tracker'!$D$33 -> 266 | C40: =IF('Daily Tracker'!AQ33=0,NA(),'Daily Tracker'!AQ33) -> 216 | D40: =IF('Daily Tracker'!AQ37=0,NA(),'Daily Tracker'!AQ37) -> 60 | E40: =B40-C40 -> 50 | T40: =T11 -> C6 - Atta - 1 | U40: =U11 -> 14 | V40: =V11 -> 0 | W40: =W11 -> 14
A41: ='Daily Tracker'!AR2 -> 46213 | B41: ='Daily Tracker'!$D$33 -> 266 | C41: =IF('Daily Tracker'!AR33=0,NA(),'Daily Tracker'!AR33) -> 221 | D41: =IF('Daily Tracker'!AR37=0,NA(),'Daily Tracker'!AR37) -> 45.5 | E41: =B41-C41 -> 45 | T41: =T12 -> C6 Atta - 2 | U41: =U12 -> 11 | V41: =V12 -> 0 | W41: =W12 -> 11
A42: ='Daily Tracker'!AS2 -> 46214 | B42: ='Daily Tracker'!$D$33 -> 266 | C42: =IF('Daily Tracker'!AS33=0,NA(),'Daily Tracker'!AS33) -> 224 | D42: =IF('Daily Tracker'!AS37=0,NA(),'Daily Tracker'!AS37) -> 87 | E42: =B42-C42 -> 42 | T42: =T13 -> Total Ghee B Shift MP | U42: =U13 -> 14 | V42: =V13 -> 0 | W42: =W13 -> 14
A43: ='Daily Tracker'!AT2 -> 46215 | B43: ='Daily Tracker'!$D$33 -> 266 | C43: =IF('Daily Tracker'!AT33=0,NA(),'Daily Tracker'!AT33) -> 46 | D43: =IF('Daily Tracker'!AT37=0,NA(),'Daily Tracker'!AT37) -> 40 | E43: =B43-C43 -> 220 | T43: =T14 -> Total Ghee Night MP | U43: =U14 -> 5 | V43: =V14 -> 0 | W43: =W14 -> 5
A44: ='Daily Tracker'!AU2 -> 46216 | B44: ='Daily Tracker'!$D$33 -> 266 | C44: =IF('Daily Tracker'!AU33=0,NA(),'Daily Tracker'!AU33) -> 213 | D44: =IF('Daily Tracker'!AU37=0,NA(),'Daily Tracker'!AU37) -> 47.5 | E44: =B44-C44 -> 53 | T44: =T15 -> Total C6 Night MP | U44: =U15 -> 7 | V44: =V15 -> 0 | W44: =W15 -> 7
A45: ='Daily Tracker'!AV2 -> 46217 | B45: ='Daily Tracker'!$D$33 -> 266 | C45: =IF('Daily Tracker'!AV33=0,NA(),'Daily Tracker'!AV33) -> 218 | D45: =IF('Daily Tracker'!AV37=0,NA(),'Daily Tracker'!AV37) -> 117.5 | E45: =B45-C45 -> 48 | T45: =T16 -> Total C39 Night MP | U45: =U16 -> 21 | V45: =V16 -> 0 | W45: =W16 -> 21
A46: ='Daily Tracker'!AW2 -> 46218 | B46: ='Daily Tracker'!$D$33 -> 266 | C46: =IF('Daily Tracker'!AW33=0,NA(),'Daily Tracker'!AW33) -> 224 | D46: =IF('Daily Tracker'!AW37=0,NA(),'Daily Tracker'!AW37) -> 155 | E46: =B46-C46 -> 42 | T46: =T17 -> Production Sub Total | U46: =U17 -> 203 | V46: =V17 -> 0 | W46: =W17 -> 203
A47: ='Daily Tracker'!AX2 -> 46219 | B47: ='Daily Tracker'!$D$33 -> 266 | C47: =IF('Daily Tracker'!AX33=0,NA(),'Daily Tracker'!AX33) -> 225 | D47: =IF('Daily Tracker'!AX37=0,NA(),'Daily Tracker'!AX37) -> 150.5 | E47: =B47-C47 -> 41
A48: ='Daily Tracker'!AY2 -> 46220 | B48: ='Daily Tracker'!$D$33 -> 266 | C48: =IF('Daily Tracker'!AY33=0,NA(),'Daily Tracker'!AY33) -> 210 | D48: =IF('Daily Tracker'!AY37=0,NA(),'Daily Tracker'!AY37) -> 150 | E48: =B48-C48 -> 56
A49: ='Daily Tracker'!AZ2 -> 46221 | B49: ='Daily Tracker'!$D$33 -> 266 | C49: =IF('Daily Tracker'!AZ33=0,NA(),'Daily Tracker'!AZ33) -> 106 | D49: =IF('Daily Tracker'!AZ37=0,NA(),'Daily Tracker'!AZ37) -> 32 | E49: =B49-C49 -> 160
A50: ='Daily Tracker'!BA2 -> 46222 | B50: ='Daily Tracker'!$D$33 -> 266 | C50: =IF('Daily Tracker'!BA33=0,NA(),'Daily Tracker'!BA33) -> 96 | D50: =IF('Daily Tracker'!BA37=0,NA(),'Daily Tracker'!BA37) -> 136 | E50: =B50-C50 -> 170
A51: ='Daily Tracker'!BB2 -> 46223 | B51: ='Daily Tracker'!$D$33 -> 266 | C51: =IF('Daily Tracker'!BB33=0,NA(),'Daily Tracker'!BB33) -> 204 | D51: =IF('Daily Tracker'!BB37=0,NA(),'Daily Tracker'!BB37) -> #N/A | E51: =B51-C51 -> 62
A52: ='Daily Tracker'!BC2 -> 46224 | B52: ='Daily Tracker'!$D$33 -> 266 | C52: =IF('Daily Tracker'!BC33=0,NA(),'Daily Tracker'!BC33) -> 218 | D52: =IF('Daily Tracker'!BC37=0,NA(),'Daily Tracker'!BC37) -> 135.5 | E52: =B52-C52 -> 48
A53: ='Daily Tracker'!BD2 -> 46225 | B53: ='Daily Tracker'!$D$33 -> 266 | C53: =IF('Daily Tracker'!BD33=0,NA(),'Daily Tracker'!BD33) -> 226 | D53: =IF('Daily Tracker'!BD37=0,NA(),'Daily Tracker'!BD37) -> 187 | E53: =B53-C53 -> 40
A54: ='Daily Tracker'!BE2 -> 46226 | B54: ='Daily Tracker'!$D$33 -> 266 | C54: =IF('Daily Tracker'!BE33=0,NA(),'Daily Tracker'!BE33) -> 213 | D54: =IF('Daily Tracker'!BE37=0,NA(),'Daily Tracker'!BE37) -> 193 | E54: =B54-C54 -> 53
A55: ='Daily Tracker'!BF2 -> 46227 | B55: ='Daily Tracker'!$D$33 -> 266 | C55: =IF('Daily Tracker'!BF33=0,NA(),'Daily Tracker'!BF33) -> 228 | D55: =IF('Daily Tracker'!BF37=0,NA(),'Daily Tracker'!BF37) -> 157.5 | E55: =B55-C55 -> 38
A56: ='Daily Tracker'!BG2 -> 46228 | B56: ='Daily Tracker'!$D$33 -> 266 | C56: =IF('Daily Tracker'!BG33=0,NA(),'Daily Tracker'!BG33) -> 194 | D56: =IF('Daily Tracker'!BG37=0,NA(),'Daily Tracker'!BG37) -> 140 | E56: =B56-C56 -> 72
A57: ='Daily Tracker'!BH2 -> 46229 | B57: ='Daily Tracker'!$D$33 -> 266 | C57: =IF('Daily Tracker'!BH33=0,NA(),'Daily Tracker'!BH33) -> 68 | D57: =IF('Daily Tracker'!BH37=0,NA(),'Daily Tracker'!BH37) -> 87 | E57: =B57-C57 -> 198
A58: ='Daily Tracker'!BI2 -> 46230 | B58: ='Daily Tracker'!$D$33 -> 266 | C58: =IF('Daily Tracker'!BI33=0,NA(),'Daily Tracker'!BI33) -> 194 | D58: =IF('Daily Tracker'!BI37=0,NA(),'Daily Tracker'!BI37) -> 30 | E58: =B58-C58 -> 72
A59: ='Daily Tracker'!BJ2 -> 46231 | B59: ='Daily Tracker'!$D$33 -> 266 | C59: =IF('Daily Tracker'!BJ33=0,NA(),'Daily Tracker'!BJ33) -> 218 | D59: =IF('Daily Tracker'!BJ37=0,NA(),'Daily Tracker'!BJ37) -> 112 | E59: =B59-C59 -> 48
A60: ='Daily Tracker'!BK2 -> 46232 | B60: ='Daily Tracker'!$D$33 -> 266 | C60: =IF('Daily Tracker'!BK33=0,NA(),'Daily Tracker'!BK33) -> 230 | D60: =IF('Daily Tracker'!BK37=0,NA(),'Daily Tracker'!BK37) -> 142 | E60: =B60-C60 -> 36
A61: ='Daily Tracker'!BL2 -> 46233 | B61: ='Daily Tracker'!$D$33 -> 266 | C61: =IF('Daily Tracker'!BL33=0,NA(),'Daily Tracker'!BL33) -> 209 | D61: =IF('Daily Tracker'!BL37=0,NA(),'Daily Tracker'!BL37) -> 121 | E61: =B61-C61 -> 57
A62: ='Daily Tracker'!BM2 -> 46234 | B62: ='Daily Tracker'!$D$33 -> 266 | C62: =IF('Daily Tracker'!BM33=0,NA(),'Daily Tracker'!BM33) -> 226 | D62: =IF('Daily Tracker'!BM37=0,NA(),'Daily Tracker'!BM37) -> 125 | E62: =B62-C62 -> 40
A63: ='Daily Tracker'!BN2 -> 46235 | B63: 238 | C63: =IF('Daily Tracker'!BN33=0,NA(),'Daily Tracker'!BN33) -> 223 | D63: =IF('Daily Tracker'!BN37=0,NA(),'Daily Tracker'!BN37) -> 141 | E63: =B63-C63 -> 15
A64: ='Daily Tracker'!BO2 -> 46236 | B64: 238 | C64: =IF('Daily Tracker'!BO33=0,NA(),'Daily Tracker'!BO33) -> 52 | D64: =IF('Daily Tracker'!BO37=0,NA(),'Daily Tracker'!BO37) -> 144 | E64: =B64-C64 -> 186
A65: ='Daily Tracker'!BP2 -> 46237 | B65: 238 | C65: =IF('Daily Tracker'!BP33=0,NA(),'Daily Tracker'!BP33) -> 224 | D65: =IF('Daily Tracker'!BP37=0,NA(),'Daily Tracker'!BP37) -> 19.5 | E65: =B65-C65 -> 14
A66: ='Daily Tracker'!BQ2 -> 46238 | B66: 238 | C66: =IF('Daily Tracker'!BQ33=0,NA(),'Daily Tracker'!BQ33) -> 227 | D66: =IF('Daily Tracker'!BQ37=0,NA(),'Daily Tracker'!BQ37) -> 93.5 | E66: =B66-C66 -> 11
A67: ='Daily Tracker'!BR2 -> 46239 | B67: 238 | C67: =IF('Daily Tracker'!BR33=0,NA(),'Daily Tracker'!BR33) -> 241 | D67: =IF('Daily Tracker'!BR37=0,NA(),'Daily Tracker'!BR37) -> 124.5 | E67: =B67-C67 -> -3
A68: ='Daily Tracker'!BS2 -> 46240 | B68: 238 | C68: =IF('Daily Tracker'!BS33=0,NA(),'Daily Tracker'!BS33) -> 123 | D68: =IF('Daily Tracker'!BS37=0,NA(),'Daily Tracker'!BS37) -> 104 | E68: =B68-C68 -> 115
A69: ='Daily Tracker'!BT2 -> 46241 | B69: 238 | C69: =IF('Daily Tracker'!BT33=0,NA(),'Daily Tracker'!BT33) -> 225 | D69: =IF('Daily Tracker'!BT37=0,NA(),'Daily Tracker'!BT37) -> 86.5 | E69: =B69-C69 -> 13
A70: ='Daily Tracker'!BU2 -> 46242 | B70: 238 | C70: =IF('Daily Tracker'!BU33=0,NA(),'Daily Tracker'!BU33) -> 232 | D70: =IF('Daily Tracker'!BU37=0,NA(),'Daily Tracker'!BU37) -> 99.5 | E70: =B70-C70 -> 6
A71: ='Daily Tracker'!BV2 -> 46243 | B71: 238 | C71: =IF('Daily Tracker'!BV33=0,NA(),'Daily Tracker'!BV33) -> 156 | D71: =IF('Daily Tracker'!BV37=0,NA(),'Daily Tracker'!BV37) -> 84 | E71: =B71-C71 -> 82
A72: ='Daily Tracker'!BW2 -> 46244 | B72: 238 | C72: =IF('Daily Tracker'!BW33=0,NA(),'Daily Tracker'!BW33) -> 210 | D72: =IF('Daily Tracker'!BW37=0,NA(),'Daily Tracker'!BW37) -> 40 | E72: =B72-C72 -> 28 | F72: 180
A73: ='Daily Tracker'!BX2 -> 46245 | B73: 238 | C73: =IF('Daily Tracker'!BX33=0,NA(),'Daily Tracker'!BX33) -> 213 | D73: =IF('Daily Tracker'!BX37=0,NA(),'Daily Tracker'!BX37) -> 101.5 | E73: =B73-C73 -> 25 | F73: 180
A74: ='Daily Tracker'!BY2 -> 46246 | B74: 238 | C74: =IF('Daily Tracker'!BY33=0,NA(),'Daily Tracker'!BY33) -> 229 | D74: =IF('Daily Tracker'!BY37=0,NA(),'Daily Tracker'!BY37) -> 84 | E74: =B74-C74 -> 9 | F74: 180
A75: ='Daily Tracker'!BZ2 -> 46247 | B75: 238 | C75: 231 | D75: 131 | E75: =B75-C75 -> 7 | F75: 180
A76: ='Daily Tracker'!CA2 -> 46248 | B76: 238 | C76: =IF('Daily Tracker'!CA33=0,NA(),'Daily Tracker'!CA33) -> 241 | D76: =IF('Daily Tracker'!CA37=0,NA(),'Daily Tracker'!CA37) -> 38 | E76: =B76-C76 -> -3 | F76: 180
A77: ='Daily Tracker'!CB2 -> 46249 | B77: 238 | C77: =IF('Daily Tracker'!CB33=0,NA(),'Daily Tracker'!CB33) -> 13 | D77: =IF('Daily Tracker'!CB37=0,NA(),'Daily Tracker'!CB37) -> #N/A | E77: =B77-C77 -> 225 | F77: 180
A78: ='Daily Tracker'!CC2 -> 46250 | B78: 238 | C78: =IF('Daily Tracker'!CC33=0,NA(),'Daily Tracker'!CC33) -> 106 | D78: =IF('Daily Tracker'!CC37=0,NA(),'Daily Tracker'!CC37) -> #N/A | E78: =B78-C78 -> 132 | F78: 180
A79: ='Daily Tracker'!CD2 -> 46251 | B79: 238 | C79: =IF('Daily Tracker'!CD33=0,NA(),'Daily Tracker'!CD33) -> 169 | D79: =IF('Daily Tracker'!CD37=0,NA(),'Daily Tracker'!CD37) -> 84 | E79: =B79-C79 -> 69 | F79: 180
A80: ='Daily Tracker'!CE2 -> 46252 | B80: 238 | C80: =IF('Daily Tracker'!CE33=0,NA(),'Daily Tracker'!CE33) -> 249 | D80: =IF('Daily Tracker'!CE37=0,NA(),'Daily Tracker'!CE37) -> 143 | E80: =B80-C80 -> -11 | F80: 180
A81: ='Daily Tracker'!CF2 -> 46253 | B81: 238 | C81: =IF('Daily Tracker'!CF33=0,NA(),'Daily Tracker'!CF33) -> 245 | D81: =IF('Daily Tracker'!CF37=0,NA(),'Daily Tracker'!CF37) -> 83 | E81: =B81-C81 -> -7 | F81: 180
A82: ='Daily Tracker'!CG2 -> 46254 | B82: 238 | C82: =IF('Daily Tracker'!CG33=0,NA(),'Daily Tracker'!CG33) -> 228 | D82: =IF('Daily Tracker'!CG37=0,NA(),'Daily Tracker'!CG37) -> 56.5 | E82: =B82-C82 -> 10 | F82: 180
A83: ='Daily Tracker'!CH2 -> 46255 | B83: 238 | C83: =IF('Daily Tracker'!CH33=0,NA(),'Daily Tracker'!CH33) -> 229 | D83: =IF('Daily Tracker'!CH37=0,NA(),'Daily Tracker'!CH37) -> 42.5 | E83: =B83-C83 -> 9 | F83: 180
A84: ='Daily Tracker'!CI2 -> 46256 | B84: 238 | C84: =IF('Daily Tracker'!CI33=0,NA(),'Daily Tracker'!CI33) -> 233 | D84: =IF('Daily Tracker'!CI37=0,NA(),'Daily Tracker'!CI37) -> 63 | E84: =B84-C84 -> 5 | F84: 180
A85: ='Daily Tracker'!CJ2 -> 46257 | B85: 238 | C85: =IF('Daily Tracker'!CJ33=0,NA(),'Daily Tracker'!CJ33) -> 69 | D85: =IF('Daily Tracker'!CJ37=0,NA(),'Daily Tracker'!CJ37) -> 72.5 | E85: =B85-C85 -> 169 | F85: 180
A86: ='Daily Tracker'!CK2 -> 46258 | B86: 238 | C86: =IF('Daily Tracker'!CK33=0,NA(),'Daily Tracker'!CK33) -> 213 | D86: =IF('Daily Tracker'!CK37=0,NA(),'Daily Tracker'!CK37) -> 40 | E86: =B86-C86 -> 25 | F86: 180
A87: ='Daily Tracker'!CL2 -> 46259 | B87: 238 | C87: =IF('Daily Tracker'!CL33=0,NA(),'Daily Tracker'!CL33) -> 230 | D87: =IF('Daily Tracker'!CL37=0,NA(),'Daily Tracker'!CL37) -> 61 | E87: =B87-C87 -> 8 | F87: 180
A88: ='Daily Tracker'!CM2 -> 46260 | B88: 238 | C88: =IF('Daily Tracker'!CM33=0,NA(),'Daily Tracker'!CM33) -> 221 | D88: =IF('Daily Tracker'!CM37=0,NA(),'Daily Tracker'!CM37) -> 65 | E88: =B88-C88 -> 17 | F88: 180
A89: ='Daily Tracker'!CN2 -> 46261 | B89: 238 | C89: =IF('Daily Tracker'!CN33=0,NA(),'Daily Tracker'!CN33) -> 224 | D89: =IF('Daily Tracker'!CN37=0,NA(),'Daily Tracker'!CN37) -> 86 | E89: =B89-C89 -> 14 | F89: 180
A90: ='Daily Tracker'!CO2 -> 46262 | B90: 238 | C90: =IF('Daily Tracker'!CO33=0,NA(),'Daily Tracker'!CO33) -> 191 | D90: =IF('Daily Tracker'!CO37=0,NA(),'Daily Tracker'!CO37) -> 45 | E90: =B90-C90 -> 47 | F90: 180
A91: ='Daily Tracker'!CP2 -> 46263 | B91: 238 | C91: =IF('Daily Tracker'!CP33=0,NA(),'Daily Tracker'!CP33) -> 189 | D91: =IF('Daily Tracker'!CP37=0,NA(),'Daily Tracker'!CP37) -> 51.5 | E91: =B91-C91 -> 49 | F91: 180
A92: ='Daily Tracker'!CQ2 -> 46264 | B92: 238 | C92: =IF('Daily Tracker'!CQ33=0,NA(),'Daily Tracker'!CQ33) -> 50 | D92: =IF('Daily Tracker'!CQ37=0,NA(),'Daily Tracker'!CQ37) -> 48 | E92: =B92-C92 -> 188 | F92: 180
A93: ='Daily Tracker'!CR2 -> 46265 | B93: 238 | C93: =IF('Daily Tracker'!CR33=0,NA(),'Daily Tracker'!CR33) -> 199 | D93: =IF('Daily Tracker'!CR37=0,NA(),'Daily Tracker'!CR37) -> 27 | E93: =B93-C93 -> 39 | F93: 180
A94: ='Daily Tracker'!CS2 -> 46266 | B94: 238 | C94: =IF('Daily Tracker'!CS33=0,NA(),'Daily Tracker'!CS33) -> 223 | D94: =IF('Daily Tracker'!CS37=0,NA(),'Daily Tracker'!CS37) -> 60 | E94: =B94-C94 -> 15 | F94: 180
A95: ='Daily Tracker'!CT2 -> 46267 | B95: 238 | C95: =IF('Daily Tracker'!CT33=0,NA(),'Daily Tracker'!CT33) -> 227 | D95: =IF('Daily Tracker'!CT37=0,NA(),'Daily Tracker'!CT37) -> 36 | E95: =B95-C95 -> 11 | F95: 180
A96: ='Daily Tracker'!CU2 -> 46268 | B96: 238 | C96: =IF('Daily Tracker'!CU33=0,NA(),'Daily Tracker'!CU33) -> 222 | D96: =IF('Daily Tracker'!CU37=0,NA(),'Daily Tracker'!CU37) -> 34 | E96: =B96-C96 -> 16 | F96: 180
A97: ='Daily Tracker'!CV2 -> 46269 | B97: 238 | C97: =IF('Daily Tracker'!CV33=0,NA(),'Daily Tracker'!CV33) -> 227 | D97: =IF('Daily Tracker'!CV37=0,NA(),'Daily Tracker'!CV37) -> 41 | E97: =B97-C97 -> 11 | F97: 180
A98: ='Daily Tracker'!CW2 -> 46270 | B98: 238 | C98: =IF('Daily Tracker'!CW33=0,NA(),'Daily Tracker'!CW33) -> 209 | D98: =IF('Daily Tracker'!CW37=0,NA(),'Daily Tracker'!CW37) -> 48 | E98: =B98-C98 -> 29 | F98: 180
A99: ='Daily Tracker'!CX2 -> 46271 | B99: 238 | C99: =IF('Daily Tracker'!CX33=0,NA(),'Daily Tracker'!CX33) -> 75 | D99: =IF('Daily Tracker'!CX37=0,NA(),'Daily Tracker'!CX37) -> 41 | E99: =B99-C99 -> 163 | F99: 180
A100: ='Daily Tracker'!CY2 -> 46272 | B100: 238 | C100: =IF('Daily Tracker'!CY33=0,NA(),'Daily Tracker'!CY33) -> 196 | D100: =IF('Daily Tracker'!CY37=0,NA(),'Daily Tracker'!CY37) -> 43 | E100: =B100-C100 -> 42 | F100: 180
...

Sheet Stickered MP
A1: Section | B1: Plan (MP) | C1: 46235 | D1: =C1+1 -> 46236 | E1: =D1+1 -> 46237 | F1: =E1+1 -> 46238 | G1: =F1+1 -> 46239 | H1: =G1+1 -> 46240 | I1: =H1+1 -> 46241 | J1: =I1+1 -> 46242 | K1: =J1+1 -> 46243 | ... CP1: =CO1+1 -> 46326
A2: Factory | B2: 15 | G2: 8 | H2: 0 | I2: 14 | J2: 13 | K2: 0 | L2: 12 | M2: 13 | N2: 13 | O2: 13 | P2: 11 | Q2: 0 | R2: 14 | S2: 13 | T2: 11 | U2: 8 | V2: 0
A3: RM/PM & FG WH | B3: 25 | C3: 42 | D3: 0 | E3: 40 | F3: 39 | G3: 26 | H3: 24 | I3: 26 | J3: 25 | K3: 0 | L3: 26 | M3: 25 | N3: 25 | O3: 27 | P3: 24 | Q3: 0 | R3: 23 | S3: 23 | T3: 27 | U3: 21 | V3: 21 | W3: 21 | X3: 21 | Y3: 0 | Z3: 21 | AA3: 21 | AB3: 21 | AC3: 21 | AD3: 21 | AE3: 21 | AF3: 0 | AG3: 21 | AH3: 21 | AI3: 21 | AJ3: 21 | AK3: 20 | AL3: 21 | AM3: 21 | AN3: 21 | AO3: 21 | AP3: 20 | AQ3: 20 | AR3: 0 | AS3: 7 | AT3: 0 | AU3: 0 | AV3: 8 | AW3: 0 | AX3: 10 | AY3: 10 | AZ3: 10 | BA3: 0 | BB3: 10 | BC3: 10 | BD3: 8
A4: Total | B4: =B2+B3 -> 40 | C4: =C2+C3 -> 42 | D4: =D2+D3 -> 0 | E4: =E2+E3 -> 40 | F4: =F2+F3 -> 39 | G4: =G2+G3 -> 34 | H4: =H2+H3 -> 24 | I4: =I2+I3 -> 40 | ... CP4: =CP2+CP3 -> 0

Sheet HardCopyFormat
A1: Date: | B1: Section | C1: Standard | D1: Male | E1: Female | F1: Total Present | G1: Total Absent | M1: Section | N1: Standard | O1: Male | P1: Female | Q1: Remark | R1: Total Absent
A2: Production | B2: C6 - Oil | C2: 14 | M2: C6 Atta grinding 1 | N2: 4 | O2: 4 | P2: 0
B3: C6 - Ghee | C3: 24 | M3: C6 Atta grinding 2 | N3: 4 | O3: 4 | P3: 0
B4: C39 - MG batch Making | C4: 7 | M4: KPA Atta Blending | N4: 3 | O4: 3 | P4: 0
B5: Supply/ Dispatch (Common) | C5: 11 | M5: Atta Packing | N5: 15 | O5: 5 | P5: 10
B6: Printer (Common) | C6: 6 | M6: Millet | N6: 16 | O6: 2 | P6: 14
B7: C6 - Raw Agri (Millets) | C7: 16 | M7: Oil Extraction | N7: 9 | O7: 9 | P7: 0
B8: C39 - Honey / all Spices | C8: 22 | M8: Oil Packing | N8: 9 | O8: 3 | P8: 6
B9: C39 - Jaggery | C9: 9 | M9: KPA Batch Preperation | N9: 7 | O9: 7 | P9: 0 | Q9: Night
B10: C39 - Atta | C10: 22 | M10: Printer & Store | N10: 4 | O10: 1 | P10: 3
B11: C6 - Atta - 1 | C11: 14 | M11: Total | N11: =SUM(N2:N10) -> 71 | O11: =SUM(O2:O10) -> 38 | P11: =SUM(P2:P10) -> 33
B12: C6 Atta - 2 | C12: 11
B13: Sub Total | C13: =SUM(C2:C12) -> 156
B14: Total B Shift Ghee MP | C14: 14
B15: Total Ghee Night MP | C15: 5
B16: Total C6 Night MP | C16: 7
B17: Total C39 NIght MP | C17: 21
B18: Sub Total | C18: =SUM(C14:C17) -> 47
A19: Support Team | B19: Supervisors + Executive+AM +HR | C19: 21
B20: C39-HK | C20: 5
B21: C6-HK | C21: 9
B22: Maintenance-C6&C39 | C22: 6
B23: Admin | C23: 4
B24: Lab | C24: 1
B25: Project | C25: 2
B26: Accounts | C26: 2
B27: IT | C27: 2
B28: QA | C28: 9
B29: FRM | C29: 2
B30: Sub Total | C30: =SUM(C19:C29) -> 63
A31: Total MP | C31: =SUM(C30,C18) -> 110
A32: OT in Hrs | B32: Total Ghee OT
B33: Total C6 OT
B34: Total C39 OT
B35: Total Maintenance OT
B36: Total OT
